a_over_b,b_over_a,N,A,B,c_over_D,c_over_nuD,Keff_over_freePoisson,midheight_side_u_over_freePoisson
0.75,1.3333333333333333,1,51.00790123456789,0.72,0.014115460204664495,0.0784192233592472,1.0324206898536308,0.06356422824857431
0.75,1.3333333333333333,3,51.37899574929295,0.7999999999999999,0.015570565137233325,0.08650313965129626,1.0321805472594587,0.0779075599844247
0.75,1.3333333333333333,5,51.49813609497196,0.8288,0.016093786355132183,0.08940992419517879,1.0320881814169747,0.08342442351453325
1.0,1.0,1,17.560000000000002,0.72,0.04100227790432801,0.2277904328018223,1.0303935846247467,0.18463997019104833
1.0,1.0,3,17.897503429355282,0.7999999999999999,0.044698971739703594,0.24832762077613107,1.029740427677336,0.22365198638331726
1.0,1.0,5,18.016223429355282,0.8288,0.04600298188185042,0.25557212156583564,1.0294924552856068,0.23846297936091673
1.25,0.8,1,8.632000000000001,0.72,0.08341056533827616,0.4633920296570898,1.027196253420822,0.375611431482253
1.25,0.8,3,8.962945404663923,0.7999999999999999,0.08925637319889454,0.49586873999385855,1.0260078037369704,0.44659562371033235
1.25,0.8,5,9.081890275063925,0.8288,0.09125853483119364,0.506991860173298,1.0255648664851935,0.47305155487201406
1.5,0.6666666666666666,1,5.520493827160493,0.72,0.13042311476876287,0.7245728598264604,1.0236517884031233,0.5873166383418453
1.5,0.6666666666666666,3,5.850261308404883,0.7999999999999999,0.13674602856639337,0.7597001587021854,1.0220295415686351,0.6842108381597981
1.5,0.6666666666666666,5,5.969439580009822,0.8288,0.1388405040190785,0.771336133439325,1.0214353752492091,0.7196994388188351
