source_or_method,element_mesh,critical_load,error_vs_exact_pct,status
NZSCCM_exact_moments,finite_thickness_shell,90.38099268396850,0.000000000000,EXACT_ZERO_QUADRATURE
classical_closed_form,SSSS_square_plate,90.38099268396849,0.000000000000,REFERENCE
Abaqus_FE,S8R5_2x2,90.52,0.153801492884,PUBLISHED_FE
Abaqus_FE,S8R_2x2,95.32,5.464652654681,PUBLISHED_FE
Abaqus_FE,S9R5_2x2,90.52,0.153801492884,PUBLISHED_FE
Abaqus_FE,STRI65_2x2,89.64,-0.819854553445,PUBLISHED_FE
Abaqus_FE,STRI3_4x4,90.47,0.098480126615,PUBLISHED_FE
Abaqus_FE,S3R_4x4,115.92,28.257055557392,PUBLISHED_FE
Abaqus_FE,S4R_4x4,92.80,2.676455794738,PUBLISHED_FE
Abaqus_FE,S4R5_4x4,92.76,2.632198701723,PUBLISHED_FE
Abaqus_FE,S4_4x4,92.35,2.178563498319,PUBLISHED_FE
