check,value,status,meaning
p20_u_y0,0,PASS,loaded-edge transverse displacement condition
p20_u_ya,0,PASS,loaded-edge transverse displacement condition
p20_v_y0,0,PASS,warping axial displacement does not alter imposed end shortening
p20_v_ya,0,PASS,warping axial displacement does not alter imposed end shortening
p02_v_y0,0,PASS,warping axial displacement does not alter imposed end shortening
p02_v_ya,0,PASS,warping axial displacement does not alter imposed end shortening
p20_gamma_xy,0,PASS,linear shear cancels identically
p02_gamma_xy,0,PASS,no linear shear
D_plus_c_exact_cos2X_span,false,FAIL_CURRENT_SPACE,current in-plane space cannot exactly represent FvK X-second-harmonic redistribution
D_plus_c_exact_pure_cos2Y_span,false,FAIL_CURRENT_SPACE,current in-plane space cannot exactly represent independent pure Y-second-harmonic redistribution
rank_D_c_p20_p02,4,PASS_MINIMUM_AUGMENTATION,generic k nonzero
p20_D15_polynomial,true,PASS,"ex=y^2-2x^2y^2; ey=(k^2/2)(1-2x^2)(1-2y^2)"
p02_D15_polynomial,true,PASS,"ey=1-2y^2"
formal_spatial_sampling,0,PASS,unchanged
formal_spatial_quadrature,0,PASS,unchanged
new_Pu,false,PASS_BOUNDARY,no capacity solve executed
