D,q,degree,Psh_MN,Rq_sh_Nmm,classification
0.80,0.00810,10,25.4701,7.582e8,LOCATOR_STABLE
0.80,0.00810,16,25.2803,6.130e8,LOCATOR_STABLE
0.80,0.00810,20,25.1672,5.372e8,LOCATOR_STABLE_EDGE
0.80,0.00810,24,25.2695,-1.0490e9,COEFFICIENT_COMPOSITION_BREAKDOWN
0.80,0.00820,10,25.3478,8.880e8,LOCATOR_STABLE
0.80,0.00820,16,25.1497,7.371e8,LOCATOR_STABLE
0.80,0.00820,20,25.0359,6.646e8,LOCATOR_STABLE_EDGE
0.80,0.00820,24,24.7771,-1.5088e9,COEFFICIENT_COMPOSITION_BREAKDOWN
0.80,0.00830,10,25.2238,1.0210e9,LOCATOR_STABLE
0.80,0.00830,16,25.0175,8.645e8,LOCATOR_STABLE
0.80,0.00830,20,24.9031,7.993e8,LOCATOR_STABLE_EDGE
0.80,0.00830,24,24.6021,-1.2885e10,COEFFICIENT_COMPOSITION_BREAKDOWN
0.80,0.00840,10,25.0983,1.1573e9,LOCATOR_STABLE
0.80,0.00840,16,24.8837,9.953e8,LOCATOR_STABLE
0.80,0.00840,20,24.7668,9.304e8,LOCATOR_STABLE_EDGE
0.80,0.00840,24,24.5059,2.32097e10,COEFFICIENT_COMPOSITION_BREAKDOWN
0.80,0.00845,10,25.0350,1.2266e9,LOCATOR_STABLE
0.80,0.00845,16,24.8163,1.0620e9,LOCATOR_STABLE
0.80,0.00845,20,24.6993,9.891e8,LOCATOR_STABLE_EDGE
0.80,0.00845,24,27.9262,2.29018e10,COEFFICIENT_COMPOSITION_BREAKDOWN
0.80,0.00900,8,24.4037,2.1129e9,LOCATOR_STABLE
0.80,0.00900,10,24.3119,2.0458e9,LOCATOR_STABLE
0.80,0.00900,12,24.1758,1.9490e9,LOCATOR_STABLE
0.80,0.00900,14,24.0901,1.8848e9,LOCATOR_STABLE
0.80,0.00900,16,24.0507,1.8560e9,LOCATOR_STABLE
0.80,0.00900,18,23.9975,1.8221e9,LOCATOR_STABLE_EDGE
0.80,0.00900,20,23.8492,2.588e8,CONDITIONING_ONSET
0.80,0.00900,22,20.6016,7.3113e10,COEFFICIENT_COMPOSITION_BREAKDOWN
0.80,0.00900,24,-159.8070,2.05024e11,CATASTROPHIC_REJECTED
