case,frame_index,frame_id,time_s,P_load_signed_N,P_load_abs_N,P_over_Pu,U3_load_mean_mm,P_fix_signed_N,P_end_balance_signed_N,state_marker
BH050,500,3948726,5.0,4958182.91796875,4958182.91796875,0.42631970160119886,25.003643035888672,-4958480.045410156,-297.12744140625,
BH032,0,0,0.0,0.0,0.0,0.0,0.0,0.0,0.0,
BH032,1,6961,0.010000421665608883,0.3938682141907309,0.3938682141907309,3.758334647400553e-08,1.276229004428207e-06,-10.71019740085772,-10.316329186666989,
BH032,2,13920,0.020000053569674492,25.346186718766702,25.346186718766702,2.418561546540417e-06,1.0176816836959643e-05,-9.282187850051796,16.063998868714904,
BH032,3,20900,0.030000530183315277,62.42385172774587,62.42385172774587,5.956553901020615e-06,3.424478649399668e-05,-62.67714737961572,-0.25329565186984837,
BH032,4,27857,0.04000133275985718,158.31246648039485,158.31246648039485,1.510635299959955e-05,8.092787107636372e-05,-172.7540279676255,-14.441561487230643,
BH032,5,34803,0.050001367926597595,287.49201526574103,287.49201526574103,2.7432810338460434e-05,0.00015757884696150369,-293.283633275518,-5.7916180097769825,
BH032,6,41769,0.060000497847795486,507.47301659723615,507.47301659723615,4.8423644056097395e-05,0.00027145984226913415,-497.2151663649013,10.257850232334874,
BH032,7,48748,0.07000116258859634,722.8564893053326,722.8564893053326,6.89757764392477e-05,0.00042979180191150953,-801.4781453904799,-78.62165608514727,
BH032,8,55722,0.08000095188617706,1334.8885598996744,1334.8885598996744,0.00012737656262508428,0.0006396274472125314,-1267.6257250839267,67.26283481574774,
BH032,9,62688,0.09000129997730255,1646.2825567807272,1646.2825567807272,0.00015709012684034414,0.0009079986478630172,-1734.350453271135,-88.06789649040775,
BH032,10,69653,0.10000055283308029,2156.8518523486455,2156.8518523486455,0.000205809221306357,0.001241755553994705,-2572.0100435949375,-415.15819124629206,
BH032,11,76622,0.11000023037195206,3161.2340991222404,3161.2340991222404,0.0003016485010776173,0.001647753426217594,-2977.5330750542394,183.70102406800106,
BH032,12,83592,0.12000053375959396,3987.401481882348,3987.401481882348,0.00038048231876862653,0.0021327475368046727,-3995.6674843579453,-8.266002475597361,
BH032,13,90559,0.13000008463859558,4825.131217280165,4825.131217280165,0.0004604194291082455,0.002703219028167684,-4949.600404858638,-124.46918757847288,
BH032,14,97521,0.1400003582239151,5991.487337864347,5991.487337864347,0.0005717144374705219,0.0033657531008631524,-6549.434156476511,-557.946818612164,
BH032,15,104479,0.1500009447336197,7694.040778784657,7694.040778784657,0.000734173995147934,0.00412688864410601,-7311.14566459074,382.8951141939169,
BH032,16,111429,0.16000066697597504,9055.233417858804,9055.233417858804,0.0008640605224913571,0.004992877802628648,-9189.571636533361,-134.33821867455663,
BH032,17,118416,0.17000094056129456,11050.743817897823,11050.743817897823,0.0010544743615751833,0.0059705046620227315,-11013.320956364521,37.42286153330133,
BH032,18,125403,0.18000084161758423,12912.830015123065,12912.830015123065,0.001232156713675041,0.007065605569333172,-13105.540341997152,-192.7103268740866,
BH032,19,132391,0.19000083208084106,15211.771795641494,15211.771795641494,0.001451524315192007,0.008284352069050272,-15261.290182410792,-49.51838676929765,
BH032,20,139381,0.20000018179416656,17477.457314114166,17477.457314114166,0.001667718566908548,0.009632705045771744,-17673.282242864178,-195.82492875001117,
BH032,21,146372,0.2100008875131607,20414.98827557729,20414.98827557729,0.0019480210638481074,0.01111687496651099,-20485.833468093537,-70.84519251624806,
BH032,22,153362,0.2200004607439041,23366.112039840715,23366.112039840715,0.0022296206012666665,0.012742363979672924,-23145.34139220977,220.77064763094313,
BH032,23,160352,0.23000040650367737,26369.634264807442,26369.634264807442,0.0025162200585375116,0.014515173932963355,-26320.517169879386,49.11709492805676,
BH032,24,167341,0.24000026285648346,30186.829138199788,30186.829138199788,0.002880461071944169,0.016440906225982016,-30141.232642485476,45.59649571431146,
BH032,25,174331,0.25000056624412537,34001.05316341601,34001.05316341601,0.0032444186036879193,0.018525327704299002,-34172.173321280236,-171.12015786422853,
BH032,26,181321,0.26000019907951355,38025.988734721126,38025.988734721126,0.003628482467340183,0.02077377008065926,-38084.042242443604,-58.05350772247766,
BH032,27,188310,0.27000001072883606,42702.061791144246,42702.061791144246,0.0040746785996643034,0.02319186944787622,-42498.85833586105,203.2034552831974,
BH032,28,195299,0.28000035881996155,47212.7243517762,47212.7243517762,0.004505091077076006,0.025785075194609892,-47083.75363989176,128.97071188444534,
BH032,29,202288,0.2900010645389557,52552.00095708407,52552.00095708407,0.00501457083540112,0.02855863370193154,-52334.70517716728,217.29577991679253,
BH032,30,209273,0.30000004172325134,57820.097508991275,57820.097508991275,0.005517258513247,0.03151721189060822,-57931.121735554196,-111.02422656292038,
BH032,31,216257,0.3100012242794037,63695.78703964238,63695.78703964238,0.006077923394158693,0.034667385311133524,-63604.19552308891,91.59151655347523,
BH032,32,223237,0.32000085711479187,69665.50969112174,69665.50969112174,0.006647561020858928,0.0380128463390736,-69801.08179965017,-135.57210852843127,
BH032,33,230218,0.33000126481056213,76069.9563859386,76069.9563859386,0.007258680503044515,0.041559318022490105,-76033.00653003734,36.94985590125725,
BH032,34,237202,0.34000054001808167,82975.0391979501,82975.0391979501,0.007917571244681915,0.04531035573006768,-83009.25147824644,-34.212280296342215,
BH032,35,244184,0.35000112652778625,90375.123956562,90375.123956562,0.008623695626897838,0.04927232723958809,-90422.00352980063,-46.87957323862065,
BH032,36,251168,0.36000093817710876,98248.2349539506,98248.2349539506,0.009374956703019787,0.0534488253132557,-98139.49786073633,108.73709321426577,
BH032,37,258142,0.3700006902217865,106278.65289467912,106278.65289467912,0.01014122818399621,0.057845950229156416,-106369.92498225372,-91.27208757460176,
BH032,38,265113,0.38000115752220154,114607.69190605498,114607.69190605498,0.010935994422249852,0.06246811036982055,-114376.47811876926,231.21378728572745,
BH032,39,272075,0.3900003135204315,123418.70437512155,123418.70437512155,0.011776751108066986,0.06731905222150064,-123415.51088605098,3.1934890705742873,
BH032,40,279033,0.4000013768672943,132692.08126271327,132692.08126271327,0.012661627124951206,0.07240490456060043,-133014.0104821618,-321.9292194485315,
BH032,41,285984,0.41000112891197205,142620.89735719026,142620.89735719026,0.013609045885619992,0.07772871048937088,-142374.0368233746,246.86053381566308,
BH032,42,292892,0.42000070214271545,152660.98769395708,152660.98769395708,0.014567082559212281,0.08329965298892412,-152988.4191243156,-327.431430358527,
BH032,43,299788,0.43000081181526184,163593.00522922553,163593.00522922553,0.01561022792582198,0.08911916723744817,-163508.82280890032,84.18242032520357,
BH032,44,306689,0.4400002658367157,174915.25712678756,174915.25712678756,0.016690609892684578,0.09518771365940022,-174570.63992564956,344.61720113799674,
BH032,45,313563,0.45000115036964417,186350.7436081827,186350.7436081827,0.017781796830458024,0.10151602352180329,-186244.26632369147,106.47728449123679,
BH032,46,320418,0.4600003659725189,198364.60490227147,198364.60490227147,0.018928172941142938,0.10810473295907086,-198540.28667338917,-175.6817711176991,
BH032,47,327258,0.4700005352497101,211007.02890669295,211007.02890669295,0.02013452721018626,0.11495938571522502,-210952.30330813356,54.72559855939471,
BH032,48,334079,0.4800002872943878,224191.17367888696,224191.17367888696,0.021392573082090173,0.12208343849547156,-224089.26854028503,101.90513860192732,
BH032,49,340850,0.49000003933906555,237620.28378037055,237620.28378037055,0.022673993820289725,0.12948729048907345,-237662.1256898149,-41.841909444337944,
BH032,50,347596,0.5000011324882507,251470.00827266803,251470.00827266803,0.023995550055115708,0.13716960151448035,-251919.84343576228,-449.83516309424886,
BH032,51,354333,0.5100001692771912,266563.76331320184,266563.76331320184,0.025435813079253643,0.14513185562750502,-266354.34661281086,209.41670039098244,
BH032,52,361070,0.5200014114379883,281546.11768606515,281546.11768606515,0.026865446126816548,0.15337714675554298,-281368.7987502182,177.3189358469681,
BH032,53,367794,0.5300014019012451,296897.75486539124,296897.75486539124,0.028330316553690955,0.1619081513964632,-296956.0400018416,-58.2851364503731,
BH032,54,374512,0.5400002598762512,313497.64676721115,313497.64676721115,0.029914296845319724,0.1707288621764463,-313451.8035067811,45.84326043003239,
BH032,55,381225,0.5500006675720215,329965.3385311398,329965.3385311398,0.03148566245161145,0.17984425800265103,-329894.0821896535,71.25634148629615,
BH032,56,387940,0.5600007176399231,347283.40313938644,347283.40313938644,0.03313817158786727,0.18925383464947212,-347357.698271051,-74.29513166454853,
BH032,57,394652,0.5700010061264038,364782.3897061697,364782.3897061697,0.034807944500197044,0.198962476069161,-365255.0194346879,-472.6297285181936,
BH032,58,401363,0.580001175403595,383532.59782710305,383532.59782710305,0.03659711037568326,0.20897250907475093,-383682.6177507758,-150.01992367277853,
BH032,59,408074,0.590001106262207,402426.09718599916,402426.09718599916,0.03839994926170704,0.2192864975524412,-402551.5869412618,-125.48975526262075,
BH032,60,414785,0.6000012755393982,421741.3636988277,421741.3636988277,0.04024303364230612,0.22990802946767444,-421610.1057567101,131.25794211757602,
BH032,61,421496,0.6100014448165894,442319.4923628128,442319.4923628128,0.042206621744875626,0.24084090238148675,-441670.63002920715,648.862333605648,
BH032,62,428206,0.6200001239776611,462955.7230131119,462955.7230131119,0.04417575400410412,0.2520868228164806,-462753.6372957577,202.08571735420264,
BH032,63,434917,0.6300002932548523,484107.9649756691,484107.9649756691,0.046194124641131,0.26364720254296975,-483845.5545192933,262.410456375801,
BH032,64,441628,0.6400004625320435,505515.9245923997,505515.9245923997,0.048236896143345906,0.27552476834223527,-505831.60054844717,-315.6759560474893,
BH032,65,448339,0.6500006318092346,527818.791351353,527818.791351353,0.05036506068814824,0.2877252720606685,-527860.6003779365,-41.80902658344712,
BH032,66,455050,0.6600008010864258,551265.4454300387,551265.4454300387,0.05260236670103883,0.30025124689468263,-551000.778198458,264.6672315807082,
BH032,67,461761,0.6700009703636169,574819.6402813711,574819.6402813711,0.054849934374994816,0.3131011729262903,-574598.6707942063,220.96948716475163,
BH032,68,468472,0.6800011396408081,598940.8790164118,598940.8790164118,0.05715161001191798,0.3262769575154835,-598589.4713062532,351.4077101586154,
BH032,69,475183,0.6900013089179993,623591.1775086623,623591.1775086623,0.059503769123882465,0.33978783938134705,-623527.1174189781,64.06008968420792,
BH032,70,481893,0.699999988079071,649002.7304695388,649002.7304695388,0.061928567990512204,0.35362851353815816,-649135.3417598796,-132.6112903407775,
BH032,71,488604,0.7100001573562622,675096.7323593594,675096.7323593594,0.0644184868988798,0.3678026459891989,-675204.837834588,-108.10547522862907,
BH032,72,495315,0.7200003266334534,701625.8372604107,701625.8372604107,0.0669499238242739,0.38231950509597723,-701768.4358816111,-142.5986212004209,
BH032,73,502026,0.7300004959106445,728814.2999170154,728814.2999170154,0.06954427740575868,0.39717262375935597,-729123.6357863317,-309.3358693163609,
BH032,74,508737,0.7400006651878357,756787.9040193384,756787.9040193384,0.07221355006403711,0.41236656173075686,-756721.5594735566,66.34454578184523,
BH032,75,515448,0.7500008344650269,785382.7722872399,785382.7722872399,0.07494210444535275,0.4279061626767395,-785259.0966134546,123.67567378527019,
BH032,76,522159,0.760001003742218,814520.5956401603,814520.5956401603,0.07772246820946414,0.4437865079589536,-814637.6049292415,-117.00928908120841,
BH032,77,528870,0.7700011730194092,844363.0399646705,844363.0399646705,0.0805700676964747,0.46001911663792494,-844511.4143578563,-148.37439318571705,
BH032,78,535581,0.7800013422966003,874842.8694481112,874842.8694481112,0.0834784871897777,0.47659424336178474,-874598.6668591928,244.20258891838603,
BH032,79,542291,0.7900000214576721,905943.1003140737,905943.1003140737,0.08644610607839158,0.49352330221225643,-905907.0055759125,36.094738161191344,
BH032,80,549002,0.8000001907348633,937575.9125468315,937575.9125468315,0.0894645444779807,0.5107990516272257,-937460.2465201129,115.66602671868168,
BH032,81,555713,0.8100003600120544,970107.4326566269,970107.4326566269,0.09256873859053341,0.5284367799975728,-969840.8017979153,266.6308587116655,
BH032,82,562424,0.8200005292892456,1002825.6773620759,1002825.6773620759,0.0956907501732978,0.5464235531420751,-1003109.3291784337,-283.6518163578585,
BH032,83,569135,0.8300006985664368,1036770.2856612517,1036770.2856612517,0.09892978274477245,0.5647611591754318,-1036488.659765724,281.62589552777354,
BH032,84,575846,0.8400008678436279,1070845.9672615146,1070845.9672615146,0.10218132247755324,0.583462353488452,-1071101.7020089228,-255.73474740819074,
BH032,85,582557,0.8500010371208191,1106019.467412147,1106019.467412147,0.10553761728692455,0.6025299971041675,-1105857.5446808336,161.9227313133888,
BH032,86,589268,0.8600012063980103,1141753.1160352444,1141753.1160352444,0.10894736209139333,0.6219530035630535,-1141691.6990068555,61.4170283889398,
BH032,87,595979,0.8700013756752014,1178015.3280675889,1178015.3280675889,0.11240754300882448,0.641733041792051,-1177910.4701762197,104.85789136914536,
BH032,88,602689,0.8800000548362732,1214682.9772679773,1214682.9772679773,0.11590641119527365,0.6618684629420868,-1214964.0806588873,-281.1033909099642,
BH032,89,609400,0.8900002241134644,1252488.7657713948,1252488.7657713948,0.11951388190972652,0.6823727574400221,-1252511.9903291725,-23.22455777763389,
BH032,90,616111,0.9000003933906555,1290830.320891509,1290830.320891509,0.1231724760752705,0.7032514882579631,-1290728.1080000512,102.21289145783521,
BH032,91,622822,0.9100005626678467,1329980.7038677689,1329980.7038677689,0.12690824950144053,0.7244918404038148,-1329876.0349172368,104.66895053209737,
BH032,92,629533,0.9200007319450378,1369370.4170617003,1369370.4170617003,0.13066686008523937,0.7460950655748105,-1369246.1836353266,124.23342637368478,
BH032,93,636244,0.930000901222229,1409894.8028455004,1409894.8028455004,0.13453374239938645,0.7680622366542954,-1409626.9386252358,267.8642202646006,
BH032,94,642955,0.9400010704994202,1450754.7608682767,1450754.7608682767,0.1384326453927102,0.7903941881073977,-1450794.110486176,-39.349617899395525,
BH032,95,649666,0.9500012397766113,1492388.0303199757,1492388.0303199757,0.14240533862936502,0.813097416847428,-1492598.0693786629,-210.03905868716538,
BH032,96,656377,0.9600014090538025,1534919.3680460758,1534919.3680460758,0.14646372654738296,0.8361782409763828,-1534804.0731549833,115.2948910924606,
BH032,97,663087,0.9700000882148743,1577877.8956506622,1577877.8956506622,0.15056287740243132,0.8596224742994643,-1577844.2032532808,33.692397381411865,
BH032,98,669798,0.9800002574920654,1621607.631611179,1621607.631611179,0.15473561782322856,0.883437627541821,-1621610.0827739898,-2.451162810670212,
BH032,99,676509,0.9900004267692566,1666068.0032143625,1666068.0032143625,0.1589780763159982,0.9076207798077205,-1666059.044233674,8.958980688592419,
BH032,100,683220,1.0000005960464478,1711095.1433313992,1711095.1433313992,0.16327461649563477,0.9321727655619634,-1711103.507582363,-8.364250963786617,
BH032,101,689673,1.0100009441375732,1755171.5808998279,1755171.5808998279,0.16748043957246714,0.9561356406724968,-1755055.4618680621,116.11903176573105,
BH032,102,696126,1.0200012922286987,1799643.225936669,1799643.225936669,0.17172397378891247,0.9804620797847841,-1799790.2151970791,-146.9892604101915,
BH032,103,702578,1.03000009059906,1845029.0847833946,1845029.0847833946,0.1760547433118138,1.0051596179696545,-1845187.7283468652,-158.64356347057037,
BH032,104,709031,1.0400004386901855,1890971.7234747636,1890971.7234747636,0.1804386413915701,1.0301883187890795,-1891276.9881039972,-305.2646292336285,
BH032,105,715484,1.050000786781311,1937619.178345533,1937619.178345533,0.1848897938211736,1.0555738128972938,-1937574.1149817265,45.0633638065774,
BH032,106,721937,1.0600011348724365,1985043.6170110246,1985043.6170110246,0.189415086915369,1.0813429482908463,-1984757.4707058093,286.14630521531217,
BH032,107,728390,1.070001482963562,2032785.4535651472,2032785.4535651472,0.19397066647186006,1.1074678296319782,-2032866.936911601,-81.48334645386785,
BH032,108,734842,1.0800002813339233,2081473.362994938,2081473.362994938,0.19861652136257413,1.1339441573653022,-2081384.7458240818,88.61717085610144,
BH032,109,741295,1.0900006294250488,2130575.5333097754,2130575.5333097754,0.20330190549127286,1.1607801898786216,-2130611.6944354144,-36.16112563898787,
BH032,110,747748,1.1000009775161743,2180583.827422994,2180583.827422994,0.20807375296846212,1.1879718236143495,-2180536.4934593574,47.33396363677457,
BH032,111,754201,1.1100013256072998,2231247.9836049047,2231247.9836049047,0.21290818353938348,1.215518462478866,-2231173.5353746274,74.44823027728125,
BH032,112,760653,1.1200001239776611,2282160.6504468117,2282160.6504468117,0.21776632727603037,1.2434158437585352,-2282099.023579503,61.62686730874702,
BH032,113,767106,1.1300004720687866,2333861.1711038877,2333861.1711038877,0.22269964890680416,1.271672135549706,-2334015.297967369,-154.1268634814769,
BH032,114,773559,1.140000820159912,2386781.1688114908,2386781.1688114908,0.22774933440461712,1.3002824787956733,-2386501.966665799,279.20214569196105,
BH032,115,780012,1.1500011682510376,2439483.248595426,2439483.248595426,0.23277822592989553,1.329246515930569,-2439375.764190394,107.4844050318934,
BH032,116,786464,1.159999966621399,2493150.4096002025,2493150.4096002025,0.23789920658699937,1.3585590025083145,-2493107.901765747,42.507834455464035,
BH032,117,792917,1.1700003147125244,2547115.3130053473,2547115.3130053473,0.2430485981576775,1.3882286690085142,-2547200.0883091683,-84.77530382107943,
BH032,118,799370,1.18000066280365,2602068.6072514006,2602068.6072514006,0.2482923030902549,1.4182498540235584,-2601969.177625205,99.42962619569153,
BH032,119,805823,1.1900010108947754,2657193.403453983,2657193.403453983,0.2535523729317561,1.448635580907456,-2657312.6417102353,-119.23825625237077,
BH032,120,812276,1.2000013589859009,2713259.5138457892,2713259.5138457892,0.2589022640282859,1.4793922869964304,-2713099.371295995,160.14254979416728,
BH032,121,818728,1.2100001573562622,2769528.0632472825,2769528.0632472825,0.26427147208202834,1.5104942239542094,-2769353.934344731,174.12890255171806,
BH032,122,825181,1.2200005054473877,2826285.0542397667,2826285.0542397667,0.2696872877798637,1.541950211509885,-2826461.597048875,-176.5428091082722,
BH032,123,831634,1.2300008535385132,2883945.874025617,2883945.874025617,0.27518934783423865,1.5737543219842647,-2883715.3447213746,230.52930424222723,
BH032,124,838087,1.2400012016296387,2941910.064178398,2941910.064178398,0.2807203558290655,1.6059055381325975,-2941658.714617888,251.3495605099015,
BH032,125,844539,1.25,3000142.345703125,3000142.345703125,0.2862769454030996,1.6383976936340332,-3000190.810546875,-48.46484375,
BH032,126,850992,1.2600003480911255,3059043.230944451,3059043.230944451,0.2918973338931909,1.6712398466363365,-3058978.0942473854,65.13669706555083,
BH032,127,857445,1.270000696182251,3118431.9324057987,3118431.9324057987,0.2975642703537763,1.7044253222614791,-3118321.0691420054,110.86326379328966,
BH032,128,863898,1.2800010442733765,3177928.744668233,3177928.744668233,0.3032415228681798,1.737953200507957,-3178100.7875776924,-172.04290945921093,
BH032,129,870351,1.290001392364502,3238581.3346517794,3238581.3346517794,0.3090290609882108,1.7718217453832996,-3238614.627566355,-33.292914575431496,
BH032,130,876803,1.3000001907348633,3299218.0220703105,3299218.0220703105,0.3148150816676634,1.8060483957914906,-3299022.225219642,195.79685066873208,
BH032,131,883256,1.3100005388259888,3360349.690088948,3360349.690088948,0.3206483339507881,1.8406407792488928,-3360485.0025500767,-135.31246112892404,
BH032,132,889709,1.3200008869171143,3422075.5317525407,3422075.5317525407,0.3265382829491072,1.875570763310229,-3422105.7388161924,-30.207063651643693,
BH032,133,896162,1.3300012350082397,3484893.968643633,3484893.968643633,0.33253248860869383,1.9108365598122385,-3484785.0077756,108.96086803311482,
BH032,134,902614,1.340000033378601,3547744.998042183,3547744.998042183,0.3385298042818742,1.9464308144848221,-3547612.318484127,132.67955805594102,
BH032,135,909067,1.3500003814697266,3611322.880553323,3611322.880553323,0.34459647709376723,1.9823627525060261,-3611573.3434043764,-250.46285105356947,
BH032,136,915520,1.360000729560852,3675687.928814145,3675687.928814145,0.35073826214380716,2.018517969451124,-3675669.137810344,18.791003800928593,
BH032,137,921973,1.3700010776519775,3740422.590269435,3740422.590269435,0.35691531609915245,2.0552158269548495,-3740343.453564854,79.13670458132401,
BH032,138,928426,1.380001425743103,3805908.5287649054,3805908.5287649054,0.3631640577517572,2.0921401820361356,-3805750.8061421076,157.72262279782444,
BH032,139,934878,1.3900002241134644,3871798.5255221464,3871798.5255221464,0.36945135509659777,2.129366890199369,-3871866.1290968535,-67.60357470717281,
BH032,140,941331,1.4000005722045898,3938594.356778689,3938594.356778689,0.37582508818468646,2.1670603835352393,-3938805.5969630033,-211.2401843140833,
BH032,141,947784,1.4100009202957153,4006554.0996851916,4006554.0996851916,0.38230988302701047,2.2048084747244023,-4006538.255931421,15.843753770459443,
BH032,142,954237,1.4200012683868408,4075167.815103776,4075167.815103776,0.3888570806594569,2.2432713446561388,-4075024.4674680936,143.3476356822066,
BH032,143,960689,1.4300000667572021,4146014.7113980227,4146014.7113980227,0.39561737091416943,2.2817282551973803,-4146252.8440868016,-238.13268877891824,
BH032,144,967218,1.4400001764297485,4217441.380749163,4217441.380749163,0.4024329837638222,2.3208279470085977,-4217571.070241004,-129.68949184101075,
BH032,145,973754,1.4500014781951904,4288497.32367366,4288497.32367366,0.4092132214823077,2.360298794771109,-4288306.230642111,191.09303154889494,
BH032,146,980279,1.4600006341934204,4361569.202696222,4361569.202696222,0.4161858220828773,2.399836080545,-4361508.894252859,60.30844336282462,
BH032,147,987213,1.4700005054473877,4435067.257554379,4435067.257554379,0.4231990888593681,2.44075677916068,-4435365.571844235,-298.31428985577077,
BH032,148,994076,1.4800008535385132,4508797.421313753,4508797.421313753,0.4302345037273773,2.482028975852014,-4510003.84692734,-1206.4256135867909,
BH032,149,1000977,1.4900004863739014,4584483.220601451,4584483.220601451,0.43745652752951664,2.5234865991938,-4585215.837960765,-732.6173593141139,
BH032,150,1007950,1.5000001192092896,4660370.029155581,4660370.029155581,0.44469773186116474,2.5657179322227357,-4659345.835935124,1024.1932204570621,
BH032,151,1014917,1.510001301765442,4736459.005951421,4736459.005951421,0.45195822731304147,2.608148105507912,-4735832.35347002,626.6524814013392,
BH032,152,1021900,1.5200004577636719,4814415.470846154,4814415.470846154,0.45939692057253,2.650717248932708,-4813009.181958022,1406.2888881321996,
BH032,153,1028878,1.530001163482666,4891194.725791074,4891194.725791074,0.4667232831391056,2.694010272801291,-4891395.644871483,-200.91908040829003,
BH032,154,1035858,1.5400011539459229,4967493.456991221,4967493.456991221,0.4740037935913492,2.73731138042733,-4970886.34638227,-3392.8893910488114,
BH032,155,1042818,1.5500009059906006,5046585.718287966,5046585.718287966,0.4815508658166004,2.7809176270168128,-5046851.532041768,-265.813753801398,
BH032,156,1049799,1.5600000619888306,5126157.992107221,5126157.992107221,0.4891437413747821,2.8250498859503645,-5124998.8670422705,1159.1250649504364,
BH032,157,1056789,1.5700005292892456,5204321.748350986,5204321.748350986,0.4966022146071425,2.869216677387706,-5202836.033530448,1485.7148205386475,
BH032,158,1063780,1.5800012350082397,5282923.33576674,5282923.33576674,0.5041024661806868,2.9139783158992167,-5282714.854660471,208.48110626917332,
BH032,159,1070770,1.5900005102157593,5361254.720473127,5361254.720473127,0.5115769347088406,2.9589750776463313,-5362742.822008105,-1488.1015349775553,
BH032,160,1077761,1.6000012159347534,5441123.80347104,5441123.80347104,0.5191981321315351,3.003978234117287,-5441336.210239604,-212.40676856413484,
BH032,161,1084751,1.610000491142273,5522090.106757524,5522090.106757524,0.5269240275440087,3.0497663073441936,-5521012.993426309,1077.1133312154561,
BH032,162,1091742,1.620001196861267,5601772.607804056,5601772.607804056,0.5345274211077679,3.0956029748108875,-5600258.045441351,1514.5623627053574,
BH032,163,1098732,1.6300004720687866,5681714.481402104,5681714.481402104,0.5421555642911161,3.1415419674531364,-5679793.263087692,1921.21831441205,
BH032,164,1105651,1.6400004625320435,5761753.367832749,5761753.367832749,0.5497929645476898,3.187935840926692,-5761937.669199215,-184.30136646609753,
BH032,165,1112549,1.6500000953674316,5841435.088085543,5841435.088085543,0.5573962836072354,3.2343950056373285,-5843930.547952344,-2495.4598668003455,
BH032,166,1119540,1.660001277923584,5923620.014187008,5923620.014187008,0.5652384613746348,3.2816238305265224,-5926909.931990815,-3289.917803807184,
BH032,167,1126530,1.6700005531311035,6005472.780104062,6005472.780104062,0.5730489440449287,3.329164043043633,-6008276.763652728,-2803.9835486663505,
BH032,168,1133521,1.6800012588500977,6089148.263816315,6089148.263816315,0.5810333524902742,3.3766775076593594,-6089312.947713537,-164.68389722239226,
BH032,169,1140511,1.6900005340576172,6173049.6819877615,6173049.6819877615,0.5890393198549596,3.4244637685435957,-6172453.900834772,595.7811529897153,
BH032,170,1147502,1.7000012397766113,6255740.158309169,6255740.158309169,0.5969297377910032,3.4728002537420712,-6255383.474710078,356.68359909113497,
BH032,171,1154492,1.7100005149841309,6338455.471713952,6338455.471713952,0.6048225257093817,3.5211301093214322,-6339505.538089619,-1050.0663756672293,
BH032,172,1161483,1.720001220703125,6422781.943483322,6422781.943483322,0.6128690521648117,3.569948438295844,-6423770.646502796,-988.7030194737017,
BH032,173,1168473,1.7300004959106445,6507871.918326162,6507871.918326162,0.6209884329393015,3.6192409790628686,-6507359.918939897,511.9993862649426,
BH032,174,1175464,1.7400012016296387,6592872.255998724,6592872.255998724,0.6290992604345317,3.668535240598957,-6592100.392767589,771.8632311355323,
BH032,175,1182454,1.7500004768371582,6677616.340382344,6677616.340382344,0.6371856359537037,3.7179598651954975,-6677151.969191332,464.37119101174176,
BH032,176,1189445,1.7600011825561523,6763288.830303694,6763288.830303694,0.6453606009699099,3.7681350836216403,-6762714.1353242425,574.6949794515967,
BH032,177,1196435,1.7700004577636719,6848214.79350639,6848214.79350639,0.6534643315698612,3.818288315046706,-6848942.933840012,-728.1403336217627,
BH032,178,1203426,1.780001163482666,6933244.823079627,6933244.823079627,0.6615779922995345,3.8683910546960796,-6933578.650904657,-333.82782503031194,
BH032,179,1210416,1.7900004386901855,7019697.832425439,7019697.832425439,0.6698274353540854,3.9192356996691577,-7019170.398944506,527.4334809323773,
BH032,180,1217407,1.8000011444091797,7106567.272437469,7106567.272437469,0.6781166146895724,3.9701705204937925,-7105088.549987417,1478.722450052388,
BH032,181,1224397,1.8100004196166992,7192886.527941137,7192886.527941137,0.6863532948025849,4.021422384204803,-7191875.426360711,1011.1015804251656,
BH032,182,1231388,1.8200011253356934,7277794.979930138,7277794.979930138,0.6944553544628975,4.073163008400027,-7279571.146598913,-1776.16666877456,
BH032,183,1238378,1.830000400543213,7363518.024343766,7363518.024343766,0.7026351434454221,4.124874117803709,-7367162.55549088,-3644.531147114001,
BH032,184,1245369,1.840001106262207,7452117.8496980565,7452117.8496980565,0.7110894380898083,4.176671008777968,-7453868.225406002,-1750.3757079457864,
BH032,185,1252359,1.8500003814697266,7541672.059808726,7541672.059808726,0.7196348011973916,4.228405483229836,-7539312.977699835,2359.082108891569,
BH032,186,1259350,1.8600010871887207,7629679.174479239,7629679.174479239,0.7280325387239789,4.280210480432314,-7626791.780096502,2887.3943827366456,
BH032,187,1266340,1.8700003623962402,7715942.098547895,7715942.098547895,0.7362638436283223,4.332418454594792,-7715031.321888122,910.7766597736627,
BH032,188,1273331,1.8800010681152344,7801177.026905097,7801177.026905097,0.7443970560296269,4.385932435440703,-7803120.823242115,-1943.7963370177895,
BH032,189,1280321,1.890000343322754,7887655.069115061,7887655.069115061,0.7526488877481339,4.4394750773458025,-7891332.005991185,-3676.936876123771,
BH032,190,1287312,1.900001049041748,7978106.194458115,7978106.194458115,0.7612798355125185,4.493158812147369,-7979905.409481785,-1799.2150236703455,
BH032,191,1294302,1.9100003242492676,8067311.181893716,8067311.181893716,0.7697918754010128,4.5467534293594225,-8068365.662552731,-1054.4806590154767,
BH032,192,1301293,1.9200010299682617,8155244.222377185,8155244.222377185,0.7781825446856446,4.600495338269385,-8156746.495813264,-1502.2734360788018,
BH032,193,1308283,1.9300003051757812,8241907.266782571,8241907.266782571,0.7864520295210026,4.654335949671201,-8245228.406530046,-3321.139747475274,
BH032,194,1315274,1.9400010108947754,8328438.562800477,8328438.562800477,0.7947089427775541,4.707962994652227,-8331990.988234237,-3552.4254337595776,
BH032,195,1322264,1.950000286102295,8419102.542784294,8419102.542784294,0.8033602013703433,4.762107828015505,-8418771.700547986,330.84223630838096,
BH032,196,1329255,1.960000991821289,8507979.89819577,8507979.89819577,0.8118409782438618,4.8171115021742414,-8504121.4608936,3858.4373021703213,
BH032,197,1336245,1.9700002670288086,8592437.40459174,8592437.40459174,0.819900008170235,4.872108443130828,-8589665.103487752,2772.3011039867997,
BH032,198,1343236,1.9800009727478027,8677683.850789892,8677683.850789892,0.8280343196168332,4.927118793343109,-8675552.19119539,2131.6595945023,
BH032,199,1350226,1.9900002479553223,8760161.569072243,8760161.569072243,0.8359044359423154,4.982120025832063,-8760074.111622987,87.45744925551116,
BH032,200,1357217,2.0000009536743164,8840943.098944418,8840943.098944418,0.8436127000684883,5.037242909818207,-8841277.255657325,-334.15671290643513,
BH032,201,1364207,2.010000228881836,8918861.924880514,8918861.924880514,0.8510478017763553,5.09279727314557,-8920455.834895892,-1593.9100153781474,
BH032,202,1371198,2.02000093460083,8978228.593912862,8978228.593912862,0.85671263587787,5.1483526483110165,-8978101.60581523,126.98809763230383,
BH032,203,1378188,2.0300002098083496,9038010.455885446,9038010.455885446,0.8624170881551202,5.2033934582651336,-9038282.537909048,-272.082023601979,
BH032,204,1385179,2.0400009155273438,9116473.066471346,9116473.066471346,0.8699040784037846,5.259280656615447,-9114999.348502127,1473.717969218269,
BH032,205,1392169,2.0500001907348633,9164397.8164926,9164397.8164926,0.874477111768332,5.315943245283608,-9164925.101556147,-527.2850635461509,
BH032,206,1399160,2.0600008964538574,9218732.85573338,9218732.85573338,0.8796618221153213,5.372613886765553,-9217998.547586977,734.3081464022398,
BH032,207,1406150,2.070000171661377,9297439.178288577,9297439.178288577,0.8871720676332661,5.42927647578441,-9298067.52963174,-628.3513431623578,
BH032,208,1413141,2.080000877380371,9359559.675134134,9359559.675134134,0.8930996750714061,5.485949024614171,-9358867.72235498,691.9527791533619,
BH032,209,1420131,2.0900001525878906,9424809.790689213,9424809.790689213,0.8993259142347114,5.543191447777998,-9425215.407591205,-405.6169019918889,
BH032,210,1427122,2.1000008583068848,9491477.711369399,9491477.711369399,0.9056874419522327,5.600481977300248,-9490780.00452494,697.7068444583565,
BH032,211,1434112,2.1100001335144043,9555885.621198202,9555885.621198202,0.9118333169011317,5.658186932956117,-9556816.120956285,-930.4997580833733,
BH032,212,1441103,2.1200008392333984,9611761.62462309,9611761.62462309,0.9171650677777926,5.716293330506807,-9612003.718425859,-242.09380276873708,
BH032,213,1448093,2.130000114440918,9675265.999893248,9675265.999893248,0.923224726446359,5.774306323102458,-9677037.283855211,-1771.2839619629085,
BH032,214,1455084,2.140000820159912,9727805.574958429,9727805.574958429,0.9282381115892269,5.832406998609946,-9726887.391337285,918.1836211439222,
BH032,215,1462074,2.1500000953674316,9774057.603571877,9774057.603571877,0.9326515320021345,5.890514823695655,-9771426.38561551,2631.2179563660175,
BH032,216,1469065,2.160000801086426,9811631.127441168,9811631.127441168,0.9362368397648599,5.948850638047461,-9808337.956388634,3293.171052534133,
BH032,217,1476055,2.1700000762939453,9798146.758903993,9798146.758903993,0.9349501462047891,6.007143952698813,-9802423.42016087,-4276.661256875843,
BH032,218,1483046,2.1800007820129395,9811152.475662284,9811152.475662284,0.9361911662756114,6.065480243981007,-9808116.960297788,3035.5153644960374,
BH032,219,1490036,2.190000057220459,9787276.362105696,9787276.362105696,0.9339128807579702,6.1238097982390105,-9785534.892995983,1741.4691097121686,
BH032,220,1497027,2.200000762939453,9762088.590323102,9762088.590323102,0.9315094353422023,6.181701677226797,-9760268.049952855,1820.5403702463955,
BH032,221,1504017,2.2100000381469727,9737143.074935308,9737143.074935308,0.9291291063031646,6.239771355358134,-9730873.911697209,6269.163238098845,
BH032,222,1511008,2.220000743865967,9749994.833445417,9749994.833445417,0.9303554355053779,6.29795791973774,-9751235.962686414,-1241.1292409971356,
BH032,223,1517998,2.2300000190734863,9794066.429510161,9794066.429510161,0.934560796600502,6.356286997158817,-9796173.378648685,-2106.949138524011,
BH032,224,1524989,2.2400007247924805,9821418.678987902,9821418.678987902,0.9371707789040437,6.414624242128716,-9823369.467140933,-1950.788153031841,
BH032,225,1531979,2.25,9844409.59765625,9844409.59765625,0.9393645981332587,6.472953796386719,-9844462.82421875,-53.2265625,
BH032,226,1538970,2.260000705718994,9888423.469440216,9888423.469440216,0.9435644511128094,6.531290983023185,-9889742.601710819,-1319.1322706025094,
BH032,227,1545960,2.2699999809265137,9938570.24955624,9938570.24955624,0.9483495130796114,6.589620118777485,-9940301.573780496,-1731.324224255979,
BH032,228,1552951,2.280000686645508,9975944.053870121,9975944.053870121,0.9519157633784996,6.647957782250904,-9977734.823381431,-1790.7695113103837,PRE95
BH032,229,1559941,2.2899999618530273,10016611.430134054,10016611.430134054,0.955796290004535,6.706286441168253,-10016489.285319556,122.14481449872255,
BH032,230,1566932,2.3000006675720215,10061185.172772104,10061185.172772104,0.960049566488526,6.764624104641671,-10059534.348924488,1650.8238476160914,
BH032,231,1573922,2.309999942779541,10097747.716052476,10097747.716052476,0.963538405350277,6.822953240396045,-10097439.681539964,308.03451251238585,
BH032,232,1580913,2.320000648498535,10130205.819345623,10130205.819345623,0.9666355939478942,6.8812904270325115,-10132213.936185386,-2008.116839762777,
BH032,233,1587903,2.3299999237060547,10170766.406241514,10170766.406241514,0.9705059306127338,6.939620039623925,-10169593.816683175,1172.5895583387464,
BH032,234,1594894,2.340000629425049,10202366.29115204,10202366.29115204,0.9735212270503282,6.99795722626039,-10201963.88095151,402.4102005288005,
BH032,235,1601884,2.3499999046325684,10233089.951486442,10233089.951486442,0.9764529131567332,7.056286362014871,-10233283.82696224,-193.8754757978022,
BH032,236,1608875,2.3600006103515625,10263283.629867796,10263283.629867796,0.9793340277911362,7.114624025488263,-10264504.649372833,-1221.0195050369948,
BH032,237,1615865,2.369999885559082,10290632.29644755,10290632.29644755,0.9819436682105361,7.1729526260724095,-10291107.753809923,-475.4573623724282,
BH032,238,1622856,2.380000591278076,10305196.516313124,10305196.516313124,0.9833334023947381,7.2312903478790265,-10304364.770518413,831.7457947116345,
BH032,239,1629847,2.3900012969970703,10310582.288853267,10310582.288853267,0.9838473188472812,7.289627769921098,-10312090.116293602,-1507.827440334484,
BH032,240,1636837,2.40000057220459,10325252.18290386,10325252.18290386,0.985247136580665,7.347956670269874,-10326673.096825805,-1420.913921944797,
BH032,241,1643828,2.410001277923584,10357562.458515212,10357562.458515212,0.9883302192951894,7.406294569148984,-10358345.657806452,-783.1992912404239,
BH032,242,1650818,2.4200005531311035,10389166.915950086,10389166.915950086,0.9913459520481823,7.464623469497671,-10388555.560212929,611.355737157166,
BH032,243,1657809,2.4300012588500977,10407672.809030814,10407672.809030814,0.9931118051086862,7.522960891607841,-10406204.450264085,1468.3587667290121,
BH032,244,1664799,2.440000534057617,10429353.660917636,10429353.660917636,0.9951806162971906,7.58129026872548,-10429010.352229249,343.30868838727474,
BH032,245,1671790,2.4500012397766113,10450485.499527972,10450485.499527972,0.997197040023479,7.639627455361943,-10449908.940939432,576.5585885401815,
BH032,246,1678780,2.460000514984131,10466215.768518798,10466215.768518798,0.9986980399222046,7.697956591116439,-10466589.717788914,-373.9492701161653,
BH032,247,1685771,2.470001220703125,10479860.128026368,10479860.128026368,1.0,7.756294254589808,-10480337.143690294,-477.01566392555833,PEAK
BH032,248,1692761,2.4800004959106445,10467347.149648624,10467347.149648624,0.9988059975777462,7.814622855173953,-10468377.735359732,-1030.5857111085206,
BH032,249,1699752,2.4900012016296387,10372984.67109537,10372984.67109537,0.9898018241059171,7.874053011181636,-10367412.796538597,5571.874556772411,
BH032,250,1706742,2.500000476837158,10296296.043788409,10296296.043788409,0.9824841093301376,7.934048633671883,-10293443.765584432,2852.278203977272,
BH032,251,1713733,2.5100011825561523,10308877.853577754,10308877.853577754,0.9836846797228376,7.994052902300039,-10311024.58831449,-2146.734736736864,
BH032,252,1720723,2.520000457763672,10362603.167671887,10362603.167671887,0.98881120941291,8.05404947846415,-10366164.964230409,-3561.796558521688,
BH032,253,1727714,2.530001163482666,10383824.724884618,10383824.724884618,0.990836194188802,8.114052793418292,-10388336.501969272,-4511.777084654197,
BH032,254,1734704,2.5400004386901855,10390222.717911921,10390222.717911921,0.9914466978547998,8.174049369582397,-10393990.589103116,-3767.871191194281,
BH032,255,1741695,2.5500011444091797,10390209.43247097,10390209.43247097,0.9914454301431328,8.234053638210016,-10386363.994268911,3845.4382020588964,
BH032,256,1748685,2.560000419616699,10334510.861510087,10334510.861510087,0.9861306100710664,8.294048307026404,-10337931.990137788,-3421.128627700731,
BH032,257,1755676,2.5700011253356934,10322916.017126558,10322916.017126558,0.9850242170236516,8.35405346932818,-10317527.30248545,5388.714641109109,
BH032,258,1762666,2.580000400543213,10339241.886454305,10339241.886454305,0.986582049774118,8.414049151818848,-10337054.13685795,2187.749596355483,
BH032,259,1769657,2.590001106262207,10334373.357288377,10334373.357288377,0.9861174892641063,8.474053360446785,-10339616.838885933,-5243.481597555801,
BH032,260,1776647,2.6000003814697266,10337128.880692525,10337128.880692525,0.9863804243959196,8.532473572477167,-10334427.841191584,2701.039500940591,
BH032,261,1783638,2.6100010871887207,10349283.531739479,10349283.531739479,0.9875402348226302,8.589149459165606,-10343599.134140626,5684.397598853335,
BH032,262,1790628,2.6200003623962402,10346453.447969835,10346453.447969835,0.9872701850571686,8.64581109451142,-10341657.506994955,4795.94097488001,
BH032,263,1797619,2.6300010681152344,10308635.643846016,10308635.643846016,0.983661567798749,8.702482212830319,-10305640.022412973,2995.6214330438524,
BH032,264,1804609,2.640000343322754,10268660.559422992,10268660.559422992,0.9798471004361439,8.759144801848793,-10267138.747380774,1521.8120422177017,
BH032,265,1811600,2.650001049041748,10235885.710171685,10235885.710171685,0.9767196875841672,8.81581496649378,-10235741.713945916,143.99622576870024,
BH032,266,1818590,2.6600003242492676,10191795.92594675,10191795.92594675,0.9725125909544111,8.872478509186392,-10192561.11708937,-765.1911426205188,
BH032,267,1825581,2.6700010299682617,10118638.156482173,10118638.156482173,0.9655317945915922,8.929148673831381,-10118782.890859142,-144.73437696881592,
BH032,268,1832571,2.6800003051757812,9997095.644576518,9997095.644576518,0.9539340718719337,8.985811206183282,-10000830.506125687,-3734.861549168825,
BH032,269,1839562,2.6900010108947754,9823539.422694845,9823539.422694845,0.9373731426456428,9.042482381168938,-9823945.036197577,-405.61350273154676,POST95
BH032,270,1846552,2.700000286102295,9570783.06727412,9570783.06727412,0.9132548479038287,9.099143959846979,-9573663.77724683,-2880.7099727094173,
BH032,271,1853543,2.710000991821289,9204769.805420777,9204769.805420777,0.8783294522036981,9.155814181157861,-9206457.668785254,-1687.8633644767106,
BH032,272,1860533,2.7200002670288086,8715533.782090668,8715533.782090668,0.8316460024864885,9.212475759835904,-8717678.57297052,-2144.79087985307,
BH032,273,1867524,2.7300009727478027,8221314.3225841755,8221314.3225841755,0.7844870277035333,9.269145981147048,-8220362.273127537,952.049456638284,
BH032,274,1874514,2.7400002479553223,7852886.8331495095,7852886.8331495095,0.7493312637015522,9.325808513498947,-7849647.62072657,3239.2124229399487,
BH032,275,1881505,2.7500009536743164,7633956.715434072,7633956.715434072,0.7284407064764656,9.382478734810373,-7631820.177215554,2136.5382185177878,
BH032,276,1888495,2.760000228881836,7534573.858769691,7534573.858769691,0.7189574828980707,9.439141267162274,-7534734.129997226,-160.2712275357917,
BH032,277,1895486,2.77000093460083,7454995.643881042,7454995.643881042,0.7113640404363882,9.49581148847414,-7455954.057589569,-958.4137085275725,
BH032,278,1902476,2.7800002098083496,7309257.594590151,7309257.594590151,0.6974575524193256,9.552474974499901,-7309446.69812052,-189.103530369699,
BH032,279,1909467,2.7900009155273438,7114289.936805557,7114289.936805557,0.678853519979695,9.609144185471028,-7114494.452423665,-204.51561810728163,
BH032,280,1916457,2.8000001907348633,6969446.1893834295,6969446.1893834295,0.6650323672493479,9.66580772816321,-6962086.004501898,7360.184881531633,
BH032,281,1923448,2.8100008964538574,6915337.806295625,6915337.806295625,0.659869284686528,9.722477892808202,-6917032.240584955,-1694.4342893296853,
BH032,282,1930438,2.820000171661377,6910064.16957558,6910064.16957558,0.6593660683596286,9.779141435500811,-6909779.828156625,284.3414189554751,
BH032,283,1937429,2.830000877380371,6872708.962909987,6872708.962909987,0.6558015926691856,9.835811600145801,-6874699.520907841,-1990.5579978534952,
BH032,284,1944419,2.8400001525878906,6806491.083065486,6806491.083065486,0.6494830083526435,9.892475142838412,-6812026.242599523,-5535.159534037113,
BH032,285,1951410,2.8500008583068848,6757653.894986866,6757653.894986866,0.644822909125936,9.949145307483402,-6757010.708532858,643.1864540083334,
BH032,286,1958400,2.8600001335144043,6732241.221960312,6732241.221960312,0.6423980033813838,10.005807896501697,-6733125.7754403595,-884.5534800477326,
BH032,287,1965391,2.8700008392333984,6708029.326074706,6708029.326074706,0.6400876771375387,10.062478061146686,-6708256.85346882,-227.5273941140622,
BH032,288,1972381,2.880000114440918,6670853.784756509,6670853.784756509,0.636540345315926,10.119139696291622,-6671295.117936481,-441.33317997213453,
BH032,289,1979372,2.890000820159912,6608376.950141196,6608376.950141196,0.6305787357283867,10.175361634153646,-6607006.810527353,1370.139613843523,
BH032,290,1986362,2.9000000953674316,6543928.756420732,6543928.756420732,0.6244290168453922,10.228691076367198,-6544721.773973249,-793.0175525173545,
BH032,291,1993353,2.910000801086426,6525654.7675855085,6525654.7675855085,0.6226852923479295,10.282030111384984,-6523954.892088687,1699.875496821478,
BH032,292,2000343,2.9200000762939453,6507746.496871759,6507746.496871759,0.620976465083541,10.33535859992468,-6510462.071407125,-2715.5745353661478,
BH032,293,2007334,2.9300007820129395,6460521.507866619,6460521.507866619,0.6164702036994939,10.388694773919651,-6459664.686097852,856.8217687672004,
BH032,294,2014324,2.940000057220459,6402577.465325702,6402577.465325702,0.610941118212374,10.442026123480922,-6404188.78397556,-1611.3186498582363,
BH032,295,2021315,2.950000762939453,6380533.997905207,6380533.997905207,0.6088377058432008,10.495363251150428,-6378843.419490145,1690.5784150622785,
BH032,296,2028305,2.9600000381469727,6360119.9686268,6360119.9686268,0.6068897762879376,10.548691739690122,-6360764.688897156,-644.7202703561634,
BH032,297,2035296,2.970000743865967,6330599.782347399,6330599.782347399,0.6040729270248014,10.602029821033518,-6329759.038973243,840.7433741558343,
BH032,298,2042286,2.9800000190734863,6298076.053794836,6298076.053794836,0.6009694763913732,10.655359263247073,-6299217.773337707,-1141.7195428712294,
BH032,299,2049277,2.9900007247924805,6258953.236014812,6258953.236014812,0.5972363332671251,10.708697344590188,-6257003.513157055,1949.7228577574715,
BH032,300,2056267,3.0,6225698.73046875,6225698.73046875,0.5940631510738695,10.762025833129883,-6223328.5712890625,2370.1591796875,
BH032,301,2063258,3.010000705718994,6209987.696178554,6209987.696178554,0.5925639865718376,10.815361953791923,-6211470.466990165,-1482.7708116117865,
BH032,302,2070248,3.0199999809265137,6190480.917905678,6190480.917905678,0.5907026279244346,10.86869049557067,-6190606.813379921,-125.8954742429778,
BH032,303,2077239,3.030000686645508,6147636.4030430205,6147636.4030430205,0.5866143562930148,10.921019536585685,-6147399.956875497,236.4461675239727,
BH032,304,2084229,3.0399999618530273,6112632.814444847,6112632.814444847,0.5832742746344284,10.97111226054696,-6113421.907799797,-789.0933549497277,
BH032,305,2091220,3.0500006675720215,6102047.21350748,6102047.21350748,0.5822641847278791,11.021116244573863,-6100704.240392292,1342.9731151880696,
BH032,306,2098210,3.059999942779541,6085118.604081821,6085118.604081821,0.5806488378416752,11.07111169297551,-6083991.726846524,1126.8772352971137,
BH032,307,2105201,3.070000648498535,6044992.045086936,6044992.045086936,0.5768199166056395,11.121117584350232,-6046363.566196212,-1371.5211092755198,
BH032,308,2112191,3.0799999237060547,5994807.771854001,5994807.771854001,0.5720312770035968,11.171113986425949,-5994365.595426556,442.17642744537443,
BH032,309,2119182,3.090000629425049,5964182.413870059,5964182.413870059,0.5691089710176571,11.221117970452854,-5964631.726318806,-449.3124487474561,
BH032,310,2126172,3.0999999046325684,5954931.783012508,5954931.783012508,0.5682262654524548,11.271114372527846,-5954558.525717153,373.25729535520077,
BH032,311,2133163,3.1100006103515625,5933438.427149311,5933438.427149311,0.5661753453446837,11.321117402880892,-5934181.572544103,-743.145394791849,
BH032,312,2140153,3.119999885559082,5916797.794499879,5916797.794499879,0.5645874775252527,11.371114708629959,-5914326.36721661,2471.427283268422,
BH032,313,2147144,3.130000591278076,5884010.465867382,5884010.465867382,0.5614588738767351,11.421119696187338,-5886745.323623939,-2734.8577565578744,
BH032,314,2154135,3.1400012969970703,5861456.394272576,5861456.394272576,0.5593067390849272,11.469992621101452,-5859169.672863912,2286.721408664249,
BH032,315,2161125,3.15000057220459,5852038.634758216,5852038.634758216,0.5584080859159624,11.5166549785498,-5851806.707251952,231.92750626429915,
BH032,316,2168116,3.160001277923584,5834283.905446923,5834283.905446923,0.5567139097442966,11.563324916346847,-5835086.554622592,-802.6491756690666,
BH032,317,2175106,3.1700005531311035,5808442.266347347,5808442.266347347,0.5542480715762405,11.609989180871873,-5808860.286874122,-418.02052677515894,
BH032,318,2182097,3.1800012588500977,5785795.751312458,5785795.751312458,0.5520871157277626,11.656660072343032,-5783156.255824471,2639.495487987064,
BH032,319,2189087,3.190000534057617,5758591.522280829,5758591.522280829,0.5494912577011009,11.703324336867668,-5760200.245180794,-1608.7228999650106,
BH032,320,2196078,3.2000012397766113,5750927.047938381,5750927.047938381,0.5487599049684484,11.749994274528555,-5750729.392337137,197.6556012444198,
BH032,321,2203068,3.210000514984131,5744391.64105313,5744391.64105313,0.548136289118102,11.796657585515126,-5741350.549509279,3041.091543850489,
BH032,322,2210059,3.220001220703125,5717817.941714018,5717817.941714018,0.5456005969414434,11.843327525559014,-5719203.510147137,-1385.568433118984,
BH032,323,2217049,3.2300004959106445,5694419.009569349,5694419.009569349,0.5433678446089869,11.889989833822014,-5696853.302109207,-2434.2925398582593,
BH032,324,2224040,3.2400012016296387,5683250.843806079,5683250.843806079,0.5423021657137692,11.936659821285488,-5679028.727756408,4222.116049670614,
BH032,325,2231723,3.2500009536743164,5671610.224734194,5671610.224734194,0.5411914047942838,11.987947484563731,-5674370.032174292,-2759.807440098375,
BH032,326,2240111,3.260000705718994,5650687.991378917,5650687.991378917,0.5391949818363739,12.043941473831081,-5652965.845100872,-2277.85372195486,
BH032,327,2248499,3.2699999809265137,5629690.21743761,5629690.21743761,0.5371913507110737,12.099935536804773,-5627131.906472844,2558.3109647659585,
BH032,328,2256888,3.2800004482269287,5615524.73102715,5615524.73102715,0.5358396641200878,12.155939092243486,-5608455.851944055,7068.879083094187,
BH032,329,2265277,3.2900009155273438,5598152.884722592,5598152.884722592,0.5341820230740876,12.211941694008306,-5600562.154897601,-2409.2701750090346,
BH032,330,2273665,3.3000001907348633,5583194.773646522,5583194.773646522,0.5327547033490784,12.267937664332797,-5585744.266778836,-2549.4931323137134,
BH032,331,2282054,3.3100006580352783,5559459.955834888,5559459.955834888,0.5304899004297952,12.323944080793686,-5561577.398302583,-2117.442467695102,
BH032,332,2290442,3.319999933242798,5543772.631789786,5543772.631789786,0.5289929983859263,12.379940050732403,-5541892.52024099,1880.1115487953648,
BH032,333,2298831,3.330000400543213,5534595.438202014,5534595.438202014,0.5281173002873201,12.434751513227488,-5529023.178910137,5572.259291877039,
BH032,334,2307220,3.340000867843628,5511562.684653986,5511562.684653986,0.5259194891269945,12.482752789637416,-5514712.05093743,-3149.3662834437564,
BH032,335,2315608,3.3500001430511475,5489075.696961456,5489075.696961456,0.5237737555563342,12.530747428281048,-5492058.814242727,-2983.1172812711447,
BH032,336,2323997,3.3600006103515625,5475275.591341497,5475275.591341497,0.5224569340099232,12.578750612038927,-5475365.262099796,-89.67075829859823,
BH032,337,2332385,3.369999885559082,5462323.554580435,5462323.554580435,0.5212210361446049,12.62674329533569,-5458427.352737376,3896.2018430596218,
BH032,338,2340774,3.380000352859497,5445135.889439031,5445135.889439031,0.5195809698716363,12.674747480766051,-5439906.812666491,5229.076772539876,
BH032,339,2349163,3.390000820159912,5427326.962669323,5427326.962669323,0.5178816221177401,12.722747803501953,-5430243.134538743,-2916.171869419515,
BH032,340,2357551,3.4000000953674316,5413488.998598496,5413488.998598496,0.5165611880755128,12.770744301494151,-5416056.222881254,-2567.224282757379,
BH032,341,2365940,3.4100005626678467,5401866.802277099,5401866.802277099,0.5154521850755285,12.818744672228977,-5400518.922435339,1347.8798417607322,
BH032,342,2374329,3.4200010299682617,5385509.682470725,5385509.682470725,0.5138913703693636,12.86674498446349,-5382486.067659469,3023.6148112555966,
BH032,343,2382717,3.4300003051757812,5366035.538692309,5366035.538692309,0.5120331257420011,12.914737678261613,-5367307.233885632,-1271.6951933233067,
BH032,344,2391106,3.4400007724761963,5348133.434783416,5348133.434783416,0.5103248869210442,12.962743771040536,-5356173.342659105,-8039.907875688747,
BH032,345,2399494,3.450000047683716,5337163.436134897,5337163.436134897,0.5092781173540362,13.010738361685018,-5341909.344124499,-4745.907989601605,
BH032,346,2407883,3.460000514984131,5324558.752773888,5324558.752773888,0.5080753643394897,13.058742547115756,-5321568.635396431,2990.117377457209,
BH032,347,2416272,3.470000982284546,5310530.102255732,5310530.102255732,0.5067367347827231,13.106741916178217,-5307158.843203981,3371.259051750414,
BH032,348,2424660,3.4800002574920654,5296466.97813657,5296466.97813657,0.505394815716308,13.154738414170415,-5298357.458262177,-1890.4801256069914,
BH032,349,2433049,3.4900007247924805,5283852.479852393,5283852.479852393,0.5041911261507915,13.202739738581897,-5286650.648401063,-2798.168548669666,
BH032,350,2441437,3.5,5270341.18359375,5270341.18359375,0.5029018631173556,13.250740051269531,-5271293.001464844,-951.81787109375,
BH032,351,2449826,3.510000467300415,5258125.84704748,5258125.84704748,0.5017362620122796,13.298742281353519,-5257135.893958372,989.9530891077593,
BH032,352,2458215,3.52000093460083,5246383.420202431,5246383.420202431,0.5006157864809654,13.346746465614522,-5246201.889151087,181.53105134423822,
BH032,353,2466603,3.5300002098083496,5234258.619373014,5234258.619373014,0.49945882439547046,13.392196654402321,-5234508.841044426,-250.2216714117676,
BH032,354,2474992,3.5400006771087646,5221816.2282065945,5221816.2282065945,0.4982715574840405,13.432196605562078,-5222745.083479146,-928.8552725510672,
BH032,355,2483380,3.549999952316284,5207631.195606968,5207631.195606968,0.4969180057737757,13.472193727221235,-5206862.746229495,768.4493774734437,
BH032,356,2491769,3.560000419616699,5200470.008086977,5200470.008086977,0.4962346772338422,13.512193678276441,-5199016.278621054,1453.7294659223408,
BH032,357,2500158,3.5700008869171143,5189139.849195921,5189139.849195921,0.49515354077279766,13.552196490353714,-5188706.650150849,433.1990450723097,
BH032,358,2508546,3.580000162124634,5176125.671401674,5176125.671401674,0.4939117133404407,13.592190750991005,-5177313.244495691,-1187.5730940168723,
BH032,359,2516935,3.590000629425049,5164704.574875376,5164704.574875376,0.49282189950831196,13.63219165572027,-5165194.721399848,-490.1465244721621,
BH032,360,2525323,3.5999999046325684,5155336.403247838,5155336.403247838,0.4919279780710893,13.672184009009227,-5154973.53304316,362.8702046778053,
BH032,361,2533712,3.6100003719329834,5144639.273286387,5144639.273286387,0.4909072459400522,13.712186821086423,-5145141.602096244,-502.32880985643715,
BH032,362,2542101,3.6200008392333984,5133752.809428269,5133752.809428269,0.489868447356376,13.752188679489748,-5132745.968235363,1006.8411929057911,
BH032,363,2550489,3.630000114440918,5121955.179838333,5121955.179838333,0.4887427043172695,13.792185801148202,-5122859.951778962,-904.771940628998,
BH032,364,2558878,3.640000581741333,5113498.387238491,5113498.387238491,0.48793574768840897,13.83218384485612,-5113231.481546437,266.9056920539588,
BH032,365,2567267,3.650001049041748,5105266.069114566,5105266.069114566,0.4871502106656476,13.872186648678875,-5105399.094457813,-133.02534324675798,
BH032,366,2575655,3.6600003242492676,5093660.050202689,5093660.050202689,0.48604275133221253,13.912184732269683,-5092909.841973681,750.2082290081307,
BH032,367,2584044,3.6700007915496826,5083105.242850344,5083105.242850344,0.48503559978406174,13.952190405368352,-5082983.608690529,121.63415981456637,
BH032,368,2592432,3.680000066757202,5074779.744887486,5074779.744887486,0.4842411714366268,13.9921855796808,-5075416.466809518,-636.7219220316038,
BH032,369,2600821,3.690000534057617,5066306.596255931,5066306.596255931,0.4834326540968872,14.032185570734468,-5066465.961649489,-159.36539355758578,
BH032,370,2609210,3.7000010013580322,5058041.500591088,5058041.500591088,0.48264398940443204,14.07218646720461,-5057389.943033356,651.5575577318668,
BH032,371,2617598,3.7100002765655518,5048554.962242714,5048554.962242714,0.48173877328203324,14.112184510798015,-5048596.504485124,-41.54224240966141,
BH032,372,2625987,3.720000743865967,5039747.628171268,5039747.628171268,0.48089836759304005,14.149095547648669,-5039347.37203476,400.2561365077272,
BH032,373,2634375,3.7300000190734863,5032794.871737979,5032794.871737979,0.48023492778102433,14.181091305629085,-5032940.749128781,-145.87739080190659,
BH032,374,2642764,3.7400004863739014,5023448.251435894,5023448.251435894,0.4793430627954326,14.213092792351565,-5023750.492101854,-302.2406659601256,
BH032,375,2651153,3.7500009536743164,5013039.081182021,5013039.081182021,0.47834980810245864,14.24509526474853,-5011209.738320573,1829.3428614474833,
BH032,376,2659541,3.760000228881836,5005412.762571559,5005412.762571559,0.47762209623252,14.277092930076662,-5003343.908106156,2068.854465403594,
BH032,377,2667930,3.770000696182251,4996544.577604243,4996544.577604243,0.4767758840828368,14.309093463125366,-4997485.592568485,-941.0149642424658,
BH032,378,2676318,3.7799999713897705,4988860.06560877,4988860.06560877,0.47604261933487296,14.34109020677894,-4990207.207910034,-1347.142301264219,
BH032,379,2684707,3.7900004386901855,4983121.58278285,4983121.58278285,0.47549504687151795,14.373092647175657,-4982476.494664877,645.0881179729477,
BH032,380,2693096,3.8000009059906006,4973798.249831672,4973798.249831672,0.47460540399105194,14.40509413389844,-4972288.446955699,1509.8028759732842,
BH032,381,2701484,3.81000018119812,4965590.749278956,4965590.749278956,0.4738222350887527,14.437088970203385,-4965287.631761305,303.11751765105873,
BH032,382,2709873,3.820000648498535,4959572.340747351,4959572.340747351,0.47324795180080026,14.469088549577924,-4960589.103732778,-1016.7629854269326,
BH032,383,2718261,3.8299999237060547,4949907.3019311195,4949907.3019311195,0.47232570296368226,14.5010910152784,-4951822.199987656,-1914.898056536913,
BH032,384,2726650,3.8400003910064697,4937199.110919614,4937199.110919614,0.47111307313310663,14.53309536302285,-4938086.011063531,-886.9001439167187,
BH032,385,2735039,3.8500008583068848,4933140.07490596,4933140.07490596,0.47072575536702316,14.565095896071451,-4931575.6339147305,1564.4409912293777,
BH032,386,2743427,3.8600001335144043,4928467.466628595,4928467.466628595,0.47027988984780034,14.59709359340008,-4927102.469610833,1364.9970177626237,
BH032,387,2751816,3.8700006008148193,4916873.126278945,4916873.126278945,0.46917354489586316,14.629096987470856,-4921215.4086523615,-4342.2823734162375,
BH032,388,2760205,3.8800010681152344,4908599.576215437,4908599.576215437,0.468384073475211,14.661100374620897,-4914742.994135357,-6143.417919920757,
BH032,389,2768593,3.890000343322754,4907202.739860815,4907202.739860815,0.468250785784578,14.693096171521482,-4904715.978543745,2486.7613170696422,
BH032,390,2776982,3.900000810623169,4900200.134407995,4900200.134407995,0.46758258932324426,14.725097658113683,-4898922.306268515,1277.8281394802034,
BH032,391,2785370,3.9100000858306885,4894461.6664552195,4894461.6664552195,0.46703501827910127,14.755002009320592,-4892951.488817725,1510.1776374941692,
BH032,392,2793759,3.9200005531311035,4886067.732771172,4886067.732771172,0.4662340597184427,14.77899933612703,-4887889.561465942,-1821.8286947701126,
BH032,393,2802148,3.9300010204315186,4880945.191343737,4880945.191343737,0.4657452610737226,14.802997585123254,-4881467.773060174,-522.5817164368927,
BH032,394,2810536,3.940000295639038,4875350.330565074,4875350.330565074,0.4652113931870988,14.82699583914307,-4874664.450721025,685.8798440499231,
BH032,395,2818925,3.950000762939453,4870972.802194319,4870972.802194319,0.4647936845233115,14.850998885532848,-4871271.642231688,-298.8400373691693,
BH032,396,2827313,3.9600000381469727,4862491.630477948,4862491.630477948,0.46398440161182597,14.874994273507369,-4860127.096303546,2364.5341744022444,
BH032,397,2835702,3.9700005054473877,4853251.859675063,4853251.859675063,0.46310273232521254,14.898993481201066,-4854843.512170923,-1591.6524958601221,
BH032,398,2844091,3.9800009727478027,4849150.725499661,4849150.725499661,0.46271139750534845,14.922992712894075,-4848876.126822711,274.59867694973946,
BH032,399,2852479,3.9900002479553223,4845283.043759624,4845283.043759624,0.4623423389785372,14.946992869237894,-4844847.832366684,435.21139293909073,
BH032,400,2860868,4.000000476837158,4840390.284750592,4840390.284750592,0.4618754664297379,14.970993034401491,-4840145.836448071,244.44830252137035,
BH032,401,2871354,4.010000705718994,4827551.218915008,4827551.218915008,0.4606503483767547,15.000990873748457,-4829402.670980873,-1851.452065864578,
BH032,402,2881839,4.019999980926514,4821933.401936375,4821933.401936375,0.4601142899837988,15.0309886960172,-4820708.567577007,1224.834359367378,
BH032,403,2892325,4.03000020980835,4817536.441490516,4817536.441490516,0.4596947270896243,15.060993194005055,-4817534.371642863,2.0698476526886225,
BH032,404,2902811,4.0400004386901855,4810335.606411904,4810335.606411904,0.45900761533520734,15.09099196994776,-4810359.1264280835,-23.520016179420054,
BH032,405,2913297,4.0500006675720215,4798059.638036457,4798059.638036457,0.4578362286730307,15.120996487003842,-4801352.581883606,-3292.943847148679,
BH032,406,2923782,4.059999942779541,4794891.752334835,4794891.752334835,0.45753394546858694,15.150995262854163,-4793641.670698722,1250.0816361131147,
BH032,407,2934268,4.070000171661377,4789238.118098678,4789238.118098678,0.4569944693527715,15.180992131449132,-4789409.659077339,-171.540978660807,
BH032,408,2944754,4.080000400543213,4782966.388307433,4782966.388307433,0.45639601386628337,15.210993768414303,-4782915.433223767,50.955083665437996,
BH032,409,2955240,4.090000629425049,4776257.200804558,4776257.200804558,0.45575581567461737,15.2409944406849,-4776104.131855874,153.06894868332893,
BH032,410,2965725,4.099999904632568,4769424.036854191,4769424.036854191,0.45510378751137,15.270992290967703,-4767865.991170183,1558.0456840079278,
BH032,411,2976211,4.110000133514404,4764657.004623295,4764657.004623295,0.45464891195266405,15.296712882393008,-4764615.884566642,41.12005665246397,
BH032,412,2986697,4.12000036239624,4755582.1279435875,4755582.1279435875,0.4537829770481095,15.31670761587578,-4755713.262085103,-131.13414151594043,
BH032,413,2997183,4.130000591278076,4751564.649740989,4751564.649740989,0.453399624774938,15.336705210380737,-4751128.931559507,435.71818148251623,
BH032,414,3007668,4.139999866485596,4746482.103348842,4746482.103348842,0.45291464250131447,15.35670279753696,-4746674.122171182,-192.01882234029472,
BH032,415,3018154,4.150000095367432,4737949.482468329,4737949.482468329,0.4521004502529185,15.376701345716217,-4738403.261643945,-453.77917561586946,
BH032,416,3028640,4.160000324249268,4734587.581249953,4734587.581249953,0.45177965387039953,15.396701821242676,-4734232.764862735,354.8163872184232,
BH032,417,3039126,4.1700005531311035,4728152.3916622,4728152.3916622,0.4511656008669111,15.416702276771808,-4728991.486302028,-839.0946398284286,
BH032,418,3049611,4.179999828338623,4725227.357907869,4725227.357907869,0.45088649086748384,15.436706539645048,-4725789.462446078,-562.104538208805,
BH032,419,3060097,4.190000057220459,4720254.479897825,4720254.479897825,0.4504119732738048,15.456703180477135,-4719425.155089257,829.3248085677624,
BH032,420,3070583,4.200000286102295,4713508.424504354,4713508.424504354,0.44976825710669394,15.476701728655527,-4713970.800709882,-462.37620552815497,
BH032,421,3081069,4.210000514984131,4707701.711204461,4707701.711204461,0.4492141740150347,15.496701250506382,-4708043.553830464,-341.8426260035485,
BH032,422,3091554,4.21999979019165,4704318.890504374,4704318.890504374,0.4488913814721228,15.516696930314977,-4705344.547970378,-1025.6574660036713,
BH032,423,3102040,4.230000019073486,4698024.705661276,4698024.705661276,0.4482907832994177,15.536699293190741,-4698805.150752354,-780.4450910780579,
BH032,424,3112526,4.240000247955322,4695158.387304806,4695158.387304806,0.44801727598906677,15.5566968876959,-4695812.526490787,-654.1391859808937,
BH032,425,3123012,4.250000476837158,4691202.759063574,4691202.759063574,0.4476398255085347,15.576697343222659,-4690204.833316552,997.9257470211014,
BH032,426,3133498,4.260000705718994,4686950.055836868,4686950.055836868,0.4472340277999057,15.596697811401151,-4686194.356263384,755.6995734833181,
BH032,427,3143983,4.269999980926514,4678440.81020879,4678440.81020879,0.44642206604429774,15.61669635957999,-4678304.65775918,136.15244960971177,
BH032,428,3154469,4.28000020980835,4674791.726632433,4674791.726632433,0.4460738663992855,15.636695861433125,-4676148.095744454,-1356.3691120212898,
BH032,429,3164955,4.2900004386901855,4671210.637187796,4671210.637187796,0.44573215483053463,15.656694409612065,-4670363.532251794,847.1049360018224,
BH032,430,3175441,4.3000006675720215,4666386.814818978,4666386.814818978,0.44527186029321375,15.676692970806958,-4666691.248891032,-304.43407205399126,
BH032,431,3185926,4.309999942779541,4660557.614666108,4660557.614666108,0.4447156314808386,15.6966953333184,-4660900.18570521,-342.57103910204023,
BH032,432,3196412,4.320000171661377,4637432.253020197,4637432.253020197,0.4425089835520111,15.716697695944942,-4638632.256526341,-1200.0035061435774,
BH032,433,3206898,4.330000400543213,4620342.55470872,4620342.55470872,0.44087826538376246,15.735199928826903,-4620603.764013997,-261.20930527709424,
BH032,434,3217384,4.340000629425049,4620733.1019006185,4620733.1019006185,0.4409155318345669,15.745200152917102,-4622407.228122255,-1674.1262216363102,
BH032,435,3227869,4.349999904632568,4620057.846269273,4620057.846269273,0.4408510981853487,15.755199437006056,-4620783.182805082,-725.3365358086303,
BH032,436,3238355,4.360000133514404,4617063.806850298,4617063.806850298,0.44056540358805457,15.765200618443938,-4615918.57386495,1145.2329853484407,
BH032,437,3248841,4.37000036239624,4612102.8190394435,4612102.8190394435,0.44009202057050956,15.775201799882506,-4612827.729404824,-724.9103653803468,
BH032,438,3259327,4.380000591278076,4606789.974681547,4606789.974681547,0.4395850630068596,15.785205842342407,-4606349.905863564,440.0688179824501,
BH032,439,3269812,4.389999866485596,4607354.62284842,4607354.62284842,0.4396389423678411,15.795204159083587,-4607146.7165168235,207.90633159689605,
BH032,440,3280298,4.400000095367432,4595873.347115534,4595873.347115534,0.4385433861683665,15.805203433173048,-4595445.004200073,428.34291546139866,
BH032,441,3290784,4.410000324249268,4591910.020658786,4591910.020658786,0.43816520111548124,15.815203670937494,-4591073.017437917,837.0032208692282,
BH032,442,3301270,4.4200005531311035,4589967.07913079,4589967.07913079,0.4379798034570907,15.825206759723198,-4589019.370977724,947.7081530662253,
BH032,443,3311755,4.429999828338623,4586941.736830785,4586941.736830785,0.43769112190380216,15.8352069838121,-4586309.826622065,631.9102087197825,
BH032,444,3322241,4.440000057220459,4583574.948201416,4583574.948201416,0.4373698591590481,15.84520911892403,-4584377.32719729,-802.3789958739653,
BH032,445,3332727,4.450000286102295,4581255.78606017,4581255.78606017,0.43714856210804603,15.855209346688232,-4580996.282079521,259.5039806496352,
BH032,446,3343213,4.460000514984131,4578804.976667688,4578804.976667688,0.43691470312877134,15.865211491800535,-4578845.527763609,-40.5510959206149,
BH032,447,3353698,4.46999979019165,4575097.603372305,4575097.603372305,0.4365609414134342,15.87521076221554,-4574300.053586997,797.5497853076085,
BH032,448,3364184,4.480000019073486,4567619.209677243,4567619.209677243,0.4358473447047279,15.885209082630793,-4567832.8841441,-213.67446685768664,
BH032,449,3374670,4.490000247955322,4567348.691461561,4567348.691461561,0.4358215315533713,15.89521026406841,-4567972.4523640415,-623.7609024802223,
BH032,450,3385156,4.500000476837158,4565434.611933504,4565434.611933504,0.43563888793936556,15.90521144550629,-4564716.649955517,717.9619779875502,
BH032,451,3395642,4.510000705718994,4560738.111977188,4560738.111977188,0.4351907426493577,15.915211679778125,-4560916.490960049,-178.3789828615263,
BH032,452,3406127,4.519999980926514,4557781.870884592,4557781.870884592,0.43490865481073376,15.92521286103429,-4557981.486101741,-199.61521714925766,
BH032,453,3416613,4.53000020980835,4555524.343793265,4555524.343793265,0.43469323904528,15.935216903494801,-4555538.03617964,-13.69238637574017,
BH032,454,3427099,4.5400004386901855,4552321.642997609,4552321.642997609,0.43438763374554035,15.945221899629503,-4551270.930002258,1050.7129953512922,
BH032,455,3437585,4.5500006675720215,4548528.506731945,4548528.506731945,0.43402568843144973,15.955224040976688,-4548663.768627017,-135.26189507171512,
BH032,456,3448070,4.559999942779541,4542806.58018868,4542806.58018868,0.43347969578714307,15.965222361482889,-4544236.22571288,-1429.6455241991207,
BH032,457,3458556,4.570000171661377,4543204.335586383,4543204.335586383,0.43351765005302484,15.97522163557251,-4542936.200269897,268.1353164864704,
BH032,458,3469042,4.580000400543213,4541090.876836798,4541090.876836798,0.4333159814502223,15.985221863336129,-4540446.059230987,644.8176058111712,
BH032,459,3479528,4.590000629425049,4538949.444214139,4538949.444214139,0.4331116435490959,15.995221133570979,-4538693.810879988,255.63333415146917,
BH032,460,3490013,4.599999904632568,4537539.105694524,4537539.105694524,0.432977067466745,16.00521851049106,-4537457.967418837,81.13827568665147,
BH032,461,3500499,4.610000133514404,4538026.477180723,4538026.477180723,0.4330235730002393,16.01521683090765,-4538273.562750669,-247.08556994609535,
BH032,462,3510985,4.62000036239624,4534228.016931475,4534228.016931475,0.4326611196656676,16.02521896522176,-4534818.631024846,-590.6140933707356,
BH032,463,3521471,4.630000591278076,4531529.353371499,4531529.353371499,0.43240361016391776,16.031890869140625,-4532452.574373816,-923.2210023170337,
BH032,464,3531956,4.639999866485596,4530401.758208811,4530401.758208811,0.432296013769604,16.031890869140625,-4531755.680664856,-1353.9224560447037,
BH032,465,3542442,4.650000095367432,4529601.943729886,4529601.943729886,0.43221969457553516,16.031890869140625,-4529276.942310376,325.00141950976104,
BH032,466,3552928,4.660000324249268,4526988.674887308,4526988.674887308,0.43197033353343606,16.031892776488448,-4527752.861393203,-764.186505895108,
BH032,467,3563414,4.6700005531311035,4524884.8697732,4524884.8697732,0.4317695860913512,16.031890869140625,-4524458.650890666,426.2188825337216,
BH032,468,3573899,4.679999828338623,4520667.651091315,4520667.651091315,0.4313671743577626,16.031890869140625,-4521377.522972866,-709.8718815511093,
BH032,469,3584385,4.690000057220459,4519018.219208456,4519018.219208456,0.4312097837186979,16.031890869140625,-4518454.894367025,563.3248414304107,
BH032,470,3594871,4.700000286102295,4514759.187206882,4514759.187206882,0.4308033821112772,16.031894683836406,-4515909.410904241,-1150.2236973587424,
BH032,471,3605357,4.710000514984131,4513546.250850949,4513546.250850949,0.4306876423646475,16.031890869139676,-4513255.484591025,290.76625992450863,
BH032,472,3615842,4.71999979019165,4511335.04091479,4511335.04091479,0.43047664623405546,16.03188896179203,-4511239.876386033,95.16452875640243,
BH032,473,3626328,4.730000019073486,4506073.480956229,4506073.480956229,0.4299745822852734,16.031890869140447,-4507127.5848536575,-1054.10389742814,
BH032,474,3636814,4.740000247955322,4504362.910505998,4504362.910505998,0.4298113577355815,16.031890869140625,-4505090.33537748,-727.424871481955,
BH032,475,3647300,4.750000476837158,4502057.600338492,4502057.600338492,0.42959138245544,16.031890869140625,-4502986.862237546,-929.2618990540504,
BH032,476,3657786,4.760000705718994,4499393.9315132275,4499393.9315132275,0.42933721219050097,16.031888961427423,-4497642.102292168,1751.8292210595682,
BH032,477,3668271,4.769999980926514,4495448.70094493,4495448.70094493,0.4289607538675749,16.03188514709437,-4493751.816997543,1696.8839473873377,
BH032,478,3678757,4.78000020980835,4492999.197312568,4492999.197312568,0.4287270194853944,16.031881332397536,-4492228.558134661,770.6391779072583,
BH032,479,3689243,4.7900004386901855,4488811.076720429,4488811.076720429,0.4283273843241445,16.031883239745845,-4489823.299631443,-1012.2229110142216,
BH032,480,3699729,4.8000006675720215,4486977.406094427,4486977.406094427,0.42815241341770105,16.031883239746094,-4486348.982574379,628.4235200481489,
BH032,481,3710214,4.809999942779541,4483896.11215212,4483896.11215212,0.4278583928959894,16.031883239746623,-4484372.244244418,-476.1320922980085,
BH032,482,3720700,4.820000171661377,4479833.73033774,4479833.73033774,0.4274707558698505,16.031885147094094,-4481232.195180726,-1398.4648429863155,
BH032,483,3731186,4.830000400543213,4479045.150309829,4479045.150309829,0.42739550867968984,16.03188133239767,-4478969.474232415,75.67607741430402,
BH032,484,3741672,4.840000629425049,4477557.507661979,4477557.507661979,0.4272535561507747,16.03188514691364,-4476524.465504962,1033.0421570166945,
BH032,485,3752157,4.849999904632568,4473668.16128682,4473668.16128682,0.42688243036019685,16.031883239746975,-4475330.645194754,-1662.4839079342782,
BH032,486,3762643,4.860000133514404,4471892.52869037,4471892.52869037,0.4267129975075864,16.031885147095398,-4473073.788013949,-1181.2593235792592,
BH032,487,3773129,4.87000036239624,4470166.718403201,4470166.718403201,0.426548318755572,16.03188705444336,-4470090.137402689,76.58100051153451,
BH032,488,3783615,4.880000591278076,4468719.4216596065,4468719.4216596065,0.42641021607806356,16.031887054443114,-4466831.1869592415,1888.234700364992,
BH032,489,3794100,4.889999866485596,4467034.25059228,4467034.25059228,0.42624941516595793,16.031885147095398,-4466420.617820082,613.6327721979469,
BH032,490,3804586,4.900000095367432,4464260.333316257,4464260.333316257,0.42598472487027306,16.031885147094727,-4464742.030074474,-481.6967582171783,
BH032,491,3815072,4.910000324249268,4462455.210400406,4462455.210400406,0.4258124780183305,16.03188705444336,-4462606.363393995,-151.15299358870834,
BH032,492,3825558,4.9200005531311035,4461191.213971236,4461191.213971236,0.4256918660622806,16.031887054442763,-4460573.453618044,617.7603531917557,
BH032,493,3836043,4.929999828338623,4458404.8129629595,4458404.8129629595,0.4254259845548715,16.031885147095043,-4458249.652485709,155.16047725081444,
BH032,494,3846529,4.940000057220459,4456030.721362999,4456030.721362999,0.42519944607335003,16.03188705444283,-4457051.905850489,-1021.1844874899834,
BH032,495,3857015,4.950000286102295,4453271.657325378,4453271.657325378,0.42493617309032206,16.031888961791246,-4455656.81109063,-2385.15376525186,
BH032,496,3867501,4.960000514984131,4452596.928715219,4452596.928715219,0.4248717897300562,16.031890869141574,-4452502.583748929,94.34496628958732,
BH032,497,3877986,4.96999979019165,4450646.3164031375,4450646.3164031375,0.4246856601168503,16.031892776489297,-4452030.226755438,-1383.9103523008525,
BH032,498,3888472,4.980000019073486,4450483.890640048,4450483.890640048,0.42467016126847784,16.031894683837713,-4449358.509036595,1125.3816034533083,
