case,group,D_u,Pu_kN,fcr_over_fcyl,error_pct,eta_parallel_R10_target,eta_parallel_N48,eta_transverse_R10_target,eta_transverse_N48,eta_shear_R10_target,eta_shear_N48,cross_asym_inflation,zhou_margin_R10_target_plus_steel,zhou_margin_N48_plus_steel,zhou_H_inflation,attard_R10_status,attard_R10_margin_at_Pu,attard_N48_margin_at_Pu,fullfield_Rqq_over_Pub,L_normalized
1,1-8,0.994049227092674,599.5158953522649,0.661,22.30175572197759,0.003098399159720722,1.0552906913016142,1.0334849111202977,1.0584451958889292,0.5028456776698582,0.4789120205184688,30.45931348923033,0.831057231087645,3.5860922037318645,6.586055127021534,VALID_POSITIVE_TANGENT,0.05827491556359437,1.0754717906936708,9.269185621749767,-3.6096036233167927e-06
2,1-8,0.9945218551329321,587.4590968473708,0.543,15.949129654581128,0.00285269169065066,1.0547219735474163,1.0334849111202977,1.0583522850126883,0.5028361978676511,0.47891693591061624,30.445669790959272,0.9051194375774247,3.9054379318419485,6.585273862894092,VALID_POSITIVE_TANGENT,0.060908707525979766,1.1711727591369945,10.442546041853207,-5.749015165891156e-06
3,1-8,1.0344957436364008,511.41250956277804,0.572,15.085190953732441,-0.01692190946562287,1.0366836089058273,1.033484911120298,1.0584192578415537,0.48298480863333343,0.4599937804355459,29.84182936676776,0.8952089047560895,3.8265658376059504,6.79210010677798,BEYOND_POSITIVE_TANGENT_RANGE,,1.1342361423294838,9.976484951976017,5.178703755997299e-06
4,1-8,1.0245471481099335,546.7666684787998,0.739,2.3464087117974985,-0.012230851389530647,1.0402127221661466,1.0334849111202975,1.0583726934383706,0.4879461283767665,0.4647041355194058,29.981797530083156,1.0078543964672328,4.311710414940635,6.738944668466505,BEYOND_POSITIVE_TANGENT_RANGE,,1.2807923245940185,11.748676197509672,4.507656409178554e-06
5,1-8,1.0554515609859534,535.16804274827,0.773,-14.18647498503618,-0.026350339267936743,0.9454208814125967,1.033484911120298,1.044212462337098,0.4729483074112964,0.44515447603763986,27.27303600093522,0.930319984278908,3.7357416345590178,6.443474639625841,BEYOND_POSITIVE_TANGENT_RANGE,,1.1261755303458125,10.403051696583447,-1.9412058736856174e-06
6,1-8,1.0721696797543137,605.3025864929929,0.696,-12.49039567523419,-0.0334626808308041,0.9414533627939249,1.0334849111202975,1.0443809861333622,0.465292078930197,0.43798729585581003,27.058411794677856,0.7783108142385919,3.1216131451146887,6.519601570897035,BEYOND_POSITIVE_TANGENT_RANGE,,0.9387741039698634,8.08644169605564,-5.549167107408014e-06
7,1-8,1.0767048620826563,600.1286022732977,0.702,-6.244421959022528,-0.035314510413813865,0.9376255639713937,1.0334849111202977,1.04442804014481,0.4631417457377928,0.4359676874193658,27.001159049357078,0.8576006137181612,3.4425404000944884,6.54075298749651,BEYOND_POSITIVE_TANGENT_RANGE,,1.0340401107950636,9.049326368089234,6.982942200776331e-07
8,1-8,1.0835217287310912,512.5788185261621,0.641,12.641546870151332,-0.03802600391391077,0.9311752102623064,1.0334849111202977,1.0444155240384971,0.45981044443290514,0.43281459719545345,26.917373211619804,0.8613149712715042,3.4525437257520717,6.57366007307334,BEYOND_POSITIVE_TANGENT_RANGE,,1.0339968685777803,8.883061196532822,3.242811262326284e-06
9,9-16,1.0138948104368444,528.7588188284124,0.745,-15.515485987585853,-0.007038351652548915,1.061027640995872,1.0334849111202977,1.072877622716393,0.4932499291170511,0.4753536810801462,30.56981563454167,1.2932083657554345,5.71762807908823,6.7766317555340105,BEYOND_POSITIVE_TANGENT_RANGE,,1.7012207311187368,16.830781704948507,-2.1806041421116304e-06
10,9-16,1.0113159249277759,546.3736210712857,0.866,-21.514583839873836,-0.005753375215136147,1.0623004916346406,1.0334849111202975,1.0729407466419625,0.4944651993558798,0.47651638920914996,30.610826047427636,1.4299331195214142,6.313842298002039,6.763992381342947,BEYOND_POSITIVE_TANGENT_RANGE,,1.8789285816035468,18.84366575532191,-3.4156517926571195e-06
11,9-16,1.0581292697065525,515.5596555020775,0.798,-19.005994927831672,-0.027532734587599462,0.9894108736423766,1.0334849111202977,1.0480939167926624,0.47187053048695377,0.44593184881890496,28.501561233796146,1.4539089311681233,6.041862101316806,6.704861385785349,BEYOND_POSITIVE_TANGENT_RANGE,,1.8004160280951276,18.707506068814528,2.843759373346853e-11
12,9-16,1.0743725525226655,549.5898134858747,0.74,-14.080177254432192,-0.03432780080484778,0.9575192824770234,1.0334849111202977,1.0453712228568928,0.4639904167129125,0.4373913532306005,27.675479111114072,1.0257531891431673,4.175524380719338,6.661624172719647,BEYOND_POSITIVE_TANGENT_RANGE,,1.244649142956528,12.373193078728407,-8.990256626228618e-07
13,9-16,1.1157480098752361,557.5572759693437,0.614,8.899966922868607,-0.050224123891934785,0.9015589606547512,1.0334849111202977,1.0453072058168043,0.4454593545110765,0.41907870013199616,25.899886746351275,1.211020183979079,4.771605075745398,6.587130289468935,BEYOND_POSITIVE_TANGENT_RANGE,,1.4324161464182081,15.127336229969403,5.014076976346389e-07
14,9-16,1.087255816215695,630.0614438612565,0.706,-12.0227035513499,-0.039506542429694314,0.9103257295914025,1.0334849111202977,1.0454423107602129,0.45812842910604373,0.4310086215249339,26.23659258723535,1.3592479779473483,5.354563158706055,6.462402093443227,BEYOND_POSITIVE_TANGENT_RANGE,,1.612550190686175,17.368415775693318,2.6788503394117125e-11
15,9-16,1.134071305984831,663.0825873414014,0.785,-13.484100030155588,-0.05658963579459127,0.8073708423575173,1.0334849111202977,1.0852716555437836,0.4374595484202066,0.4172435870336029,23.262543316345074,1.2925724246476882,4.769774818793106,6.173454288191137,BEYOND_POSITIVE_TANGENT_RANGE,,1.4429154622027176,16.379972520136302,4.470344083961052e-07
16,9-16,1.166482829632188,583.9882550711667,0.784,-19.10919137079906,-0.06690730770583672,0.8004548637877095,1.0334849111202977,1.0757771030013334,0.4236602637691567,0.4024723809264718,23.111280335409983,1.1371057005424103,4.204061279974594,6.331128304959305,BEYOND_POSITIVE_TANGENT_RANGE,,1.26633085520413,13.892887026273668,3.4869501839067645e-07
17,17-24,0.9086246239908844,336.69220555567074,0.668,-21.563296496496566,0.05406348787957325,0.9394684651989355,1.033484911120298,1.1062033422291409,0.547693774258156,0.548449354489925,26.816113188775812,0.6385508414628006,2.3389551888782982,5.3869593865252385,VALID_POSITIVE_TANGENT,0.17552328370345224,0.731684421217434,3.448310126524467,-3.6449658893504367e-06
18,17-24,0.9348689483352404,361.21213213410385,0.638,-8.862269742019224,0.037084567962142344,0.9237861441450548,1.0334849111202975,1.1057677894075035,0.5336320315121041,0.5343735975622794,26.4037106925381,0.6790239508652214,2.527590719846195,5.504730626380534,VALID_POSITIVE_TANGENT,0.15771392213962593,0.7871529770175558,4.466447726171494,3.9771764988333126e-07
19,17-24,0.9039770015172518,360.2101165517451,0.543,-4.61901578819629,0.05725695357837476,0.9416401782272399,1.0334849111202975,1.1061449038083484,0.5504979568823484,0.5512565690536937,26.881545579638637,0.6347348176890434,2.3169298522181916,5.36238909651797,VALID_POSITIVE_TANGENT,0.17886426145433812,0.725357232080319,3.0258282074881038,-4.5662045249075665e-06
20,17-24,0.8543560010882482,352.5362680120426,0.575,-5.425649384124598,0.09320272849332224,0.9717127685480801,1.0334849111202977,1.106382751065221,0.5778670745744324,0.5786601540889434,27.750439174461892,0.6322814846733693,2.2328831606562276,5.139239262003799,VALID_POSITIVE_TANGENT,0.21857912210724018,0.7057702030045822,2.4537425768709515,-4.794091922114339e-06
21,17-24,0.8359179021640809,368.1893374663602,0.572,-0.03350746812188499,0.10782743599096996,0.911661603580483,1.0334849111202977,1.0953460889588105,0.5885225666564677,0.574845583690892,25.830899238481717,0.6270574899629763,2.054105702734547,4.715339951715071,VALID_POSITIVE_TANGENT,0.22964829772555798,0.6677523473848622,2.1399197173796853,2.3230218564423388e-07
22,17-24,0.8717708367402498,370.2502248705197,0.516,4.044452169464585,0.08011898774537116,0.8906765725416527,1.0334849111202977,1.0953488166093408,0.5683363167348321,0.5551391617513957,25.216207407586623,0.6281675973099597,2.1097911556243125,4.866014377649722,VALID_POSITIVE_TANGENT,0.20413175077485662,0.6806170874254569,2.420161401708822,4.0429263014940035e-06
23,17-24,0.9602104424091464,377.9540075562621,0.531,8.93261663977345,0.02182264446979847,1.0706629968743302,1.033484911120298,1.0881788544673447,0.5203467272673639,0.5102522703673756,30.94336160361896,0.6578031953346318,2.798619732345785,6.429099851151036,VALID_POSITIVE_TANGENT,0.11943569443699671,0.8365787850566436,3.5112617597172693,-4.796245663794985e-07
24,17-24,0.9497289625331349,444.3006220611688,0.513,10.980836960128082,0.027998726514246362,1.0772793286145204,1.0334849111202975,1.0884161414082874,0.5257663795784709,0.5155520407149948,31.123168000121527,0.6251230726052671,2.643249258297603,6.374599343805566,VALID_POSITIVE_TANGENT,0.12757594932309627,0.7913413011097771,3.1558944331318353,6.560922939951925e-07