Case,Group,Thickness_in,Thickness_mm,b_over_t,Steel_spacing_in,Layers,Steel_ratio_pct,Cylinder_strength_psi,Peak_strain_x1e3,Pcr_kips,Pcr_kN,Pcr_method,Pf_kips,Pf_kN_primary,Pf_over_Pcr_reported,Pf_over_Pcr_calc,Postbuckling_reserve_pct,fcr_psi,fcr_over_fcyl,Buckling_location,Location_class,Pu_theory_kN,Pf_current_kN,Pu_minus_Pf_kN,Theory_over_Pf,Error_pct,Abs_error_pct
1,1-8,1.0,25.4,48.0,4.36,1,0.2,3896,2.1,125.1,556.4725240690885,Southwell,110.2,490.1940220017071,0.88,0.8808952837729817,-11.910471622701834,2575,0.661,Top 2/3 and bottom 1/3 of plate,Multiple zones,599.5158953522649,490.1940220017071,109.32187335055784,1.223017557219776,22.30175572197759,22.30175572197759
2,1-8,1.0,25.4,48.0,4.36,1,0.2,3802,1.92,100.4,446.6014501721542,Strain,113.9,506.65244197817094,1.13,1.1344621513944224,13.446215139442241,2065,0.543,Middle,Middle,587.4590968473708,506.65244197817094,80.80665486919986,1.1594912965458113,15.949129654581128,15.949129654581128
3,1-8,1.01,25.654,47.524752475247524,3.43,2,0.5,3156,1.93,90.6,403.00887834260124,Strain,99.9,444.37733936452395,1.1,1.1026490066225167,10.264900662251675,1806,0.572,Middle,Middle,511.41250956277804,444.37733936452395,67.0351701982541,1.1508519095373244,15.085190953732441,15.085190953732441
4,1-8,1.0,25.4,48.0,3.43,2,0.5,3430,1.69,125.7,559.1414570382448,Southwell,120.1,534.231415992786,0.96,0.9554494828957836,-4.4550517104216425,2530,0.739,Bottom 1/3,Bottom,546.7666684787998,534.231415992786,12.53525248601386,1.023464087117975,2.3464087117974985,2.3464087117974985
5,1-8,1.0,25.4,48.0,2.29,2,0.75,3298,1.8,130.2,579.158454306917,Deflection,140.2,623.640670459522,1.08,1.076804915514593,7.68049155145929,2550,0.773,Top 2/3 and bottom 1/3,Multiple zones,535.16804274827,623.640670459522,-88.47262771125202,0.8581352501496382,-14.18647498503618,14.18647498503618
6,1-8,1.04,26.416,46.15384615384615,2.29,2,0.75,3546,2.3,133.4,593.3927634757507,Deflection,155.5,691.6984611730077,1.16,1.1656671664167915,16.566716641679147,2470,0.696,Top 1/3,Top,605.3025864929929,691.6984611730077,-86.3958746800148,0.8750960432476581,-12.49039567523419,12.49039567523419
7,1-8,0.99,25.145999999999997,48.484848484848484,1.72,2,1.0,3688,1.89,130.0,578.2688099838649,Strain,143.9,640.0990904359859,1.11,1.106923076923077,10.69230769230769,2590,0.702,Middle,Middle,600.1286022732977,640.0990904359859,-39.970488162688184,0.9375557804097747,-6.244421959022528,6.244421959022528
8,1-8,0.97,24.637999999999998,49.48453608247423,1.72,2,1.0,3201,1.8,100.8,448.38073881825835,Strain,102.3,455.0530712411491,1.01,1.0148809523809523,1.4880952380952328,2050,0.641,Top 1/4,Top,512.5788185261621,455.0530712411491,57.52574728501298,1.1264154687015133,12.641546870151332,12.641546870151332
9,9-16,1.25,31.75,38.4,3.43,1,0.2,2564,1.94,116.0,515.993707370218,Strain,140.7,625.8647812671522,1.21,1.2129310344827586,21.293103448275865,1908,0.745,Top 1/3,Top,528.7588188284124,625.8647812671522,-97.10596243873988,0.8448451401241415,-15.515485987585853,15.515485987585853
10,9-16,1.25,31.75,38.4,3.43,1,0.2,2653,1.76,140.0,622.7510261364699,Strain,156.5,696.1466827882682,1.12,1.1178571428571429,11.785714285714288,2295,0.866,Middle,Middle,546.3736210712857,696.1466827882682,-149.7730617169825,0.7848541616012616,-21.514583839873836,21.514583839873836
11,9-16,1.26,32.004,38.095238095238095,2.82,2,0.5,2414,1.75,120.4,535.5658824773642,Strain,143.1,636.5405131437775,1.19,1.1885382059800664,18.853820598006642,1922,0.798,Middle,Middle,515.5596555020775,636.5405131437775,-120.98085764170003,0.8099400507216833,-19.005994927831672,19.005994927831672
12,9-16,1.24,31.496,38.70967741935484,2.82,2,0.5,2600,2.4,120.2,534.676238154312,Strain,143.8,639.6542682744599,1.2,1.1963394342762064,19.633943427620636,1924,0.74,Middle,Middle,549.5898134858747,639.6542682744599,-90.06445478858518,0.8591982274556781,-14.080177254432192,14.080177254432192
13,9-16,1.25,31.75,38.4,1.85,2,0.75,2546,2.0,100.2,445.71180584910206,Strain,115.1,511.99030791648346,1.15,1.148702594810379,14.870259481037905,1565,0.614,Middle,Middle,557.5572759693437,511.99030791648346,45.566968052860204,1.088999669228686,8.899966922868607,8.899966922868607
14,9-16,1.27,32.257999999999996,37.79527559055118,1.85,2,0.75,2873,1.87,129.9,577.823987822339,Strain,161.0,716.1636800569404,1.24,1.23941493456505,23.941493456505004,2027,0.706,Middle,Middle,630.0614438612565,716.1636800569404,-86.10223619568387,0.879772964486501,-12.0227035513499,12.0227035513499
15,9-16,1.28,32.512,37.5,1.41,2,1.0,2882,1.92,150.1,667.6780644506009,Strain,172.3,766.4285843093842,1.15,1.1479013990672886,14.79013990672886,2265,0.785,Middle,Middle,663.0825873414014,766.4285843093842,-103.34599696798273,0.8651589996984441,-13.484100030155588,13.484100030155588
16,9-16,1.24,31.496,38.70967741935484,1.41,2,1.0,2590,2.02,130.6,580.9377429530213,Strain,162.3,721.9463681567792,1.24,1.2427258805513017,24.27258805513017,2030,0.784,Middle,Middle,583.9882550711667,721.9463681567792,-137.95811308561247,0.8089080862920094,-19.10919137079906,19.10919137079906
17,17-24,0.757,19.2278,63.408190224570674,6.0,1,0.2,3272,1.89,80.4,357.6370178669442,Strain,96.5,429.2533858726382,1.2,1.2002487562189055,20.024875621890548,2185,0.668,Middle 1/3 and bottom 1/3,Multiple zones,336.69220555567074,429.2533858726382,-92.56118031696747,0.7843670350350344,-21.563296496496566,21.563296496496566
18,17-24,0.763,19.3802,62.90956749672346,6.0,1,0.2,3386,1.72,80.1,356.302551382366,Strain,89.1,396.3365459197105,1.11,1.1123595505617978,11.23595505617978,2160,0.638,Top 2/3,Top,361.21213213410385,396.3365459197105,-35.124413785606635,0.9113773025798078,-8.862269742019224,8.862269742019224
19,17-24,0.757,19.2278,63.408190224570674,2.29,1,0.5,3448,1.88,70.1,311.820335229761,Strain,84.9,377.6540151356164,1.21,1.211126961483595,21.11269614835951,1872,0.543,Top 1/2 and bottom 1/2,Multiple zones,360.2101165517451,377.6540151356164,-17.443898583871317,0.9538098421180371,-4.61901578819629,4.61901578819629
20,17-24,0.747,18.973799999999997,64.2570281124498,2.29,1,0.5,3546,1.98,75.3,334.9510876291156,Strain,83.8,372.76097135882986,1.11,1.1128818061088976,11.288180610889764,2040,0.575,Middle 1/3 and bottom 1/3,Multiple zones,352.5362680120426,372.76097135882986,-20.224703346787237,0.945743506158754,-5.425649384124598,5.425649384124598
21,17-24,0.76,19.304,63.1578947368421,1.55,1,0.75,3626,2.09,75.6,336.28555411369376,Strain,82.8,368.3127497435694,1.1,1.0952380952380953,9.523809523809534,2070,0.572,Top 1/2 and bottom 1/2,Multiple zones,368.1893374663602,368.3127497435694,-0.12341227720918369,0.9996649253187812,-0.03350746812188499,0.03350746812188499
22,17-24,0.758,19.2532,63.324538258575195,1.55,1,0.75,3590,1.98,70.0,311.37551306823497,Strain,80.0,355.85772922084,1.14,1.1428571428571428,14.28571428571428,1854,0.516,Top 1/3,Top,370.2502248705197,355.85772922084,14.392495649679688,1.0404445216946459,4.044452169464585,4.044452169464585
23,17-24,0.763,19.3802,62.90956749672346,1.17,1,1.0,3396,1.67,70.0,311.37551306823497,Strain,78.0,346.96128599031897,1.11,1.1142857142857143,11.428571428571432,1805,0.531,Top 1/3,Top,377.9540075562621,346.96128599031897,30.992721565943157,1.0893261663977345,8.93261663977345,8.93261663977345
24,17-24,0.782,19.8628,61.38107416879795,1.17,1,1.0,3917,1.87,80.0,355.85772922084,Strain,90.0,400.33994537344495,1.12,1.125,12.5,2010,0.513,Middle,Middle,444.3006220611688,400.33994537344495,43.96067668772383,1.1098083696012808,10.980836960128082,10.980836960128082