index,source,source_object,program_variables,code_object,verification,status,notes
0,Nguyen Eq.3.21-3.23; Appendix-B stmoduc route 3,TT uncracked explicit response,"e1,e2,E0,nu",n_branch_c.materials._tt_uncracked_source,tests/test_r16_source_local_solver.py::test_appendix_b_routes_have_only_source_independent_unknowns,PASS,0 independent local unknowns; no nonlinear root
1,Nguyen Eq.3.18-3.19; 3.21-3.23; 3.39-3.42; Appendix-B e3itstteu call,TC uncracked equivalent-uniaxial solution,"E2_secant; sigma1,sigma2; eps2u; sig1p,sig2p",n_branch_c.materials._tc_uncracked_source,tests/test_r16_source_local_solver.py::test_appendix_b_routes_have_only_source_independent_unknowns,PASS,1 independent local unknown; source stress residual <=1e-10
2,Nguyen Eq.3.17; 3.21-3.23; 3.39-3.42; Appendix-B e3itstress call,CC uncracked equivalent-uniaxial solution,"E1_secant,E2_secant; sigma1,sigma2; eps1u,eps2u",n_branch_c.materials._cc_uncracked_source,tests/test_r16_source_local_solver.py::test_appendix_b_routes_have_only_source_independent_unknowns,PASS,2 independent local unknowns; source stress residual <=1e-10
3,Appendix-B stmoduc irout dispatch,CC/TC/TT source-quadrant selection,"source_stress1,source_stress2; preferred route; route-consistency inequalities",n_branch_c.materials._uncracked_response_with_diagnostics,tests/test_r16_source_local_solver.py::test_old_tc_failure_band_is_solved_without_generic_four_variable_root,PASS,routes solved separately; no generic four-variable production root
4,Appendix-B estore continuation,previous accepted source secants and stresses,"source_secant1,source_secant2,source_stress1,source_stress2",n_branch_c.materials.NguyenConcreteState,tests/test_source_boundary_continuation.py::test_undamaged_trial_state_retains_appendix_b_estore_secants,PASS,numerical continuation only; no added constitutive state
5,Nguyen source state changes U/TC/TT/CC/TCX,deterministic strain substep and event localization,"source_strain; strain_start; strain_target; event bracket",n_branch_c.materials.NguyenConcreteMonotonic._localized_path_update,tests/test_r16_source_local_solver.py::test_natural_source_paths_coarse_substep_match_fine_path,PASS,same source equations at every substep; no smoothing or fallback law
6,Nguyen biaxial failure envelope; Ch.3 statement that cracking occurs when envelope is breached,U-to-cracked event criterion,"base.stress[0],sig1p",n_branch_c.materials.NguyenConcreteMonotonic._update_direct,tests/test_r16_source_local_solver.py::test_natural_source_paths_coarse_substep_match_fine_path,PASS,removed non-source total-strain OR trigger
7,Nguyen Eq.3.43-3.80,cracked and crushed source branches,"TC,TT,CC,TCX histories and source tangents",n_branch_c.materials.NguyenConcreteMonotonic._update_direct,tests/test_nguyen_material.py,PASS,original five source states retained
8,Nguyen Eq.3.81-3.83; Appendix-B stab_bar2,reinforcement first yield,"max_strain,stress_at_max",n_branch_c.materials.BilinearSteel.update,audit/run_r16_material_audit.py,PASS,fine and coarse monotonic paths identical
9,R16 mandatory material-domain audit,24 Swartz material parameter sets with temporary ft=0.10fc_analysis,"1056 principal-strain points; U/TC/TT/CC/TCX",audit/run_r16_material_audit.py,audit/r16_material_2d_scan.csv,PASS,zero failures; exact repeat determinism
10,R16 natural source-path audit,"U->TC; U->TT; U->CC; TC->TCX",96 paths across all 24 parameter sets,audit/run_r16_material_audit.py,audit/r16_natural_path_audit.csv,PASS,max fine/coarse stress difference 5.240386842854213e-7
11,R16 transition-surface audit,source-model switch stress and tangent behavior,"representative source-parameter envelope cases 11,12,23,24",audit/run_r16_material_audit.py,audit/r16_transition_continuity.csv,RECORDED,source equations are not smoothed; finite jumps remain at U->TC/TT/CC; TC->TCX is continuous
12,Nguyen Ch.4 and Ch.6 retained kernel,Kirchhoff/Q4/Hermite16/layers/residual/Newton/arc-length,existing retained code,"n_branch_c.kinematics; q4; hermite16; residual; solver; arc_length",67-test suite,PASS_REGRESSION,no Y-module or Branch-A/P production substitution
13,Branch P/A degeneration audit,verification-only degenerations,"P eigenpair; A small-imperfection asymptotic",n_branch_c.degenerations,tests/test_r12_degenerations_final_gate.py,PASS_REGRESSION,verification only
14,Current full production gate,real-material layer->element->global Newton/arc-length path through source events,"global residual/Jacobian/rollback/peak",NOT_EXECUTED_R16,NOT_EXECUTED_R16,OPEN,must pass before any Swartz structural panel calculation
