filename_or_artifact,type,historical_stage,module_or_material,original_or_derived,authority_level,github_status,source_identity_or_sha,notes
PRIMARY_SOURCE_LOCATOR_20260810.md,MD,P1_SOURCE_RECOVERY,UHPC,DERIVED_LOCATOR,L2_RECOVERY_INDEX,COPIED_TO_GITHUB,,Exact File Library IDs + DOI/public locators for Hiew/Liu/Leutbecher/DataS1/Lee/Shen/Diab/FHWA; PDFs remain authoritative
G12_SOURCE_ROLE_LEDGER_RECOVERED.csv,CSV,G12,UHPC,DERIVED_RECOVERED_LEDGER,L2_HISTORICAL_MACHINE_EVIDENCE,COPIED_TO_GITHUB,,Historical source-role identities retained with later governance boundary
G12_source_Hiew_2pct_summary.csv,CSV,G12,UHPC tension,DERIVED_SOURCE_EXTRACTION,L2_HISTORICAL_MACHINE_EVIDENCE,COPIED_TO_GITHUB,,2pct SL/HL/hybrid tensile anchors; not permanent parameter freeze
G12_source_Leutbecher_key_MRC2_biaxial.csv,CSV,G12,UHPC TC,DERIVED_SOURCE_EXTRACTION,L2_HISTORICAL_MACHINE_EVIDENCE,COPIED_TO_GITHUB,,Eight MRC2 strength/stiffness rows from historical G12 extraction
G12_source_Liu2024_sequential_TC.csv,CSV,G12,UHPC TC,DERIVED_SOURCE_EXTRACTION,L2_HISTORICAL_MACHINE_EVIDENCE,COPIED_TO_GITHUB,,Sequential TC path-dependent evidence; not exact identity constraints for memoryless current map
G12_source_Diab_beta_table.csv,CSV,G12,UHPC TC,DERIVED_SYNTHESIS_TABLE,L2_HISTORICAL_MACHINE_EVIDENCE,COPIED_TO_GITHUB,,Historical smooth beta oracle table
BUCKLING OF REINFORCED CONCRETE WALLS Attard UNICIV.pdf,PDF_TEXT_MIRROR,P1_SOURCE_TEXT,RC stability,MECHANICAL_EXTRACTION_MIRROR,L1_PDF_REMAINS_AUTHORITATIVE,FULL_TEXT_MIRROR_MIGRATED_3_PARTS_SHA_MATCH,TXT_SHA256=7a2b7030d5c0aa26038a8ae20ced6de4b90e643d235fbb93c0a546a524e22542,PDF SHA=a32fdbd8d397c34f13bd347d12da27438c84b8988fc22e795e3f5a4ba6f9fba6
PBL加劲型矩形钢管混凝土轴压柱局部屈曲性能分析_张宁.pdf,PDF_TEXT_MIRROR,P1_SOURCE_TEXT,PBL/steel shell local buckling,MECHANICAL_EXTRACTION_MIRROR,L1_PDF_REMAINS_AUTHORITATIVE,FULL_TEXT_MIRROR_MIGRATED_10_SEGMENTS_SHA_MATCH,TXT_SHA256=3e12d8b2c60f6d9f205887cf7505b16ba76697768b75eabb7b654181cb61ca19,PDF SHA=7ae43da9f08d777e8b6a47acfff450ff22929dc7fcdad15fe95d29a5370572c5
考虑薄膜效应的钢箱混凝土壁板局部屈曲行为研究_云露.pdf,PDF_TEXT_MIRROR,P1_SOURCE_TEXT,Y/steel shell membrane postbuckling,MECHANICAL_EXTRACTION_MIRROR,L1_PDF_REMAINS_AUTHORITATIVE,PARTIAL_TEXT_MIRROR_MIGRATION_6_OF_21_FIRST6_BLOBS_SHA_MATCH,TXT_SHA256=5dc2c4cdab6329ebed748da8195fc45490e6129c6ebedea3c438a7d39cba3ea0,PDF SHA=1fce0f9ce9058f00b2a6ddd0f6dd11faa41366816e2145348812c1a93884e897; missing search hits are non-evidence until 21/21 complete
Nguyen-011325526.pdf,PDF_TEXT_MIRROR_PREPARED,P1_SOURCE_TEXT,NC/RC,MECHANICAL_EXTRACTION_MIRROR,L1_PDF_REMAINS_AUTHORITATIVE,READY_FOR_TEXT_MIRROR,TXT_SHA256=cb1bd34ca0c0ccb6eb0abfeb7e0151da56baad0b3a228b9dddb8ca60512938f4,455954-byte local extraction prepared
PBL加劲型薄壁钢管混凝土...孙立鹏.pdf,PDF_TEXT_MIRROR_PREPARED,P1_SOURCE_TEXT,PBL/steel shell,MECHANICAL_EXTRACTION_MIRROR,L1_PDF_REMAINS_AUTHORITATIVE,READY_FOR_TEXT_MIRROR,TXT_SHA256=2c7eda7fb72c7702eed78d18fca5d5cbdd51f2956a1a88c6124cee099a160e92,546279-byte local extraction prepared
