x,z,top_node,bottom_node,ymid0,area_weight,phi_aligned
-540.0,1664.0,4997,4950,-0.2449626922607422,5760.0,-0.06124048018501818
-270.0,2304.0,4764,4715,-3.389812469482422,5760.0,-0.8474529881112284
0.0,896.0,4470,2706,3.929149627685547,5760.0,0.9822872507286886
-630.0,576.0,5080,5031,1.1857948303222656,5760.0,0.29644864967171985
-360.0,2368.0,4790,2830,-3.0356216430664062,5760.0,-0.7589054781251398
-90.0,1472.0,4510,4608,0.9792671203613281,5760.0,0.2448169321403604
180.0,2624.0,4198,4328,-3.3956031799316406,5760.0,-0.8489009011318988
720.0,3008.0,3702,2722,-0.2303485870361328,5312.0,-0.057587367467402034
-450.0,1152.0,4858,4907,1.9552345275878906,5760.0,0.48880842657611323
90.0,2688.0,4427,4378,-3.3247146606445312,5760.0,-0.8311788420444068
800.0,2688.0,5358,3594,0.0,128.0,-1.0340034913967681e-16
270.0,1088.0,4173,4271,2.9137229919433594,5760.0,0.7284307343718838
-800.0,1024.0,5252,3635,0.0,128.0,0.0
540.0,1024.0,3880,3960,1.7684707641601562,5760.0,0.44211771771597674
-720.0,1792.0,5142,2643,-0.2303485870361328,5312.0,-0.05758736746740194
-540.0,1856.0,4994,4953,-0.9415798187255859,5760.0,-0.23539507833529938
-270.0,3008.0,4775,4726,-1.2703742980957031,5760.0,-0.3175937099237655
0.0,2112.0,4451,2687,-3.3773117065429688,5760.0,-0.8443279255020153
-90.0,1024.0,4517,4615,3.5629425048828125,5760.0,0.8907357899740158
180.0,2176.0,4205,4321,-3.3956031799316406,5760.0,-0.8489009011318986
450.0,1280.0,4062,4013,1.4915485382080078,5760.0,0.372887016584779
720.0,640.0,3739,2759,0.5951118469238281,5312.0,0.14877801734965806
-180.0,2240.0,4547,4665,-3.569091796875,5760.0,-0.8922729835607339
90.0,1088.0,4402,4353,3.3247146606445312,5760.0,0.8311788420444063
-796.0,2368.0,5182,5280,-0.031352996826171875,2560.0,-0.007838403009360468
-540.0,1280.0,5003,4944,1.1488170623779297,5760.0,0.28720435970874914
800.0,1088.0,5333,3569,0.0,128.0,1.0340034913967675e-16
270.0,2944.0,4144,4242,-1.6625022888183594,5760.0,-0.4156254602186887
796.0,512.0,3658,3790,0.026525497436523438,2560.0,0.006631267844464139
-720.0,192.0,5167,2668,0.2303485870361328,5312.0,0.057587367467401875
540.0,1536.0,3872,3968,0.2449626922607422,5760.0,0.06124048018501829
-540.0,0.0,196,193,0.0,2880.0,0.0
-270.0,1152.0,4746,4697,2.6589927673339844,5760.0,0.6647482693939277
0.0,256.0,4480,2716,1.9270153045654297,5760.0,0.4817536741017153
-796.0,2496.0,5180,5278,-0.030858993530273438,2560.0,-0.007714786711467862
-90.0,2880.0,4488,4586,-2.314525604248047,5760.0,-0.5786314186881306
720.0,2112.0,3716,2736,-0.5283279418945312,5312.0,-0.13208198734443577
-450.0,1536.0,4852,4901,0.3180427551269531,5760.0,0.0795105616557084
-180.0,2432.0,4544,4668,-3.745359420776367,5760.0,-0.9363400296304664
90.0,1280.0,4405,4356,2.314525604248047,5760.0,0.5786314186881305
360.0,2176.0,4107,2784,-2.7521438598632812,5760.0,-0.6880358885314537
630.0,512.0,3839,3937,1.1065101623535156,5760.0,0.2766273098411772
800.0,1792.0,5344,3580,0.0,128.0,-4.5082255513284247e-17
270.0,2752.0,4147,4245,-2.6589927673339844,5760.0,-0.6647482693939282
796.0,2880.0,3695,3753,-0.018465042114257812,2560.0,-0.004616407115351318
-720.0,384.0,5164,2665,0.4283466339111328,5312.0,0.10708676031079266
-800.0,2496.0,5229,3612,0.0,128.0,-0.0
-540.0,704.0,5012,4935,1.9198646545410156,5760.0,0.47996641595768247
-270.0,1344.0,4749,4700,1.6625022888183594,5760.0,0.4156254602186888
-90.0,2432.0,4495,4593,-3.9299354553222656,5760.0,-0.9824840271286256
450.0,2944.0,4088,4039,-1.2224845886230469,5760.0,-0.30562129547128974
720.0,1792.0,3721,2741,-0.2303485870361328,5312.0,-0.05758736746740198
-180.0,2880.0,4537,4675,-2.205820083618164,5760.0,-0.55145503108381
90.0,1728.0,4412,4363,-0.9792671203613281,5760.0,-0.2448169321403606
360.0,2624.0,4100,2777,-2.7521438598632812,5760.0,-0.6880358885314538
630.0,832.0,3834,3932,1.3079338073730469,5760.0,0.32698367624232394
800.0,1728.0,5343,3579,0.0,128.0,-3.045572742967561e-17
270.0,2048.0,4158,4256,-2.6589927673339844,5760.0,-0.664748269393928
796.0,128.0,3652,3796,0.0078125,2560.0,0.001953185725817594
-720.0,832.0,5157,2658,0.6245040893554688,5312.0,0.15612577735752844
540.0,2496.0,3857,3983,-1.9198646545410156,5760.0,-0.47996641595768247
-540.0,896.0,5009,4938,1.9198646545410156,5760.0,0.47996641595768247
-270.0,1536.0,4752,4703,0.43251800537109375,5760.0,0.10812929030171144
0.0,1152.0,4466,2702,3.082052230834961,5760.0,0.7705132427757893
-630.0,2368.0,5108,5059,-1.3079338073730469,5760.0,-0.3269836762423241
-360.0,3136.0,4778,2818,-0.38121604919433594,5760.0,-0.09530413849023929
-90.0,2240.0,4498,4596,-3.7449817657470703,5760.0,-0.936245302395966
450.0,320.0,4047,3998,1.4915485382080078,5760.0,0.37288701658477896
-450.0,384.0,4870,4919,1.7370891571044922,5760.0,0.4342720866948197
-180.0,1024.0,4566,4646,3.3956031799316406,5760.0,0.8489009011318984
90.0,1920.0,4415,4366,-2.314525604248047,5760.0,-0.5786314186881303
360.0,2816.0,4097,2774,-2.082134246826172,5760.0,-0.5205337030824114
630.0,128.0,3845,3943,0.3259124755859375,5760.0,0.08147831238699862
800.0,384.0,5322,3558,0.0,128.0,8.383284221411526e-17
796.0,2496.0,3689,3759,-0.030858993530273438,2560.0,-0.007714786711467938
-800.0,640.0,5258,3641,0.0,128.0,0.0
-720.0,3072.0,5122,2623,-0.15561485290527344,5312.0,-0.038903669459549525
-540.0,3136.0,4974,4973,-0.2449626922607422,5760.0,-0.061240480185018355
-270.0,192.0,4731,4682,1.2703742980957031,5760.0,0.31759370992376484
-800.0,320.0,5263,3646,0.0,128.0,0.0
-360.0,640.0,4817,2857,2.8927555084228516,5760.0,0.7231890486136179
180.0,896.0,4225,4301,3.6862945556640625,5760.0,0.9215733880207724
450.0,2048.0,4074,4025,-1.9552345275878906,5760.0,-0.4888084265761133
720.0,1408.0,3727,2747,0.2303485870361328,5312.0,0.05758736746740195
-450.0,2752.0,4833,4882,-1.9552345275878906,5760.0,-0.48880842657611345
-180.0,1472.0,4559,4653,0.9332752227783203,5760.0,0.23331869746960698
90.0,320.0,4390,4341,2.314525604248047,5760.0,0.5786314186881304
360.0,1216.0,4122,2799,2.082134246826172,5760.0,0.5205337030824113
630.0,448.0,3840,3938,1.0097732543945312,5760.0,0.2524433920852944
800.0,192.0,5319,3555,0.0,128.0,4.50822555132842e-17
-796.0,1920.0,5189,5287,-0.018465042114257812,2560.0,-0.00461640711535127
800.0,1856.0,5345,3581,0.0,128.0,-5.899780949661425e-17
-800.0,2304.0,5232,3615,0.0,128.0,-0.0
540.0,896.0,3882,3958,1.9198646545410156,5760.0,0.4799664159576824
-800.0,1792.0,5240,3623,0.0,128.0,-0.0
-270.0,384.0,4734,4685,2.3623294830322266,5760.0,0.5905823271062616
0.0,2560.0,4444,2680,-3.8042259216308594,5760.0,-0.9510565162951536
540.0,256.0,3892,3948,0.9415798187255859,5760.0,0.23539507833529952
-630.0,2752.0,5114,5065,-1.0097732543945312,5760.0,-0.25244339208529465
-360.0,448.0,4820,2860,2.3436107635498047,5760.0,0.5859028663805351
180.0,704.0,4228,4298,3.6862945556640625,5760.0,0.9215733880207724
450.0,1984.0,4073,4024,-1.7370891571044922,5760.0,-0.43427208669481976
720.0,832.0,3736,2756,0.6245040893554688,5312.0,0.15612577735752856
-450.0,768.0,4864,4913,2.5325660705566406,5760.0,0.63314145393071
-180.0,1664.0,4556,4656,-0.47034645080566406,5760.0,-0.11758655383317937
90.0,512.0,4393,4344,3.3247146606445312,5760.0,0.8311788420444064
360.0,1408.0,4119,2796,1.1196956634521484,5760.0,0.2799241059452722
630.0,1792.0,3819,3917,-0.4824352264404297,5760.0,-0.12060871329714919
800.0,512.0,5324,3560,0.0,128.0,1.0340034913967676e-16
796.0,1088.0,3667,3781,0.026525497436523438,2560.0,0.006631267844464138
-796.0,704.0,5208,5306,0.030858993530273438,2560.0,0.007714786711467861
-270.0,576.0,4737,4688,3.1225013732910156,5760.0,0.7806254115253666
0.0,192.0,4481,2717,1.4724979400634766,5760.0,0.3681245526846779
-630.0,1408.0,5093,5044,0.4824352264404297,5760.0,0.1206087132971492
-360.0,0.0,188,108,0.0,2880.0,0.0
-90.0,3200.0,175,179,0.0,2880.0,-2.411149691213799e-16
180.0,256.0,4235,4291,1.8079090118408203,5760.0,0.4519771230910533
720.0,2560.0,3709,2729,-0.5951118469238281,5312.0,-0.14877801734965806
-450.0,1088.0,4859,4908,2.1425437927246094,5760.0,0.5356359655703011
-180.0,64.0,4581,4631,0.47034645080566406,5760.0,0.11758655383317934
90.0,960.0,4400,4351,3.7449817657470703,5760.0,0.9362453023959662
360.0,1856.0,4112,2789,-1.4653129577636719,5760.0,-0.36632836773667726
630.0,1088.0,3830,3928,1.1065101623535156,5760.0,0.27662730984117717
-800.0,1344.0,5247,3630,0.0,128.0,0.0
270.0,768.0,4178,4276,3.4441280364990234,5760.0,0.8610319767399894
540.0,2176.0,3862,3978,-1.7684707641601562,5760.0,-0.4421177177159769
-720.0,2112.0,5137,2638,-0.5283279418945312,5312.0,-0.13208198734443566
-800.0,128.0,5266,3649,0.0,128.0,0.0
-540.0,2176.0,4989,4958,-1.7684707641601562,5760.0,-0.44211771771597697
-270.0,768.0,4740,4691,3.4441280364990234,5760.0,0.8610319767399892
0.0,2432.0,4446,2682,-3.992107391357422,5760.0,-0.9980267284282716
-630.0,1088.0,5088,5039,1.1065101623535156,5760.0,0.27662730984117734
-360.0,1856.0,4798,2838,-1.4653129577636719,5760.0,-0.36632836773667726
-90.0,960.0,4518,4616,3.7449817657470703,5760.0,0.9362453023959662
180.0,64.0,4238,4288,0.47034645080566406,5760.0,0.11758655383317933
450.0,1088.0,4059,4010,2.1425437927246094,5760.0,0.5356359655703011
720.0,448.0,3742,2762,0.48213958740234375,5312.0,0.1205348269400442
-180.0,256.0,4578,4634,1.8079090118408203,5760.0,0.45197712309105337
90.0,3200.0,172,170,0.0,2880.0,-2.411149691213799e-16
360.0,0.0,160,106,0.0,2880.0,0.0
630.0,1408.0,3825,3923,0.4824352264404297,5760.0,0.12060871329714913
800.0,3200.0,210,138,0.0,64.0,-2.999519565323715e-32
270.0,576.0,4181,4279,3.1225013732910156,5760.0,0.7806254115253668
796.0,704.0,3661,3787,0.030858993530273438,2560.0,0.007714786711467937
-800.0,1600.0,5243,3626,0.0,128.0,0.0
-720.0,2304.0,5134,2635,-0.614654541015625,5312.0,-0.15366358058358154
-540.0,2368.0,4986,4961,-1.9506282806396484,5760.0,-0.4876570590917663
0.0,1600.0,4459,2695,0.0,5760.0,1.2246467991473532e-16
-630.0,1792.0,5099,5050,-0.4824352264404297,5760.0,-0.12060871329714926
-360.0,1408.0,4805,2845,1.1196956634521484,5760.0,0.2799241059452722
-90.0,512.0,4525,4623,3.3247146606445312,5760.0,0.8311788420444064
-800.0,1280.0,5248,3631,0.0,128.0,0.0
450.0,768.0,4054,4005,2.5325660705566406,5760.0,0.63314145393071
720.0,2176.0,3715,2735,-0.5661849975585938,5312.0,-0.14154613590645082
-450.0,1984.0,4845,4894,-1.7370891571044922,5760.0,-0.43427208669481976
-180.0,704.0,4571,4641,3.6862945556640625,5760.0,0.9215733880207725
360.0,448.0,4134,2811,2.3436107635498047,5760.0,0.5859028663805351
630.0,2752.0,3804,3902,-1.0097732543945312,5760.0,-0.25244339208529454
800.0,3136.0,5365,3601,0.0,128.0,-1.534889433113133e-17
270.0,384.0,4184,4282,2.3623294830322266,5760.0,0.5905823271062617
796.0,2048.0,3682,3766,-0.024206161499023438,2560.0,-0.006051534642200684
-720.0,2752.0,5127,2628,-0.48213958740234375,5312.0,-0.12053482694004418
450.0,1856.0,4071,4022,-1.2224845886230469,5760.0,-0.3056212954712895
540.0,1792.0,3868,3972,-0.7194938659667969,5760.0,-0.17987347595829867
-540.0,2560.0,4983,4964,-1.85882568359375,5760.0,-0.4647064157259069
-800.0,2752.0,5225,3608,0.0,128.0,-0.0
-630.0,448.0,5078,5029,1.0097732543945312,5760.0,0.25244339208529454
-360.0,1216.0,4808,2848,2.082134246826172,5760.0,0.5205337030824113
-90.0,320.0,4528,4626,2.314525604248047,5760.0,0.5786314186881304
180.0,1472.0,4216,4310,0.9332752227783203,5760.0,0.23331869746960696
450.0,2752.0,4085,4036,-1.9552345275878906,5760.0,-0.48880842657611345
720.0,1600.0,3724,2744,0.0,5312.0,1.915769668878474e-17
-450.0,2048.0,4844,4893,-1.9552345275878906,5760.0,-0.4888084265761133
-180.0,896.0,4568,4644,3.6862945556640625,5760.0,0.9215733880207725
360.0,640.0,4131,2808,2.8927555084228516,5760.0,0.7231890486136179
630.0,2048.0,3815,3913,-1.0097732543945312,5760.0,-0.2524433920852945
800.0,2304.0,5352,3588,0.0,128.0,-1.2029549374481423e-16
270.0,192.0,4187,4285,1.2703742980957031,5760.0,0.31759370992376496
796.0,320.0,3655,3793,0.018465042114257812,2560.0,0.0046164071153513165
-720.0,2944.0,5124,2625,-0.3014507293701172,5312.0,-0.07536287828926756
-540.0,1216.0,5004,4943,1.3379364013671875,5760.0,0.3344842567620234
0.0,1472.0,4461,2697,0.9947586059570312,5760.0,0.24868988716485482
-630.0,128.0,5073,5024,0.3259124755859375,5760.0,0.08147831238699867
-360.0,2816.0,4783,2823,-2.082134246826172,5760.0,-0.5205337030824114
-90.0,1920.0,4503,4601,-2.314525604248047,5760.0,-0.5786314186881303
180.0,1024.0,4223,4303,3.3956031799316406,5760.0,0.8489009011318984
450.0,384.0,4048,3999,1.7370891571044922,5760.0,0.4342720866948197
-450.0,320.0,4871,4920,1.4915485382080078,5760.0,0.37288701658477896
90.0,2240.0,4420,4371,-3.7449817657470703,5760.0,-0.936245302395966
360.0,3136.0,4092,2769,-0.38121604919433594,5760.0,-0.09530413849023929
630.0,2368.0,3810,3908,-1.3079338073730469,5760.0,-0.32698367624232394
540.0,1344.0,3875,3965,0.9415798187255859,5760.0,0.23539507833529966
800.0,2240.0,5351,3587,0.0,128.0,-1.1647083184890923e-16
270.0,1536.0,4166,4264,0.43251800537109375,5760.0,0.10812929030171146
796.0,1664.0,3676,3772,-0.003936767578125,2560.0,-0.0009843547944757645
-720.0,1344.0,5149,2650,0.3014507293701172,5312.0,0.0753628782892676
540.0,2752.0,3853,3987,-1.5059566497802734,5760.0,-0.37648913727495087
-540.0,1408.0,5001,4946,0.7194938659667969,5760.0,0.1798734759582986
-800.0,1088.0,5251,3634,0.0,128.0,0.0
0.0,640.0,4474,2710,3.8042259216308594,5760.0,0.9510565162951535
-630.0,832.0,5084,5035,1.3079338073730469,5760.0,0.3269836762423241
-360.0,2624.0,4786,2826,-2.7521438598632812,5760.0,-0.6880358885314538
-90.0,1728.0,4506,4604,-0.9792671203613281,5760.0,-0.2448169321403606
180.0,2880.0,4194,4332,-2.205820083618164,5760.0,-0.5514550310838099
720.0,1216.0,3730,2750,0.4283466339111328,5312.0,0.10708676031079277
-450.0,2944.0,4830,4879,-1.2224845886230469,5760.0,-0.30562129547128974
90.0,2432.0,4423,4374,-3.9299354553222656,5760.0,-0.9824840271286256
800.0,2944.0,5362,3598,0.0,128.0,-5.899780949661428e-17
270.0,1344.0,4169,4267,1.6625022888183594,5760.0,0.4156254602186889
540.0,704.0,3885,3955,1.9198646545410156,5760.0,0.4799664159576824
-800.0,896.0,5254,3637,0.0,128.0,0.0
-720.0,1536.0,5146,2647,0.07842636108398438,5312.0,0.019606437344394288
-800.0,2560.0,5228,3611,0.0,128.0,-0.0
-796.0,1472.0,5196,5294,0.0078125,2560.0,0.0019531857258175745
-540.0,1600.0,4998,4949,0.0,5760.0,5.983884393946517e-17
-270.0,2752.0,4771,4722,-2.6589927673339844,5760.0,-0.664748269393928
0.0,2880.0,4439,2675,-2.3511409759521484,5760.0,-0.5877852522924734
-630.0,512.0,5079,5030,1.1065101623535156,5760.0,0.27662730984117734
-360.0,2176.0,4793,2833,-2.7521438598632812,5760.0,-0.6880358885314537
-90.0,1280.0,4513,4611,2.314525604248047,5760.0,0.5786314186881305
180.0,2432.0,4201,4325,-3.745359420776367,5760.0,-0.9363400296304663
450.0,1536.0,4066,4017,0.3180427551269531,5760.0,0.0795105616557084
720.0,896.0,3735,2755,0.614654541015625,5312.0,0.15366358058358165
-800.0,2240.0,5233,3616,0.0,128.0,-0.0
90.0,2880.0,4430,4381,-2.314525604248047,5760.0,-0.5786314186881306
800.0,1344.0,5337,3573,0.0,128.0,5.899780949661432e-17
270.0,1152.0,4172,4270,2.6589927673339844,5760.0,0.6647482693939278
540.0,0.0,150,153,0.0,2880.0,0.0
-720.0,1984.0,5139,2640,-0.4283466339111328,5312.0,-0.10708676031079267
-796.0,2112.0,5186,5284,-0.026525497436523438,2560.0,-0.006631267844464075
796.0,2432.0,3688,3760,-0.031352996826171875,2560.0,-0.007838403009360546
-540.0,1792.0,4995,4952,-0.7194938659667969,5760.0,-0.1798734759582987
-270.0,2944.0,4774,4725,-1.6625022888183594,5760.0,-0.41562546021868857
0.0,0.0,174,102,0.0,2880.0,0.0
-796.0,2880.0,5174,5272,-0.018465042114257812,2560.0,-0.004616407115351272
-90.0,1088.0,4516,4614,3.3247146606445312,5760.0,0.8311788420444063
180.0,2240.0,4204,4322,-3.569091796875,5760.0,-0.8922729835607338
720.0,2368.0,3712,2732,-0.6245040893554688,5312.0,-0.15612577735752856
-450.0,1280.0,4856,4905,1.4915485382080078,5760.0,0.372887016584779
-180.0,2176.0,4548,4664,-3.3956031799316406,5760.0,-0.8489009011318988
90.0,1024.0,4401,4352,3.5629425048828125,5760.0,0.8907357899740158
800.0,1024.0,5332,3568,0.0,128.0,1.1080935535844449e-16
270.0,3008.0,4143,4241,-1.2703742980957031,5760.0,-0.3175937099237656
796.0,2624.0,3691,3757,-0.028425216674804688,2560.0,-0.007106421991493001
-720.0,128.0,5168,2669,0.15561485290527344,5312.0,0.038903669459549435
-180.0,2816.0,4538,4674,-2.5689449310302734,5760.0,-0.642236163813107
-540.0,448.0,5016,4931,1.5059566497802734,5760.0,0.37648913727495076
-270.0,1088.0,4745,4696,2.9137229919433594,5760.0,0.7284307343718835
-90.0,2688.0,4491,4589,-3.3247146606445312,5760.0,-0.8311788420444068
450.0,1152.0,4060,4011,1.9552345275878906,5760.0,0.48880842657611323
720.0,0.0,144,104,0.0,2656.0,0.0
-180.0,2624.0,4541,4671,-3.3956031799316406,5760.0,-0.8489009011318989
90.0,1472.0,4408,4359,0.9792671203613281,5760.0,0.2448169321403604
360.0,2368.0,4104,2781,-3.0356216430664062,5760.0,-0.7589054781251398
630.0,576.0,3838,3936,1.1857948303222656,5760.0,0.2964486496717197
-800.0,64.0,5267,3650,0.0,128.0,0.0
800.0,1984.0,5347,3583,0.0,128.0,-8.383284221411528e-17
270.0,2304.0,4154,4252,-3.389812469482422,5760.0,-0.8474529881112286
796.0,896.0,3664,3784,0.030858993530273438,2560.0,0.007714786711467937
-796.0,3072.0,5171,5269,-0.0078125,2560.0,-0.001953185725817579
-720.0,576.0,5161,2662,0.5661849975585938,5312.0,0.14154613590645068
540.0,1600.0,3871,3969,0.0,5760.0,5.983884393946516e-17
-540.0,640.0,5013,4934,1.85882568359375,5760.0,0.4647064157259068
-270.0,1280.0,4748,4699,2.028409957885742,5760.0,0.5071025487233483
0.0,1920.0,4454,2690,-2.3511409759521484,5760.0,-0.587785252292473
-796.0,2432.0,5181,5279,-0.031352996826171875,2560.0,-0.007838403009360468
-90.0,2496.0,4494,4592,-3.8679580688476562,5760.0,-0.9669896671132979
450.0,576.0,4051,4002,2.2960643768310547,5760.0,0.5740162054140293
-450.0,128.0,4874,4923,0.6310691833496094,5760.0,0.15776719425679867
-800.0,1536.0,5244,3627,0.0,128.0,0.0
90.0,1664.0,4411,4362,-0.49352455139160156,5760.0,-0.12338136498531688
360.0,2560.0,4101,2778,-2.8927555084228516,5760.0,-0.723189048613618
630.0,896.0,3833,3931,1.2873077392578125,5760.0,0.32182694833740233
800.0,1664.0,5342,3578,0.0,128.0,-1.5348894331131286e-17
270.0,2112.0,4157,4255,-2.9137229919433594,5760.0,-0.728430734371884
796.0,2240.0,3685,3763,-0.029878616333007812,2560.0,-0.007469503618545286
-720.0,768.0,5158,2659,0.6245040893554688,5312.0,0.15612577735752844
-540.0,832.0,5010,4937,1.9506282806396484,5760.0,0.4876570590917663
-270.0,1984.0,4759,4710,-2.3623294830322266,5760.0,-0.5905823271062616
0.0,3136.0,4435,2671,-0.5013332366943359,5760.0,-0.12533323356430465
-630.0,64.0,5072,5023,0.16425132751464844,5760.0,0.04106294981772067
-630.0,2304.0,5107,5058,-1.2873077392578125,5760.0,-0.3218269483374025
-360.0,896.0,4813,2853,2.9877490997314453,5760.0,0.7469370853869483
-90.0,2048.0,4501,4599,-3.0340538024902344,5760.0,-0.7585137072535838
180.0,3200.0,163,168,0.0,2880.0,-2.297906033050499e-16
450.0,2304.0,4078,4029,-2.492626190185547,5760.0,-0.6231564349818511
720.0,1664.0,3723,2743,-0.07842636108398438,5312.0,-0.019606437344394264
-450.0,2496.0,4837,4886,-2.492626190185547,5760.0,-0.6231564349818511
-180.0,1216.0,4563,4649,2.5689449310302734,5760.0,0.6422361638131069
90.0,64.0,4386,4337,0.49352455139160156,5760.0,0.12338136498531685
360.0,3008.0,4094,2771,-1.1196956634521484,5760.0,-0.2799241059452726
630.0,192.0,3844,3942,0.4824352264404297,5760.0,0.12060871329714906
-800.0,2816.0,5224,3607,0.0,128.0,-0.0
540.0,2816.0,3852,3988,-1.3379364013671875,5760.0,-0.3344842567620235
796.0,1280.0,3670,3778,0.018465042114257812,2560.0,0.004616407115351317
-540.0,3072.0,4975,4972,-0.48606109619140625,5760.0,-0.12151516141422926
-270.0,128.0,4730,4681,0.8582134246826172,5760.0,0.2145533171020573
0.0,1280.0,4464,2700,2.3511409759521484,5760.0,0.5877852522924732
-630.0,3008.0,5118,5069,-0.4824352264404297,5760.0,-0.12060871329714938
-360.0,704.0,4816,2856,2.9877490997314453,5760.0,0.7469370853869483
180.0,960.0,4224,4302,3.569091796875,5760.0,0.8922729835607339
450.0,192.0,4045,3996,0.93414306640625,5760.0,0.23353574395890575
720.0,3136.0,3700,2720,-0.07842636108398438,5312.0,-0.01960643734439432
-450.0,512.0,4868,4917,2.1425437927246094,5760.0,0.5356359655703011
-180.0,1408.0,4560,4652,1.3814849853515625,5760.0,0.3453712658691051
90.0,256.0,4389,4340,1.8970050811767578,5760.0,0.4742511160606477
360.0,1152.0,4123,2800,2.3436107635498047,5760.0,0.5859028663805351
630.0,1536.0,3823,3921,0.16425132751464844,5760.0,0.04106294981772075
800.0,768.0,5328,3564,0.0,128.0,1.2222302384331876e-16
796.0,1856.0,3679,3769,-0.015134811401367188,2560.0,-0.0037836456091674474
-796.0,960.0,5204,5302,0.029878616333007812,2560.0,0.007469503618545213
-270.0,320.0,4733,4684,2.028409957885742,5760.0,0.5071025487233483
0.0,960.0,4469,2705,3.8042259216308594,5760.0,0.9510565162951536
-630.0,2688.0,5113,5064,-1.1065101623535156,5760.0,-0.2766273098411775
-360.0,256.0,4823,2863,1.4653129577636719,5760.0,0.3663283677366775
180.0,512.0,4231,4295,3.1685638427734375,5760.0,0.7921411443833951
720.0,2816.0,3705,2725,-0.4283466339111328,5312.0,-0.10708676031079278
-450.0,2880.0,4831,4880,-1.4915485382080078,5760.0,-0.37288701658477913
-180.0,1856.0,4553,4659,-1.8079090118408203,5760.0,-0.45197712309105303
90.0,704.0,4396,4347,3.8679580688476562,5760.0,0.9669896671132978
360.0,1600.0,4116,2793,0.0,5760.0,9.312287318246304e-17
630.0,1856.0,3818,3916,-0.63134765625,5760.0,-0.15783704275045038
-800.0,384.0,5262,3645,0.0,128.0,0.0
-800.0,3008.0,5221,3604,0.0,128.0,-0.0
270.0,3072.0,4142,4240,-0.8582134246826172,5760.0,-0.21455331710205786
796.0,3200.0,142,145,0.0,1280.0,-1.923650916836197e-18
540.0,3008.0,3849,3991,-0.7194938659667969,5760.0,-0.17987347595829886
-796.0,2688.0,5177,5275,-0.026525497436523438,2560.0,-0.0066312678444640765
-270.0,512.0,4736,4687,2.9137229919433594,5760.0,0.7284307343718837
0.0,2176.0,4450,2686,-3.6193084716796875,5760.0,-0.9048270524660198
-630.0,1344.0,5092,5043,0.63134765625,5760.0,0.15783704275045066
-360.0,64.0,4826,2866,0.38121604919433594,5760.0,0.095304138490239
180.0,320.0,4234,4292,2.205820083618164,5760.0,0.5514550310838097
450.0,1344.0,4063,4014,1.2224845886230469,5760.0,0.3056212954712899
720.0,704.0,3738,2758,0.614654541015625,5312.0,0.15366358058358165
-180.0,0.0,178,181,0.0,2880.0,0.0
90.0,896.0,4399,4350,3.8679580688476562,5760.0,0.9669896671132978
360.0,1792.0,4113,2790,-1.1196956634521484,5760.0,-0.2799241059452723
630.0,1152.0,3829,3927,1.0097732543945312,5760.0,0.2524433920852944
270.0,832.0,4177,4275,3.4441280364990234,5760.0,0.8610319767399894
796.0,1472.0,3673,3775,0.0078125,2560.0,0.001953185725817594
-796.0,640.0,5209,5307,0.029878616333007812,2560.0,0.007469503618545212
-720.0,2048.0,5138,2639,-0.48213958740234375,5312.0,-0.12053482694004414
-540.0,2112.0,4990,4957,-1.6502265930175781,5760.0,-0.41255655918934314
0.0,320.0,4479,2715,2.3511409759521484,5760.0,0.5877852522924731
-630.0,1024.0,5087,5038,1.1857948303222656,5760.0,0.2964486496717198
-360.0,1664.0,4801,2841,-0.38121604919433594,5760.0,-0.09530413849023903
-90.0,768.0,4521,4619,3.9299354553222656,5760.0,0.9824840271286256
180.0,1920.0,4209,4317,-2.205820083618164,5760.0,-0.5514550310838096
450.0,3072.0,4090,4041,-0.6310691833496094,5760.0,-0.15776719425679903
720.0,2432.0,3711,2731,-0.6245040893554688,5312.0,-0.15612577735752856
-450.0,1728.0,4849,4898,-0.6310691833496094,5760.0,-0.1577671942567988
-180.0,448.0,4575,4637,2.8915557861328125,5760.0,0.7228888485857831
360.0,192.0,4138,2815,1.1196956634521484,5760.0,0.279924105945272
630.0,1472.0,3824,3922,0.3259124755859375,5760.0,0.08147831238699864
-800.0,3072.0,5220,3603,0.0,128.0,-0.0
270.0,640.0,4180,4278,3.2820358276367188,5760.0,0.8205091596160772
796.0,2816.0,3694,3754,-0.021505355834960938,2560.0,-0.005376365123618156
-720.0,2496.0,5131,2632,-0.614654541015625,5312.0,-0.15366358058358154
540.0,1408.0,3874,3966,0.7194938659667969,5760.0,0.17987347595829858
-540.0,2304.0,4987,4960,-1.9198646545410156,5760.0,-0.4799664159576825
-630.0,1728.0,5098,5049,-0.3259124755859375,5760.0,-0.08147831238699874
-360.0,1472.0,4804,2844,0.7564201354980469,5760.0,0.1891052737845542
-90.0,576.0,4524,4622,3.5629425048828125,5760.0,0.8907357899740159
180.0,1728.0,4212,4314,-0.9332752227783203,5760.0,-0.23331869746960715
450.0,3008.0,4089,4040,-0.93414306640625,5760.0,-0.23353574395890625
720.0,1856.0,3720,2740,-0.3014507293701172,5312.0,-0.07536287828926756
-180.0,640.0,4572,4640,3.569091796875,5760.0,0.8922729835607339
360.0,384.0,4135,2812,2.082134246826172,5760.0,0.5205337030824112
630.0,2816.0,3803,3901,-0.8971138000488281,5760.0,-0.22427829123385387
270.0,448.0,4183,4281,2.6589927673339844,5760.0,0.6647482693939278
796.0,64.0,3651,3797,0.003936767578125,2560.0,0.0009843547944757643
-796.0,3008.0,5172,5270,-0.011564254760742188,2560.0,-0.0028912137514866603
-720.0,2688.0,5128,2629,-0.5283279418945312,5312.0,-0.13208198734443571
-800.0,1216.0,5249,3632,0.0,128.0,0.0
-540.0,3008.0,4976,4971,-0.7194938659667969,5760.0,-0.1798734759582989
0.0,1216.0,4465,2701,2.738187789916992,5760.0,0.6845471059286888
-630.0,768.0,5083,5034,1.3079338073730469,5760.0,0.3269836762423241
-630.0,384.0,5077,5028,0.8971138000488281,5760.0,0.22427829123385387
-360.0,1024.0,4811,2851,2.7521438598632812,5760.0,0.6880358885314535
-90.0,128.0,4531,4629,0.9792671203613281,5760.0,0.24481693214036038
180.0,1280.0,4219,4307,2.205820083618164,5760.0,0.5514550310838098
450.0,640.0,4052,4003,2.4133758544921875,5760.0,0.6033438667977181
-450.0,64.0,4875,4924,0.3180427551269531,5760.0,0.07951056165570822
-180.0,3136.0,4533,4679,-0.47034645080566406,5760.0,-0.1175865538331797
360.0,832.0,4128,2805,3.0356216430664062,5760.0,0.7589054781251398
630.0,2112.0,3814,3912,-1.1065101623535156,5760.0,-0.2766273098411773
800.0,2496.0,5355,3591,0.0,128.0,-1.2029549374481423e-16
270.0,1792.0,4162,4260,-1.2703742980957031,5760.0,-0.3175937099237653
540.0,3200.0,149,154,0.0,2880.0,-1.1967768787893032e-16
-800.0,2688.0,5226,3609,0.0,128.0,-0.0
-720.0,1088.0,5153,2654,0.5283279418945312,5312.0,0.1320819873444356
540.0,1856.0,3867,3973,-0.9415798187255859,5760.0,-0.23539507833529935
-796.0,1152.0,5201,5299,0.024206161499023438,2560.0,0.006051534642200623
-540.0,1152.0,5005,4942,1.5059566497802734,5760.0,0.37648913727495076
-800.0,2368.0,5231,3614,0.0,128.0,-0.0
-360.0,2880.0,4782,2822,-1.787820816040039,5760.0,-0.4469554123349161
-90.0,1984.0,4502,4600,-2.695545196533203,5760.0,-0.6738863581852466
180.0,1088.0,4222,4304,3.1685638427734375,5760.0,0.792141144383395
450.0,2112.0,4075,4026,-2.1425437927246094,5760.0,-0.5356359655703012
720.0,1472.0,3726,2746,0.15561485290527344,5312.0,0.03890366945954947
-450.0,2688.0,4834,4883,-2.1425437927246094,5760.0,-0.5356359655703015
90.0,2176.0,4419,4370,-3.5629425048828125,5760.0,-0.8907357899740161
360.0,3072.0,4093,2770,-0.7564201354980469,5760.0,-0.1891052737845546
630.0,2432.0,3809,3907,-1.3079338073730469,5760.0,-0.32698367624232394
800.0,2176.0,5350,3586,0.0,128.0,-1.1080935535844454e-16
270.0,1600.0,4165,4263,0.0,5760.0,1.05654490430206e-16
540.0,960.0,3881,3959,1.85882568359375,5760.0,0.4647064157259068
-796.0,1088.0,5202,5300,0.026525497436523438,2560.0,0.006631267844464072
-720.0,1280.0,5150,2651,0.3677997589111328,5312.0,0.09194987150091019
-796.0,320.0,5214,5312,0.018465042114257812,2560.0,0.0046164071153512705
-540.0,1344.0,5002,4945,0.9415798187255859,5760.0,0.23539507833529968
-270.0,2496.0,4767,4718,-3.389812469482422,5760.0,-0.8474529881112284
0.0,2624.0,4443,2679,-3.6193084716796875,5760.0,-0.9048270524660199
540.0,1088.0,3879,3961,1.6502265930175781,5760.0,0.412556559189343
-360.0,2432.0,4789,2829,-3.0356216430664062,5760.0,-0.7589054781251398
-90.0,1536.0,4509,4607,0.49352455139160156,5760.0,0.12338136498531713
180.0,2688.0,4197,4329,-3.1685638427734375,5760.0,-0.7921411443833956
450.0,1792.0,4070,4021,-0.93414306640625,5760.0,-0.233535743958906
720.0,3200.0,143,103,0.0,2656.0,-3.831539337756948e-17
-450.0,960.0,4861,4910,2.4133758544921875,5760.0,0.6033438667977181
90.0,2624.0,4426,4377,-3.5629425048828125,5760.0,-0.8907357899740163
800.0,2624.0,5357,3593,0.0,128.0,-1.1080935535844455e-16
270.0,1408.0,4168,4266,1.2703742980957031,5760.0,0.3175937099237651
796.0,1024.0,3666,3782,0.028425216674804688,2560.0,0.007106421991492998
-720.0,1728.0,5143,2644,-0.15561485290527344,5312.0,-0.03890366945954947
540.0,2304.0,3860,3980,-1.9198646545410156,5760.0,-0.47996641595768247
-540.0,1536.0,4999,4948,0.2449626922607422,5760.0,0.0612404801850183
-270.0,2688.0,4770,4721,-2.9137229919433594,5760.0,-0.728430734371884
0.0,768.0,4472,2708,3.992107391357422,5760.0,0.9980267284282716
-360.0,2240.0,4792,2832,-2.8927555084228516,5760.0,-0.7231890486136179
-90.0,1344.0,4512,4610,1.8970050811767578,5760.0,0.47425111606064796
180.0,2496.0,4200,4326,-3.6862945556640625,5760.0,-0.9215733880207725
720.0,2624.0,3708,2728,-0.5661849975585938,5312.0,-0.14154613590645082
-450.0,1024.0,4860,4909,2.2960643768310547,5760.0,0.5740162054140292
90.0,2816.0,4429,4380,-2.695545196533203,5760.0,-0.6738863581852468
630.0,3072.0,3799,3897,-0.3259124755859375,5760.0,-0.0814783123869988
800.0,1280.0,5336,3572,0.0,128.0,7.198293278059968e-17
270.0,1216.0,4171,4269,2.3623294830322266,5760.0,0.5905823271062619
540.0,64.0,3895,3945,0.2449626922607422,5760.0,0.06124048018501816
-796.0,1728.0,5192,5290,-0.0078125,2560.0,-0.0019531857258175763
-720.0,1920.0,5140,2641,-0.3677997589111328,5312.0,-0.09194987150091015
-796.0,2048.0,5187,5285,-0.024206161499023438,2560.0,-0.006051534642200624
-800.0,2176.0,5234,3617,0.0,128.0,-0.0
-540.0,192.0,5020,4927,0.7194938659667969,5760.0,0.1798734759582985
-270.0,2880.0,4773,4724,-2.028409957885742,5760.0,-0.5071025487233484
0.0,2496.0,4445,2681,-3.929149627685547,5760.0,-0.9822872507286887
-800.0,2432.0,5230,3613,0.0,128.0,-0.0
-630.0,3200.0,200,198,0.0,2880.0,-8.024625014086011e-17
-90.0,2944.0,4487,4585,-1.8970050811767578,5760.0,-0.4742511160606477
180.0,2048.0,4207,4319,-2.8915557861328125,5760.0,-0.7228888485857831
450.0,1408.0,4064,4015,0.93414306640625,5760.0,0.23353574395890592
720.0,256.0,3745,2765,0.3014507293701172,5312.0,0.07536287828926762
-180.0,2368.0,4545,4667,-3.745359420776367,5760.0,-0.9363400296304664
90.0,1216.0,4404,4355,2.695545196533203,5760.0,0.6738863581852467
360.0,2112.0,4108,2785,-2.5681285858154297,5760.0,-0.642031991474431
800.0,1216.0,5335,3571,0.0,128.0,8.38328422141153e-17
270.0,2560.0,4150,4248,-3.2820358276367188,5760.0,-0.8205091596160773
796.0,640.0,3660,3788,0.029878616333007812,2560.0,0.007469503618545286
-720.0,320.0,5165,2666,0.3677997589111328,5312.0,0.09194987150091018
540.0,1216.0,3877,3963,1.3379364013671875,5760.0,0.3344842567620234
-540.0,384.0,5017,4930,1.3379364013671875,5760.0,0.3344842567620233
-270.0,1024.0,4744,4695,3.1225013732910156,5760.0,0.7806254115253665
0.0,1664.0,4458,2694,-0.5013332366943359,5760.0,-0.12533323356430429
800.0,832.0,5329,3565,0.0,128.0,1.2222302384331876e-16
-796.0,768.0,5207,5305,0.031352996826171875,2560.0,0.007838403009360468
-90.0,2752.0,4490,4588,-3.0340538024902344,5760.0,-0.758513707253584
450.0,832.0,4055,4006,2.5325660705566406,5760.0,0.63314145393071
720.0,2240.0,3714,2734,-0.5951118469238281,5312.0,-0.14877801734965806
-450.0,1920.0,4846,4895,-1.4915485382080078,5760.0,-0.3728870165847789
-180.0,2560.0,4542,4670,-3.569091796875,5760.0,-0.892272983560734
90.0,1408.0,4407,4358,1.4495658874511719,5760.0,0.3623915900290042
360.0,2304.0,4105,2782,-2.9877490997314453,5760.0,-0.7469370853869484
630.0,640.0,3837,3935,1.2463798522949219,5760.0,0.31159481720709964
800.0,1920.0,5346,3582,0.0,128.0,-7.198293278059965e-17
270.0,2368.0,4153,4251,-3.4441280364990234,5760.0,-0.8610319767399894
796.0,3008.0,3697,3751,-0.011564254760742188,2560.0,-0.002891213751486689
-720.0,512.0,5162,2663,0.5283279418945312,5312.0,0.13208198734443563
-540.0,576.0,5014,4933,1.7684707641601562,5760.0,0.44211771771597685
-270.0,1728.0,4755,4706,-0.8582134246826172,5760.0,-0.2145533171020575
-360.0,3200.0,187,107,0.0,2880.0,-1.8624574636492608e-16
-90.0,2304.0,4497,4595,-3.8679580688476562,5760.0,-0.9669896671132979
450.0,2560.0,4082,4033,-2.4133758544921875,5760.0,-0.6033438667977181
720.0,1920.0,3719,2739,-0.3677997589111328,5312.0,-0.09194987150091022
-450.0,2240.0,4841,4890,-2.4133758544921875,5760.0,-0.6033438667977181
-180.0,3008.0,4535,4677,-1.3814849853515625,5760.0,-0.3453712658691056
90.0,1856.0,4414,4365,-1.8970050811767578,5760.0,-0.4742511160606474
360.0,2752.0,4098,2775,-2.3436107635498047,5760.0,-0.5859028663805355
630.0,960.0,3832,3930,1.2463798522949219,5760.0,0.3115948172070997
800.0,320.0,5321,3557,0.0,128.0,7.198293278059966e-17
270.0,2176.0,4156,4254,-3.1225013732910156,5760.0,-0.7806254115253669
796.0,256.0,3654,3794,0.015134811401367188,2560.0,0.00378364560916745
-720.0,960.0,5155,2656,0.5951118469238281,5312.0,0.14877801734965798
540.0,1664.0,3870,3970,-0.2449626922607422,5760.0,-0.061240480185018174
-540.0,768.0,5011,4936,1.9506282806396484,5760.0,0.4876570590917663
-270.0,1920.0,4758,4709,-2.028409957885742,5760.0,-0.5071025487233481
0.0,1024.0,4468,2704,3.6193084716796875,5760.0,0.9048270524660195
-630.0,2240.0,5106,5057,-1.2463798522949219,5760.0,-0.3115948172070998
-360.0,960.0,4812,2852,2.8927555084228516,5760.0,0.723189048613618
-90.0,2112.0,4500,4598,-3.3247146606445312,5760.0,-0.8311788420444066
-450.0,3072.0,4828,4877,-0.6310691833496094,5760.0,-0.15776719425679903
450.0,448.0,4049,4000,1.9552345275878906,5760.0,0.48880842657611323
-450.0,256.0,4872,4921,1.2224845886230469,5760.0,0.30562129547128974
-180.0,1152.0,4564,4648,2.8915557861328125,5760.0,0.7228888485857831
90.0,0.0,171,169,0.0,2880.0,0.0
360.0,2944.0,4095,2772,-1.4653129577636719,5760.0,-0.3663283677366775
630.0,256.0,3843,3941,0.63134765625,5760.0,0.1578370427504505
-800.0,2880.0,5223,3606,0.0,128.0,-0.0
796.0,1600.0,3675,3773,0.0,2560.0,9.618254584180984e-19
-720.0,3200.0,201,99,0.0,2656.0,-3.831539337756945e-17
-796.0,192.0,5216,5314,0.011564254760742188,2560.0,0.0028912137514866543
-270.0,64.0,4729,4680,0.43251800537109375,5760.0,0.10812929030171119
0.0,704.0,4473,2709,3.929149627685547,5760.0,0.9822872507286886
-630.0,2048.0,5103,5054,-1.0097732543945312,5760.0,-0.2524433920852946
-630.0,2944.0,5117,5068,-0.63134765625,5760.0,-0.15783704275045055
-360.0,512.0,4819,2859,2.5681285858154297,5760.0,0.6420319914744308
180.0,768.0,4227,4299,3.745359420776367,5760.0,0.9363400296304663
-800.0,2624.0,5227,3610,0.0,128.0,-0.0
720.0,1024.0,3733,2753,0.5661849975585938,5312.0,0.14154613590645077
-450.0,2624.0,4835,4884,-2.2960643768310547,5760.0,-0.5740162054140295
-180.0,1600.0,4557,4655,0.0,5760.0,1.1489530165252494e-16
90.0,448.0,4392,4343,3.0340538024902344,5760.0,0.7585137072535837
360.0,1344.0,4120,2797,1.4653129577636719,5760.0,0.3663283677366777
630.0,1600.0,3822,3920,0.0,5760.0,4.012312507043003e-17
800.0,960.0,5331,3567,0.0,128.0,1.1647083184890926e-16
540.0,2688.0,3854,3986,-1.6502265930175781,5760.0,-0.41255655918934325
540.0,2112.0,3863,3977,-1.6502265930175781,5760.0,-0.41255655918934314
-796.0,2944.0,5173,5271,-0.015134811401367188,2560.0,-0.0037836456091674122
-270.0,256.0,4732,4683,1.6625022888183594,5760.0,0.41562546021868857
0.0,2944.0,4438,2674,-1.9270153045654297,5760.0,-0.4817536741017153
-630.0,2624.0,5112,5063,-1.1857948303222656,5760.0,-0.29644864967171997
-360.0,320.0,4822,2862,1.787820816040039,5760.0,0.44695541233491587
180.0,576.0,4230,4296,3.3956031799316406,5760.0,0.8489009011318984
450.0,1600.0,4067,4018,0.0,5760.0,7.769077048515857e-17
720.0,960.0,3734,2754,0.5951118469238281,5312.0,0.14877801734965806
-450.0,3200.0,189,191,0.0,2880.0,-1.5538154097031715e-16
-180.0,1792.0,4554,4658,-1.3814849853515625,5760.0,-0.34537126586910527
90.0,640.0,4395,4346,3.7449817657470703,5760.0,0.936245302395966
360.0,1536.0,4117,2794,0.38121604919433594,5760.0,0.0953041384902392
630.0,1920.0,3817,3915,-0.7703056335449219,5760.0,-0.19257618775229815
800.0,640.0,5326,3562,0.0,128.0,1.1647083184890923e-16
270.0,3136.0,4141,4239,-0.43251800537109375,5760.0,-0.10812929030171155
796.0,1216.0,3669,3779,0.021505355834960938,2560.0,0.005376365123618155
-796.0,256.0,5215,5313,0.015134811401367188,2560.0,0.0037836456091674122
-796.0,576.0,5210,5308,0.028425216674804688,2560.0,0.0071064219914929285
-270.0,960.0,4743,4694,3.2820358276367188,5760.0,0.8205091596160771
0.0,64.0,4483,2719,0.5013332366943359,5760.0,0.12533323356430426
-630.0,1280.0,5091,5042,0.7703056335449219,5760.0,0.19257618775229832
-360.0,1920.0,4797,2837,-1.787820816040039,5760.0,-0.4469554123349158
-90.0,3072.0,4485,4583,-0.9792671203613281,5760.0,-0.24481693214036093
180.0,128.0,4237,4289,0.9332752227783203,5760.0,0.23331869746960693
720.0,2688.0,3707,2727,-0.5283279418945312,5312.0,-0.1320819873444358
-450.0,1472.0,4853,4902,0.6310691833496094,5760.0,0.15776719425679867
-180.0,192.0,4579,4633,1.3814849853515625,5760.0,0.3453712658691049
90.0,3136.0,4434,4385,-0.49352455139160156,5760.0,-0.12338136498531724
360.0,1984.0,4110,2787,-2.082134246826172,5760.0,-0.5205337030824113
630.0,1216.0,3828,3926,0.8971138000488281,5760.0,0.22427829123385382
-800.0,0.0,206,140,0.0,64.0,0.0
270.0,896.0,4176,4274,3.389812469482422,5760.0,0.8474529881112285
796.0,2560.0,3690,3758,-0.029878616333007812,2560.0,-0.007469503618545287
-720.0,2240.0,5135,2636,-0.5951118469238281,5312.0,-0.14877801734965795
-800.0,832.0,5255,3638,0.0,128.0,0.0
540.0,2560.0,3856,3984,-1.85882568359375,5760.0,-0.4647064157259068
-540.0,2048.0,4991,4956,-1.5059566497802734,5760.0,-0.3764891372749508
-270.0,3200.0,186,184,0.0,2880.0,-2.1130898086041196e-16
0.0,2304.0,4448,2684,-3.929149627685547,5760.0,-0.9822872507286887
-630.0,1984.0,5102,5053,-0.8971138000488281,5760.0,-0.2242782912338539
-360.0,1728.0,4800,2840,-0.7564201354980469,5760.0,-0.18910527378455436
-90.0,832.0,4520,4618,3.9299354553222656,5760.0,0.9824840271286256
180.0,1984.0,4208,4318,-2.5689449310302734,5760.0,-0.6422361638131067
450.0,1216.0,4061,4012,1.7370891571044922,5760.0,0.4342720866948198
720.0,64.0,3748,2768,0.07842636108398438,5312.0,0.019606437344394257
-180.0,384.0,4576,4636,2.5689449310302734,5760.0,0.6422361638131067
360.0,128.0,4139,2816,0.7564201354980469,5760.0,0.1891052737845542
630.0,2560.0,3807,3905,-1.2463798522949219,5760.0,-0.3115948172070997
800.0,64.0,5317,3553,0.0,128.0,1.5348894331131283e-17
-800.0,2112.0,5235,3618,0.0,128.0,-0.0
-800.0,3136.0,5219,3602,0.0,128.0,-0.0
270.0,704.0,4179,4277,3.389812469482422,5760.0,0.8474529881112285
796.0,832.0,3663,3785,0.031352996826171875,2560.0,0.007838403009360546
-720.0,2432.0,5132,2633,-0.6245040893554688,5312.0,-0.15612577735752844
-796.0,1664.0,5193,5291,-0.003936767578125,2560.0,-0.0009843547944757547
800.0,0.0,209,137,0.0,64.0,0.0
-540.0,2752.0,4980,4967,-1.5059566497802734,5760.0,-0.3764891372749509
0.0,1984.0,4453,2689,-2.738187789916992,5760.0,-0.6845471059286887
-630.0,1664.0,5097,5048,-0.16425132751464844,5760.0,-0.041062949817720684
-360.0,1280.0,4807,2847,1.787820816040039,5760.0,0.446955412334916
-90.0,384.0,4527,4625,2.695545196533203,5760.0,0.6738863581852464
180.0,1536.0,4215,4311,0.47034645080566406,5760.0,0.11758655383317959
450.0,896.0,4056,4007,2.492626190185547,5760.0,0.623156434981851
-450.0,1856.0,4847,4896,-1.2224845886230469,5760.0,-0.3056212954712895
-180.0,832.0,4569,4643,3.745359420776367,5760.0,0.9363400296304664
360.0,576.0,4132,2809,2.7521438598632812,5760.0,0.6880358885314536
630.0,2880.0,3802,3900,-0.7703056335449219,5760.0,-0.19257618775229826
-800.0,1472.0,5245,3628,0.0,128.0,0.0
270.0,0.0,162,166,0.0,2880.0,0.0
796.0,2176.0,3684,3764,-0.028425216674804688,2560.0,-0.0071064219914930005
-720.0,2880.0,5125,2626,-0.3677997589111328,5312.0,-0.0919498715009102
540.0,1472.0,3873,3967,0.48606109619140625,5760.0,0.12151516141422898
-540.0,2944.0,4977,4970,-0.9415798187255859,5760.0,-0.23539507833529955
0.0,3200.0,173,101,0.0,2880.0,-2.4492935982947064e-16
-796.0,1536.0,5195,5293,0.003936767578125,2560.0,0.0009843547944757567
-630.0,320.0,5076,5027,0.7703056335449219,5760.0,0.1925761877522983
-360.0,1088.0,4810,2850,2.5681285858154297,5760.0,0.6420319914744308
-90.0,192.0,4530,4628,1.4495658874511719,5760.0,0.36239159002900395
180.0,1344.0,4218,4308,1.8079090118408203,5760.0,0.4519771230910536
450.0,2368.0,4079,4030,-2.5325660705566406,5760.0,-0.63314145393071
720.0,1728.0,3722,2742,-0.15561485290527344,5312.0,-0.0389036694595495
-450.0,2432.0,4838,4887,-2.5325660705566406,5760.0,-0.63314145393071
-180.0,3072.0,4534,4678,-0.9332752227783203,5760.0,-0.23331869746960748
360.0,768.0,4129,2806,3.0356216430664062,5760.0,0.7589054781251398
630.0,2176.0,3813,3911,-1.1857948303222656,5760.0,-0.2964486496717198
800.0,2432.0,5354,3590,0.0,128.0,-1.2222302384331876e-16
270.0,1856.0,4161,4259,-1.6625022888183594,5760.0,-0.41562546021868835
796.0,448.0,3657,3791,0.024206161499023438,2560.0,0.006051534642200683
-720.0,1024.0,5154,2655,0.5661849975585938,5312.0,0.14154613590645065
-540.0,1088.0,5006,4941,1.6502265930175781,5760.0,0.41255655918934303
540.0,320.0,3891,3949,1.1488170623779297,5760.0,0.287204359708749
0.0,1344.0,4463,2699,1.9270153045654297,5760.0,0.4817536741017156
-630.0,0.0,199,197,0.0,2880.0,0.0
-360.0,2688.0,4785,2825,-2.5681285858154297,5760.0,-0.6420319914744312
-90.0,1792.0,4505,4603,-1.4495658874511719,5760.0,-0.36239159002900434
180.0,2944.0,4193,4333,-1.8079090118408203,5760.0,-0.4519771230910533
450.0,0.0,157,155,0.0,2880.0,0.0
-450.0,704.0,4865,4914,2.492626190185547,5760.0,0.623156434981851
90.0,2368.0,4422,4373,-3.9299354553222656,5760.0,-0.9824840271286256
630.0,2496.0,3808,3906,-1.2873077392578125,5760.0,-0.32182694833740233
800.0,2880.0,5361,3597,0.0,128.0,-7.19829327805997e-17
270.0,1664.0,4164,4262,-0.43251800537109375,5760.0,-0.10812929030171124
796.0,1792.0,3678,3770,-0.011564254760742188,2560.0,-0.002891213751486686
180.0,2752.0,4196,4330,-2.8915557861328125,5760.0,-0.7228888485857833
-720.0,1472.0,5147,2648,0.15561485290527344,5312.0,0.03890366945954944
540.0,448.0,3889,3951,1.5059566497802734,5760.0,0.3764891372749507
540.0,1920.0,3866,3974,-1.1488170623779297,5760.0,-0.287204359708749
-796.0,0.0,204,208,0.0,1280.0,0.0
-270.0,2432.0,4766,4717,-3.4441280364990234,5760.0,-0.8610319767399892
0.0,512.0,4476,2712,3.3773117065429688,5760.0,0.8443279255020151
-630.0,704.0,5082,5033,1.2873077392578125,5760.0,0.3218269483374025
-360.0,2496.0,4788,2828,-2.9877490997314453,5760.0,-0.7469370853869484
-90.0,1600.0,4508,4606,0.0,5760.0,1.2055748456068996e-16
540.0,384.0,3890,3950,1.3379364013671875,5760.0,0.3344842567620233
720.0,2880.0,3704,2724,-0.3677997589111328,5312.0,-0.09194987150091027
-450.0,2816.0,4832,4881,-1.7370891571044922,5760.0,-0.43427208669481987
90.0,2560.0,4425,4376,-3.7449817657470703,5760.0,-0.9362453023959662
800.0,2560.0,5356,3592,0.0,128.0,-1.1647083184890926e-16
270.0,1472.0,4167,4265,0.8582134246826172,5760.0,0.21455331710205738
796.0,3136.0,3699,3749,-0.003936767578125,2560.0,-0.0009843547944757673
-720.0,1664.0,5144,2645,-0.07842636108398438,5312.0,-0.01960643734439425
540.0,512.0,3888,3952,1.6502265930175781,5760.0,0.41255655918934303
-270.0,2624.0,4769,4720,-3.1225013732910156,5760.0,-0.7806254115253668
0.0,2240.0,4449,2685,-3.8042259216308594,5760.0,-0.9510565162951535
-796.0,1280.0,5199,5297,0.018465042114257812,2560.0,0.004616407115351271
-360.0,2048.0,4795,2835,-2.3436107635498047,5760.0,-0.5859028663805352
-90.0,1152.0,4515,4613,3.0340538024902344,5760.0,0.7585137072535837
180.0,2304.0,4203,4323,-3.6862945556640625,5760.0,-0.9215733880207725
450.0,1664.0,4068,4019,-0.3180427551269531,5760.0,-0.07951056165570825
720.0,512.0,3741,2761,0.5283279418945312,5312.0,0.13208198734443571
-450.0,3136.0,4827,4876,-0.3180427551269531,5760.0,-0.07951056165570847
-180.0,2112.0,4549,4663,-3.1685638427734375,5760.0,-0.7921411443833954
90.0,3008.0,4432,4383,-1.4495658874511719,5760.0,-0.36239159002900473
630.0,3136.0,3798,3896,-0.16425132751464844,5760.0,-0.04106294981772078
800.0,1472.0,5339,3575,0.0,128.0,3.045572742967559e-17
270.0,2816.0,4146,4244,-2.3623294830322266,5760.0,-0.590582327106262
796.0,1408.0,3672,3776,0.011564254760742188,2560.0,0.0028912137514866846
-720.0,64.0,5169,2670,0.07842636108398438,5312.0,0.019606437344394243
-800.0,1920.0,5238,3621,0.0,128.0,-0.0
540.0,2368.0,3859,3981,-1.9506282806396484,5760.0,-0.48765705909176627
-540.0,128.0,5021,4926,0.48606109619140625,5760.0,0.12151516141422898
-270.0,2816.0,4772,4723,-2.3623294830322266,5760.0,-0.5905823271062618
0.0,384.0,4478,2714,2.738187789916992,5760.0,0.6845471059286886
-630.0,3136.0,5120,5071,-0.16425132751464844,5760.0,-0.0410629498177208
-540.0,2432.0,4985,4962,-1.9506282806396484,5760.0,-0.4876570590917663
-90.0,3008.0,4486,4584,-1.4495658874511719,5760.0,-0.36239159002900473
180.0,2112.0,4206,4320,-3.1685638427734375,5760.0,-0.7921411443833953
450.0,3136.0,4091,4042,-0.3180427551269531,5760.0,-0.07951056165570847
720.0,2496.0,3710,2730,-0.614654541015625,5312.0,-0.15366358058358165
-450.0,1664.0,4850,4899,-0.3180427551269531,5760.0,-0.07951056165570825
-180.0,2304.0,4546,4666,-3.6862945556640625,5760.0,-0.9215733880207726
90.0,1152.0,4403,4354,3.0340538024902344,5760.0,0.7585137072535837
360.0,2048.0,4109,2786,-2.3436107635498047,5760.0,-0.5859028663805352
800.0,1152.0,5334,3570,0.0,128.0,9.436065764660177e-17
270.0,2624.0,4149,4247,-3.1225013732910156,5760.0,-0.780625411525367
796.0,2752.0,3693,3755,-0.024206161499023438,2560.0,-0.006051534642200686
-796.0,1984.0,5188,5286,-0.021505355834960938,2560.0,-0.0053763651236181
-720.0,256.0,5166,2667,0.3014507293701172,5312.0,0.07536287828926756
-540.0,320.0,5018,4929,1.1488170623779297,5760.0,0.2872043597087491
-270.0,1472.0,4751,4702,0.8582134246826172,5760.0,0.21455331710205733
-796.0,2240.0,5184,5282,-0.029878616333007812,2560.0,-0.007469503618545212
-796.0,1856.0,5190,5288,-0.015134811401367188,2560.0,-0.0037836456091674096
-800.0,1984.0,5237,3620,0.0,128.0,-0.0
450.0,2816.0,4086,4037,-1.7370891571044922,5760.0,-0.43427208669481987
720.0,128.0,3747,2767,0.15561485290527344,5312.0,0.03890366945954946
-180.0,2752.0,4539,4673,-2.8915557861328125,5760.0,-0.7228888485857834
90.0,1600.0,4410,4361,0.0,5760.0,1.2055748456068996e-16
360.0,2496.0,4102,2779,-2.9877490997314453,5760.0,-0.7469370853869484
630.0,704.0,3836,3934,1.2873077392578125,5760.0,0.32182694833740233
800.0,1600.0,5341,3577,0.0,128.0,1.4997597826618576e-32
270.0,2432.0,4152,4250,-3.4441280364990234,5760.0,-0.8610319767399894
796.0,0.0,141,146,0.0,1280.0,0.0
-720.0,704.0,5159,2660,0.614654541015625,5312.0,0.15366358058358154
540.0,768.0,3884,3956,1.9506282806396484,5760.0,0.48765705909176627
-540.0,512.0,5015,4932,1.6502265930175781,5760.0,0.4125565591893431
-270.0,1664.0,4754,4705,-0.43251800537109375,5760.0,-0.10812929030171121
0.0,1792.0,4456,2692,-1.4724979400634766,5760.0,-0.3681245526846783
-630.0,2496.0,5110,5061,-1.2873077392578125,5760.0,-0.3218269483374025
-540.0,1984.0,4992,4955,-1.3379364013671875,5760.0,-0.33448425676202337
-90.0,2368.0,4496,4594,-3.9299354553222656,5760.0,-0.9824840271286256
450.0,704.0,4053,4004,2.492626190185547,5760.0,0.623156434981851
-450.0,0.0,190,192,0.0,2880.0,0.0
-180.0,2944.0,4536,4676,-1.8079090118408203,5760.0,-0.45197712309105337
90.0,1792.0,4413,4364,-1.4495658874511719,5760.0,-0.36239159002900434
360.0,2688.0,4099,2776,-2.5681285858154297,5760.0,-0.6420319914744312
630.0,0.0,148,152,0.0,2880.0,0.0
800.0,256.0,5320,3556,0.0,128.0,5.899780949661428e-17
270.0,2240.0,4155,4253,-3.2820358276367188,5760.0,-0.8205091596160772
796.0,2368.0,3687,3761,-0.031352996826171875,2560.0,-0.007838403009360546
-720.0,896.0,5156,2657,0.614654541015625,5312.0,0.15366358058358154
-796.0,448.0,5212,5310,0.024206161499023438,2560.0,0.006051534642200623
-270.0,1856.0,4757,4708,-1.6625022888183594,5760.0,-0.4156254602186883
-630.0,2176.0,5105,5056,-1.1857948303222656,5760.0,-0.2964486496717199
-360.0,768.0,4815,2855,3.0356216430664062,5760.0,0.7589054781251398
180.0,3072.0,4191,4335,-0.9332752227783203,5760.0,-0.23331869746960746
450.0,2432.0,4080,4031,-2.5325660705566406,5760.0,-0.63314145393071
720.0,1280.0,3729,2749,0.3677997589111328,5312.0,0.09194987150091025
-450.0,2368.0,4839,4888,-2.5325660705566406,5760.0,-0.63314145393071
-180.0,1344.0,4561,4651,1.8079090118408203,5760.0,0.45197712309105365
90.0,192.0,4388,4339,1.4495658874511719,5760.0,0.36239159002900395
360.0,1088.0,4124,2801,2.5681285858154297,5760.0,0.6420319914744308
630.0,320.0,3842,3940,0.7703056335449219,5760.0,0.19257618775229818
-800.0,2944.0,5222,3605,0.0,128.0,-0.0
540.0,2944.0,3850,3990,-0.9415798187255859,5760.0,-0.23539507833529952
540.0,1728.0,3869,3971,-0.48606109619140625,5760.0,-0.12151516141422908
-796.0,2176.0,5185,5283,-0.028425216674804688,2560.0,-0.00710642199149293
-270.0,0.0,185,183,0.0,2880.0,0.0
0.0,2688.0,4442,2678,-3.3773117065429688,5760.0,-0.8443279255020155
-796.0,1216.0,5200,5298,0.021505355834960938,2560.0,0.005376365123618101
-630.0,2880.0,5116,5067,-0.7703056335449219,5760.0,-0.19257618775229834
-360.0,576.0,4818,2858,2.7521438598632812,5760.0,0.6880358885314536
180.0,832.0,4226,4300,3.745359420776367,5760.0,0.9363400296304663
-800.0,576.0,5259,3642,0.0,128.0,0.0
-796.0,2752.0,5176,5274,-0.024206161499023438,2560.0,-0.006051534642200626
-450.0,896.0,4862,4911,2.492626190185547,5760.0,0.623156434981851
-180.0,1536.0,4558,4654,0.47034645080566406,5760.0,0.1175865538331796
90.0,384.0,4391,4342,2.695545196533203,5760.0,0.6738863581852464
360.0,1280.0,4121,2798,1.787820816040039,5760.0,0.446955412334916
630.0,1664.0,3821,3919,-0.16425132751464844,5760.0,-0.04106294981772066
-270.0,2048.0,4760,4711,-2.6589927673339844,5760.0,-0.6647482693939278
800.0,896.0,5330,3566,0.0,128.0,1.202954937448142e-16
796.0,1984.0,3681,3767,-0.021505355834960938,2560.0,-0.005376365123618154
-800.0,960.0,5253,3636,0.0,128.0,0.0
-270.0,2240.0,4763,4714,-3.2820358276367188,5760.0,-0.820509159616077
-796.0,832.0,5206,5304,0.031352996826171875,2560.0,0.007838403009360468
-270.0,704.0,4739,4690,3.389812469482422,5760.0,0.8474529881112283
0.0,832.0,4471,2707,3.992107391357422,5760.0,0.9980267284282716
-630.0,2560.0,5111,5062,-1.2463798522949219,5760.0,-0.31159481720709986
-360.0,128.0,4825,2865,0.7564201354980469,5760.0,0.1891052737845542
90.0,2048.0,4417,4368,-3.0340538024902344,5760.0,-0.7585137072535838
180.0,384.0,4233,4293,2.5689449310302734,5760.0,0.6422361638131066
720.0,2944.0,3703,2723,-0.3014507293701172,5312.0,-0.07536287828926762
-450.0,1216.0,4857,4906,1.7370891571044922,5760.0,0.4342720866948198
-180.0,1984.0,4551,4661,-2.5689449310302734,5760.0,-0.6422361638131068
90.0,832.0,4398,4349,3.9299354553222656,5760.0,0.9824840271286256
360.0,1728.0,4114,2791,-0.7564201354980469,5760.0,-0.18910527378455436
630.0,1984.0,3816,3914,-0.8971138000488281,5760.0,-0.2242782912338538
-800.0,1664.0,5242,3625,0.0,128.0,-0.0
270.0,3200.0,161,165,0.0,2880.0,-2.11308980860412e-16
540.0,2048.0,3864,3976,-1.5059566497802734,5760.0,-0.37648913727495076
540.0,128.0,3894,3946,0.48606109619140625,5760.0,0.12151516141422897
-796.0,2560.0,5179,5277,-0.029878616333007812,2560.0,-0.007469503618545213
-270.0,896.0,4742,4693,3.389812469482422,5760.0,0.8474529881112283
0.0,2048.0,4452,2688,-3.082052230834961,5760.0,-0.7705132427757894
-630.0,1216.0,5090,5041,0.8971138000488281,5760.0,0.22427829123385393
-360.0,1984.0,4796,2836,-2.082134246826172,5760.0,-0.5205337030824113
-90.0,3136.0,4484,4582,-0.49352455139160156,5760.0,-0.12338136498531724
180.0,192.0,4236,4290,1.3814849853515625,5760.0,0.3453712658691048
450.0,1472.0,4065,4016,0.6310691833496094,5760.0,0.15776719425679867
720.0,320.0,3744,2764,0.3677997589111328,5312.0,0.09194987150091023
-180.0,128.0,4580,4632,0.9332752227783203,5760.0,0.23331869746960696
90.0,3072.0,4433,4384,-0.9792671203613281,5760.0,-0.24481693214036093
360.0,1920.0,4111,2788,-1.787820816040039,5760.0,-0.4469554123349158
630.0,1280.0,3827,3925,0.7703056335449219,5760.0,0.19257618775229823
800.0,3072.0,5364,3600,0.0,128.0,-3.0455727429675656e-17
270.0,960.0,4175,4273,3.2820358276367188,5760.0,0.8205091596160773
796.0,576.0,3659,3789,0.028425216674804688,2560.0,0.007106421991492999
-800.0,1408.0,5246,3629,0.0,128.0,0.0
-720.0,2176.0,5136,2637,-0.5661849975585938,5312.0,-0.1415461359064507
-540.0,2496.0,4984,4963,-1.9198646545410156,5760.0,-0.4799664159576825
-270.0,3136.0,4777,4728,-0.43251800537109375,5760.0,-0.10812929030171152
0.0,1728.0,4457,2693,-0.9947586059570312,5760.0,-0.24868988716485502
-630.0,1920.0,5101,5052,-0.7703056335449219,5760.0,-0.19257618775229826
-360.0,1536.0,4803,2843,0.38121604919433594,5760.0,0.0953041384902392
-90.0,640.0,4523,4621,3.7449817657470703,5760.0,0.936245302395966
180.0,1792.0,4211,4315,-1.3814849853515625,5760.0,-0.3453712658691052
450.0,3200.0,158,156,0.0,2880.0,-1.5538154097031715e-16
720.0,2048.0,3717,2737,-0.48213958740234375,5312.0,-0.12053482694004422
-450.0,1600.0,4851,4900,0.0,5760.0,7.769077048515857e-17
-180.0,576.0,4573,4639,3.3956031799316406,5760.0,0.8489009011318985
360.0,320.0,4136,2813,1.787820816040039,5760.0,0.44695541233491587
630.0,2624.0,3806,3904,-1.1857948303222656,5760.0,-0.2964486496717198
-800.0,768.0,5256,3639,0.0,128.0,0.0
-800.0,3200.0,205,139,0.0,64.0,-0.0
270.0,256.0,4186,4284,1.6625022888183594,5760.0,0.4156254602186887
796.0,2944.0,3696,3752,-0.015134811401367188,2560.0,-0.00378364560916745
-720.0,2624.0,5129,2630,-0.5661849975585938,5312.0,-0.14154613590645074
540.0,2624.0,3855,3985,-1.7684707641601562,5760.0,-0.44211771771597697
-800.0,448.0,5261,3644,0.0,128.0,0.0
-540.0,2688.0,4981,4966,-1.6502265930175781,5760.0,-0.41255655918934325
-796.0,1792.0,5191,5289,-0.011564254760742188,2560.0,-0.0028912137514866573
-800.0,2048.0,5236,3619,0.0,128.0,-0.0
-630.0,1600.0,5096,5047,0.0,5760.0,4.0123125070430054e-17
-360.0,1344.0,4806,2846,1.4653129577636719,5760.0,0.3663283677366777
-90.0,448.0,4526,4624,3.0340538024902344,5760.0,0.7585137072535837
180.0,1600.0,4214,4312,0.0,5760.0,1.1489530165252494e-16
450.0,2624.0,4083,4034,-2.2960643768310547,5760.0,-0.5740162054140295
720.0,1984.0,3718,2738,-0.4283466339111328,5312.0,-0.10708676031079276
-450.0,2176.0,4842,4891,-2.2960643768310547,5760.0,-0.5740162054140294
-180.0,768.0,4570,4642,3.745359420776367,5760.0,0.9363400296304664
360.0,512.0,4133,2810,2.5681285858154297,5760.0,0.6420319914744308
630.0,2944.0,3801,3899,-0.63134765625,5760.0,-0.1578370427504505
270.0,64.0,4189,4287,0.43251800537109375,5760.0,0.10812929030171121
796.0,192.0,3653,3795,0.011564254760742188,2560.0,0.002891213751486683
-720.0,2816.0,5126,2627,-0.4283466339111328,5312.0,-0.10708676031079271
-540.0,2880.0,4978,4969,-1.1488170623779297,5760.0,-0.2872043597087492
0.0,1088.0,4467,2703,3.3773117065429688,5760.0,0.844327925502015
-630.0,256.0,5075,5026,0.63134765625,5760.0,0.15783704275045055
-360.0,2944.0,4781,2821,-1.4653129577636719,5760.0,-0.3663283677366775
-90.0,0.0,176,180,0.0,2880.0,0.0
180.0,1152.0,4221,4305,2.8915557861328125,5760.0,0.722888848585783
450.0,256.0,4046,3997,1.2224845886230469,5760.0,0.30562129547128974
-450.0,448.0,4869,4918,1.9552345275878906,5760.0,0.48880842657611323
90.0,2112.0,4418,4369,-3.3247146606445312,5760.0,-0.8311788420444066
360.0,960.0,4126,2803,2.8927555084228516,5760.0,0.723189048613618
630.0,2240.0,3812,3910,-1.2463798522949219,5760.0,-0.31159481720709964
800.0,2112.0,5349,3585,0.0,128.0,-1.0340034913967679e-16
270.0,1920.0,4160,4258,-2.028409957885742,5760.0,-0.5071025487233483
796.0,1536.0,3674,3774,0.003936767578125,2560.0,0.0009843547944757664
-796.0,1344.0,5198,5296,0.015134811401367188,2560.0,0.0037836456091674144
-720.0,1216.0,5151,2652,0.4283466339111328,5312.0,0.10708676031079269
540.0,3072.0,3848,3992,-0.48606109619140625,5760.0,-0.12151516141422924
-540.0,1024.0,5007,4940,1.7684707641601562,5760.0,0.4421177177159768
-270.0,2176.0,4762,4713,-3.1225013732910156,5760.0,-0.7806254115253667
-630.0,960.0,5086,5037,1.2463798522949219,5760.0,0.31159481720709986
-360.0,2752.0,4784,2824,-2.3436107635498047,5760.0,-0.5859028663805355
-90.0,1856.0,4504,4602,-1.8970050811767578,5760.0,-0.4742511160606474
180.0,3008.0,4192,4334,-1.3814849853515625,5760.0,-0.34537126586910555
450.0,2240.0,4077,4028,-2.4133758544921875,5760.0,-0.6033438667977181
720.0,1088.0,3732,2752,0.5283279418945312,5312.0,0.13208198734443571
-450.0,2560.0,4836,4885,-2.4133758544921875,5760.0,-0.6033438667977181
90.0,2304.0,4421,4372,-3.8679580688476562,5760.0,-0.9669896671132979
360.0,3200.0,159,105,0.0,2880.0,-1.8624574636492608e-16
800.0,2816.0,5360,3596,0.0,128.0,-8.383284221411531e-17
270.0,1728.0,4163,4261,-0.8582134246826172,5760.0,-0.21455331710205755
540.0,576.0,3887,3953,1.7684707641601562,5760.0,0.4421177177159768
-800.0,256.0,5264,3647,0.0,128.0,0.0
-720.0,1408.0,5148,2649,0.2303485870361328,5312.0,0.05758736746740191
-540.0,1728.0,4996,4951,-0.48606109619140625,5760.0,-0.12151516141422909
-270.0,2368.0,4765,4716,-3.4441280364990234,5760.0,-0.8610319767399892
0.0,3008.0,4437,2673,-1.4724979400634766,5760.0,-0.3681245526846787
-630.0,640.0,5081,5032,1.2463798522949219,5760.0,0.3115948172070998
-360.0,2304.0,4791,2831,-2.9877490997314453,5760.0,-0.7469370853869484
-90.0,1408.0,4511,4609,1.4495658874511719,5760.0,0.3623915900290042
180.0,2560.0,4199,4327,-3.569091796875,5760.0,-0.8922729835607339
450.0,1920.0,4072,4023,-1.4915485382080078,5760.0,-0.3728870165847789
720.0,768.0,3737,2757,0.6245040893554688,5312.0,0.15612577735752856
-450.0,832.0,4863,4912,2.5325660705566406,5760.0,0.63314145393071
90.0,2752.0,4428,4379,-3.0340538024902344,5760.0,-0.758513707253584
800.0,2752.0,5359,3595,0.0,128.0,-9.436065764660182e-17
270.0,1024.0,4174,4272,3.1225013732910156,5760.0,0.7806254115253667
796.0,1152.0,3668,3780,0.024206161499023438,2560.0,0.006051534642200683
-796.0,2304.0,5183,5281,-0.030858993530273438,2560.0,-0.007714786711467862
-720.0,1856.0,5141,2642,-0.3014507293701172,5312.0,-0.07536287828926751
540.0,1984.0,3865,3975,-1.3379364013671875,5760.0,-0.33448425676202337
-540.0,1920.0,4993,4954,-1.1488170623779297,5760.0,-0.287204359708749
-270.0,2560.0,4768,4719,-3.2820358276367188,5760.0,-0.8205091596160771
0.0,128.0,4482,2718,0.9947586059570312,5760.0,0.2486898871648548
-360.0,2112.0,4794,2834,-2.5681285858154297,5760.0,-0.642031991474431
-90.0,1216.0,4514,4612,2.695545196533203,5760.0,0.6738863581852467
180.0,2368.0,4202,4324,-3.745359420776367,5760.0,-0.9363400296304663
720.0,2752.0,3706,2726,-0.48213958740234375,5312.0,-0.12053482694004426
-450.0,1408.0,4854,4903,0.93414306640625,5760.0,0.23353574395890592
-180.0,2048.0,4550,4662,-2.8915557861328125,5760.0,-0.7228888485857832
90.0,2944.0,4431,4382,-1.8970050811767578,5760.0,-0.4742511160606477
630.0,3200.0,147,151,0.0,2880.0,-8.024625014086006e-17
800.0,1408.0,5338,3574,0.0,128.0,4.508225551328423e-17
270.0,2880.0,4145,4243,-2.028409957885742,5760.0,-0.5071025487233485
540.0,192.0,3893,3947,0.7194938659667969,5760.0,0.1798734759582985
-720.0,0.0,202,100,0.0,2656.0,0.0
540.0,1152.0,3878,3962,1.5059566497802734,5760.0,0.3764891372749507
-540.0,64.0,5022,4925,0.2449626922607422,5760.0,0.06124048018501817
-270.0,1216.0,4747,4698,2.3623294830322266,5760.0,0.5905823271062617
0.0,2368.0,4447,2683,-3.992107391357422,5760.0,-0.9980267284282716
-630.0,3072.0,5119,5070,-0.3259124755859375,5760.0,-0.08147831238699885
-90.0,2816.0,4489,4587,-2.695545196533203,5760.0,-0.6738863581852468
450.0,1024.0,4058,4009,2.2960643768310547,5760.0,0.5740162054140292
720.0,384.0,3743,2763,0.4283466339111328,5312.0,0.10708676031079273
-180.0,2496.0,4543,4669,-3.6862945556640625,5760.0,-0.9215733880207726
90.0,1344.0,4406,4357,1.8970050811767578,5760.0,0.47425111606064796
360.0,2240.0,4106,2783,-2.8927555084228516,5760.0,-0.7231890486136179
800.0,704.0,5327,3563,0.0,128.0,1.202954937448142e-16
270.0,2688.0,4148,4246,-2.9137229919433594,5760.0,-0.7284307343718842
796.0,768.0,3662,3786,0.031352996826171875,2560.0,0.007838403009360546
-720.0,448.0,5163,2664,0.48213958740234375,5312.0,0.12053482694004412
540.0,2432.0,3858,3982,-1.9506282806396484,5760.0,-0.48765705909176627
-540.0,256.0,5019,4928,0.9415798187255859,5760.0,0.23539507833529955
-270.0,1408.0,4750,4701,1.2703742980957031,5760.0,0.317593709923765
0.0,1536.0,4460,2696,0.5013332366943359,5760.0,0.12533323356430454
-796.0,3136.0,5170,5268,-0.003936767578125,2560.0,-0.0009843547944757575
-90.0,2624.0,4492,4590,-3.5629425048828125,5760.0,-0.8907357899740163
450.0,960.0,4057,4008,2.4133758544921875,5760.0,0.6033438667977181
-450.0,1792.0,4848,4897,-0.93414306640625,5760.0,-0.233535743958906
-180.0,2688.0,4540,4672,-3.1685638427734375,5760.0,-0.7921411443833957
90.0,1536.0,4409,4360,0.49352455139160156,5760.0,0.12338136498531713
360.0,2432.0,4103,2780,-3.0356216430664062,5760.0,-0.7589054781251398
630.0,768.0,3835,3933,1.3079338073730469,5760.0,0.32698367624232394
800.0,1536.0,5340,3576,0.0,128.0,1.5348894331131317e-17
270.0,2496.0,4151,4249,-3.389812469482422,5760.0,-0.8474529881112286
796.0,2112.0,3683,3765,-0.026525497436523438,2560.0,-0.006631267844464141
-720.0,640.0,5160,2661,0.5951118469238281,5312.0,0.14877801734965795
-540.0,960.0,5008,4939,1.85882568359375,5760.0,0.4647064157259069
-270.0,1600.0,4753,4704,0.0,5760.0,1.0565449043020598e-16
-800.0,704.0,5257,3640,0.0,128.0,0.0
-630.0,2432.0,5109,5060,-1.3079338073730469,5760.0,-0.3269836762423241
-360.0,3072.0,4779,2819,-0.7564201354980469,5760.0,-0.1891052737845546
-90.0,2176.0,4499,4597,-3.5629425048828125,5760.0,-0.8907357899740161
450.0,2688.0,4084,4035,-2.1425437927246094,5760.0,-0.5356359655703015
720.0,1536.0,3725,2745,0.07842636108398438,5312.0,0.019606437344394302
-450.0,2112.0,4843,4892,-2.1425437927246094,5760.0,-0.5356359655703012
-180.0,1088.0,4565,4647,3.1685638427734375,5760.0,0.7921411443833951
90.0,1984.0,4416,4367,-2.695545196533203,5760.0,-0.6738863581852466
360.0,2880.0,4096,2773,-1.787820816040039,5760.0,-0.4469554123349161
630.0,64.0,3846,3944,0.16425132751464844,5760.0,0.04106294981772065
-90.0,2560.0,4493,4591,-3.7449817657470703,5760.0,-0.9362453023959662
800.0,448.0,5323,3559,0.0,128.0,9.436065764660177e-17
796.0,384.0,3656,3792,0.021505355834960938,2560.0,0.005376365123618153
180.0,1664.0,4213,4313,-0.47034645080566406,5760.0,-0.11758655383317936
-720.0,3136.0,5121,2622,-0.07842636108398438,5312.0,-0.019606437344394306
540.0,2880.0,3851,3989,-1.1488170623779297,5760.0,-0.28720435970874914
-540.0,3200.0,195,194,0.0,2880.0,-1.1967768787893035e-16
-270.0,1792.0,4756,4707,-1.2703742980957031,5760.0,-0.3175937099237652
0.0,1408.0,4462,2698,1.4724979400634766,5760.0,0.36812455268467814
-630.0,2112.0,5104,5055,-1.1065101623535156,5760.0,-0.27662730984117745
-360.0,832.0,4814,2854,3.0356216430664062,5760.0,0.7589054781251398
180.0,3136.0,4190,4336,-0.47034645080566406,5760.0,-0.11758655383317969
450.0,64.0,4043,3994,0.3180427551269531,5760.0,0.07951056165570822
-450.0,640.0,4866,4915,2.4133758544921875,5760.0,0.6033438667977181
-180.0,1280.0,4562,4650,2.205820083618164,5760.0,0.5514550310838099
90.0,128.0,4387,4338,0.9792671203613281,5760.0,0.24481693214036038
360.0,1024.0,4125,2802,2.7521438598632812,5760.0,0.6880358885314535
630.0,384.0,3841,3939,0.8971138000488281,5760.0,0.22427829123385376
800.0,128.0,5318,3554,0.0,128.0,3.045572742967559e-17
796.0,1728.0,3677,3771,-0.0078125,2560.0,-0.0019531857258175958
-796.0,128.0,5217,5315,0.0078125,2560.0,0.0019531857258175745
-796.0,64.0,5218,5316,0.003936767578125,2560.0,0.0009843547944757545
-270.0,448.0,4735,4686,2.6589927673339844,5760.0,0.6647482693939277
0.0,576.0,4475,2711,3.6193084716796875,5760.0,0.9048270524660196
-630.0,2816.0,5115,5066,-0.8971138000488281,5760.0,-0.22427829123385398
-360.0,384.0,4821,2861,2.082134246826172,5760.0,0.5205337030824112
180.0,640.0,4229,4297,3.569091796875,5760.0,0.8922729835607338
-796.0,2624.0,5178,5276,-0.028425216674804688,2560.0,-0.007106421991492931
720.0,1152.0,3731,2751,0.48213958740234375,5312.0,0.1205348269400442
-450.0,3008.0,4829,4878,-0.93414306640625,5760.0,-0.23353574395890625
-180.0,1728.0,4555,4657,-0.9332752227783203,5760.0,-0.23331869746960718
90.0,576.0,4394,4345,3.5629425048828125,5760.0,0.8907357899740159
360.0,1472.0,4118,2795,0.7564201354980469,5760.0,0.1891052737845542
630.0,1728.0,3820,3918,-0.3259124755859375,5760.0,-0.08147831238699871
-796.0,512.0,5211,5309,0.026525497436523438,2560.0,0.006631267844464073
800.0,576.0,5325,3561,0.0,128.0,1.108093553584445e-16
796.0,3072.0,3698,3750,-0.0078125,2560.0,-0.0019531857258175984
-800.0,1152.0,5250,3633,0.0,128.0,0.0
-800.0,512.0,5260,3643,0.0,128.0,0.0
540.0,1280.0,3876,3964,1.1488170623779297,5760.0,0.2872043597087491
-796.0,2816.0,5175,5273,-0.021505355834960938,2560.0,-0.005376365123618102
-270.0,640.0,4738,4689,3.2820358276367188,5760.0,0.820509159616077
0.0,2816.0,4440,2676,-2.738187789916992,5760.0,-0.684547105928689
-630.0,1472.0,5094,5045,0.3259124755859375,5760.0,0.08147831238699868
-360.0,192.0,4824,2864,1.1196956634521484,5760.0,0.279924105945272
180.0,448.0,4232,4294,2.8915557861328125,5760.0,0.722888848585783
450.0,1728.0,4069,4020,-0.6310691833496094,5760.0,-0.1577671942567988
720.0,576.0,3740,2760,0.5661849975585938,5312.0,0.1415461359064508
-800.0,192.0,5265,3648,0.0,128.0,0.0
-180.0,1920.0,4552,4660,-2.205820083618164,5760.0,-0.5514550310838097
90.0,768.0,4397,4348,3.9299354553222656,5760.0,0.9824840271286256
360.0,1664.0,4115,2792,-0.38121604919433594,5760.0,-0.09530413849023903
630.0,1024.0,3831,3929,1.1857948303222656,5760.0,0.2964486496717197
796.0,1344.0,3671,3777,0.015134811401367188,2560.0,0.003783645609167452
-540.0,2240.0,4988,4959,-1.85882568359375,5760.0,-0.4647064157259068
-270.0,832.0,4741,4692,3.4441280364990234,5760.0,0.8610319767399892
0.0,448.0,4477,2713,3.082052230834961,5760.0,0.7705132427757893
-630.0,1152.0,5089,5040,1.0097732543945312,5760.0,0.25244339208529454
-360.0,1792.0,4799,2839,-1.1196956634521484,5760.0,-0.2799241059452723
-90.0,896.0,4519,4617,3.8679580688476562,5760.0,0.9669896671132978
180.0,0.0,164,167,0.0,2880.0,0.0
720.0,2304.0,3713,2733,-0.614654541015625,5312.0,-0.15366358058358165
-450.0,1344.0,4855,4904,1.2224845886230469,5760.0,0.3056212954712899
-180.0,320.0,4577,4635,2.205820083618164,5760.0,0.5514550310838098
360.0,64.0,4140,2817,0.38121604919433594,5760.0,0.095304138490239
630.0,1344.0,3826,3924,0.63134765625,5760.0,0.15783704275045057
-796.0,1600.0,5194,5292,0.0,2560.0,9.618254584180888e-19
-800.0,1728.0,5241,3624,0.0,128.0,-0.0
270.0,512.0,4182,4280,2.9137229919433594,5760.0,0.7284307343718839
796.0,2688.0,3692,3756,-0.026525497436523438,2560.0,-0.006631267844464142
-720.0,2368.0,5133,2634,-0.6245040893554688,5312.0,-0.15612577735752844
-796.0,384.0,5213,5311,0.021505355834960938,2560.0,0.005376365123618099
450.0,2176.0,4076,4027,-2.2960643768310547,5760.0,-0.5740162054140294
540.0,2240.0,3861,3979,-1.85882568359375,5760.0,-0.46470641572590676
-796.0,3200.0,203,207,0.0,1280.0,-1.9236509168361776e-18
-270.0,3072.0,4776,4727,-0.8582134246826172,5760.0,-0.2145533171020578
-630.0,1856.0,5100,5051,-0.63134765625,5760.0,-0.15783704275045046
-360.0,1600.0,4802,2842,0.0,5760.0,9.312287318246304e-17
-90.0,704.0,4522,4620,3.8679580688476562,5760.0,0.9669896671132978
180.0,1856.0,4210,4316,-1.8079090118408203,5760.0,-0.451977123091053
450.0,2880.0,4087,4038,-1.4915485382080078,5760.0,-0.37288701658477913
720.0,192.0,3746,2766,0.2303485870361328,5312.0,0.057587367467401916
-180.0,512.0,4574,4638,3.1685638427734375,5760.0,0.7921411443833952
-796.0,1408.0,5197,5295,0.011564254760742188,2560.0,0.002891213751486656
360.0,256.0,4137,2814,1.4653129577636719,5760.0,0.3663283677366775
630.0,2688.0,3805,3903,-1.1065101623535156,5760.0,-0.2766273098411774
270.0,320.0,4185,4283,2.028409957885742,5760.0,0.5071025487233484
796.0,960.0,3665,3783,0.029878616333007812,2560.0,0.007469503618545287
-796.0,1024.0,5203,5301,0.028425216674804688,2560.0,0.007106421991492928
-720.0,2560.0,5130,2631,-0.5951118469238281,5312.0,-0.14877801734965798
-540.0,2624.0,4982,4965,-1.7684707641601562,5760.0,-0.442117717715977
0.0,1856.0,4455,2691,-1.9270153045654297,5760.0,-0.481753674101715
-630.0,1536.0,5095,5046,0.16425132751464844,5760.0,0.04106294981772077
-360.0,1152.0,4809,2849,2.3436107635498047,5760.0,0.5859028663805351
-90.0,256.0,4529,4627,1.8970050811767578,5760.0,0.4742511160606477
180.0,1408.0,4217,4309,1.3814849853515625,5760.0,0.34537126586910505
450.0,512.0,4050,4001,2.1425437927246094,5760.0,0.5356359655703011
-450.0,192.0,4873,4922,0.93414306640625,5760.0,0.23353574395890575
-180.0,960.0,4567,4645,3.569091796875,5760.0,0.892272983560734
360.0,704.0,4130,2807,2.9877490997314453,5760.0,0.7469370853869483
630.0,3008.0,3800,3898,-0.4824352264404297,5760.0,-0.12060871329714931
800.0,2368.0,5353,3589,0.0,128.0,-1.2222302384331876e-16
270.0,128.0,4188,4286,0.8582134246826172,5760.0,0.21455331710205736
796.0,2304.0,3686,3762,-0.030858993530273438,2560.0,-0.007714786711467938
-720.0,3008.0,5123,2624,-0.2303485870361328,5312.0,-0.057587367467402
540.0,640.0,3886,3954,1.85882568359375,5760.0,0.46470641572590676
-540.0,2816.0,4979,4968,-1.3379364013671875,5760.0,-0.3344842567620235
0.0,3072.0,4436,2672,-0.9947586059570312,5760.0,-0.24868988716485535
-630.0,192.0,5074,5025,0.4824352264404297,5760.0,0.12060871329714912
-360.0,3008.0,4780,2820,-1.1196956634521484,5760.0,-0.2799241059452726
-90.0,64.0,4532,4630,0.49352455139160156,5760.0,0.12338136498531685
180.0,1216.0,4220,4306,2.5689449310302734,5760.0,0.6422361638131068
450.0,2496.0,4081,4032,-2.492626190185547,5760.0,-0.6231564349818511
720.0,1344.0,3728,2748,0.3014507293701172,5312.0,0.07536287828926766
-450.0,2304.0,4840,4889,-2.492626190185547,5760.0,-0.6231564349818511
-180.0,3200.0,177,182,0.0,2880.0,-2.297906033050499e-16
-800.0,1856.0,5239,3622,0.0,128.0,-0.0
360.0,896.0,4127,2804,2.9877490997314453,5760.0,0.7469370853869483
630.0,2304.0,3811,3909,-1.2873077392578125,5760.0,-0.32182694833740233
800.0,2048.0,5348,3584,0.0,128.0,-9.436065764660179e-17
270.0,1984.0,4159,4257,-2.3623294830322266,5760.0,-0.5905823271062618
540.0,832.0,3883,3957,1.9506282806396484,5760.0,0.48765705909176627
-720.0,1152.0,5152,2653,0.48213958740234375,5312.0,0.12053482694004412
-540.0,1472.0,5000,4947,0.48606109619140625,5760.0,0.121515161414229
-270.0,2112.0,4761,4712,-2.9137229919433594,5760.0,-0.7284307343718839
0.0,2752.0,4441,2677,-3.082052230834961,5760.0,-0.7705132427757896
-796.0,896.0,5205,5303,0.030858993530273438,2560.0,0.007714786711467861
-630.0,896.0,5085,5036,1.2873077392578125,5760.0,0.3218269483374025
-360.0,2560.0,4787,2827,-2.8927555084228516,5760.0,-0.723189048613618
-90.0,1664.0,4507,4605,-0.49352455139160156,5760.0,-0.12338136498531688
180.0,2816.0,4195,4331,-2.5689449310302734,5760.0,-0.6422361638131069
450.0,128.0,4044,3995,0.6310691833496094,5760.0,0.15776719425679867
720.0,3072.0,3701,2721,-0.15561485290527344,5312.0,-0.03890366945954955
-450.0,576.0,4867,4916,2.2960643768310547,5760.0,0.5740162054140293
90.0,2496.0,4424,4375,-3.8679580688476562,5760.0,-0.9669896671132979
800.0,3008.0,5363,3599,0.0,128.0,-4.5082255513284296e-17
270.0,1280.0,4170,4268,2.028409957885742,5760.0,0.5071025487233485
796.0,1920.0,3680,3768,-0.018465042114257812,2560.0,-0.004616407115351316
-720.0,1600.0,5145,2646,0.0,5312.0,1.9157696688784726e-17
540.0,3136.0,3847,3993,-0.2449626922607422,5760.0,-0.06124048018501835

