w_mm,P_total_MN,P_UHPC_MN,P_TOP_MN,P_BOTTOM_MN,rhoA,rhoD,wP_mm,A_top_mm,A_bottom_mm,sig_top_MPa,sig_bottom_MPa,frac_top_local,frac_bottom_local,frac_top_global,frac_bottom_global,pred_top_MPa,pred_bottom_MPa,globalmean_top_MPa,globalmean_bottom_MPa
0,0,0,0,0,1,1,0,0,0,0,0,0,0,0,0,,,,
5,2.249129093,1.181263105,0.5189538125,0.548912176,1,1,0,0.5603633675,0.6000806205,25.94769062,27.4456088,0,0,0,0,25.94769062,27.4456088,24.40870386,28.99050605
10,3.710846628,1.949022858,0.8514952026,0.9103285674,1,1,0,1.005607488,1.082637589,42.57476013,45.51642837,0,0,0,0,42.57476013,45.51642837,39.47116123,48.63476563
15,4.864286373,2.554892055,1.111074744,1.198319575,1,1,0,1.336211179,1.441561861,55.55373718,59.91597875,0,0,0,0,55.55373718,59.91597875,50.87447284,64.61987943
20,5.893718732,3.095644848,1.341455549,1.456618335,1,1,0,1.608013488,1.736409873,67.07277744,72.83091677,0,0,0,0,67.07277744,72.83091677,60.80598511,79.1331939
25,6.885139524,3.616442509,1.563094131,1.705602884,1,1,0,1.851007375,1.99864463,78.15470655,85.2801442,0,0,0,0,78.15470655,85.2801442,70.28645971,93.19547069
30,7.88407853,4.141193945,1.786832528,1.956052057,1,1,0,2.080060649,2.243820426,89.34162638,97.80260284,0,0,0,0,89.34162638,97.80260284,79.85629987,107.3471131
35,8.916896692,4.683741157,2.018954204,2.214201332,1,1,0,2.302814393,2.480025643,100.9477102,110.7100666,0,0,0,0,100.9477102,110.7100666,89.82837064,121.900986
40,9.999913629,5.252653,2.263352826,2.483907803,1,1,0,2.52331945,2.71166821,113.1676413,124.1953901,0,0,0,0,113.1676413,124.1953901,100.3963504,137.0507679
45,11.14377309,5.85351786,2.522570133,2.767685096,1,1,0,2.743747548,2.941228192,126.1285067,138.3842548,0,0,0,0,126.1285067,138.3842548,111.686551,152.9227708
50,12.3557131,6.490135839,2.798335977,3.067241282,1,1,0,2.965246726,3.170124836,139.9167988,153.3620641,0,0,0,0,139.9167988,153.3620641,123.7848647,169.6028867
55,13.64082719,7.165181082,3.091868549,3.383777564,1,1,0,3.188392654,3.39917171,154.5934274,169.1888782,0,0,0,0,154.5934274,169.1888782,136.751734,187.1515582
60,15.00110172,7.878887955,3.404048021,3.718165748,0.9999840933,0.999971282,0.02078189462,3.413435051,3.628828929,170.202401,185.9082874,0,0,0,0,170.202401,185.9082874,150.6309279,205.6125542
65,16.36527499,8.55869648,3.735435975,4.07114253,0.9982498123,0.9968905234,0.8383978096,3.640379561,3.8594015,186.7717988,203.5571265,0,0,0,0,186.7717988,203.5571265,165.4549198,225.0183484
70,17.71451319,9.184898236,4.086392969,4.443221987,0.9943406932,0.9901710722,2.671601858,3.869184223,4.091015782,204.3196484,222.1610994,0.005695861173,0,0,0,204.325127,222.1610994,181.248311,245.3935418
75,19.05129755,9.774116428,4.442423162,4.834757957,0.988920047,0.9812901975,5.329971173,4.099784101,4.323691525,222.1211581,241.7378979,0.09925899527,0,0,0,222.8826915,241.7378979,198.0300796,266.7571126
80,20.37053152,10.33300123,4.791501819,5.24602847,0.9823777159,0.9711456199,8.670820188,4.332080311,4.557409355,239.575091,262.3014235,0.1526890308,0,0.008926288054,0,242.4603711,262.3014235,215.8151004,289.1239356
82.2,20.94228914,10.56942828,4.939562396,5.433298457,0.9792104345,0.9664199168,10.33066834,4.434798705,4.660565313,246.9781198,271.6649228,0.1960872503,0,0.07225048667,0,251.4010489,271.6649228,223.9614764,299.2863045
85,21.65194473,10.86233366,5.109928559,5.679682509,0.9749656804,0.960276327,12.58737681,4.565958646,4.792127865,255.4964279,283.9841255,0.3191763561,0.009765330707,0.1938072669,0,263.0707496,283.8627627,234.6151968,312.5058341
90,22.83887653,11.36082954,5.34906933,6.128977665,0.9668573589,0.9490369081,16.98552565,4.801301508,5.02779323,267.4534665,306.4488833,0.4406808254,0.0447517997,0.3346666909,0.1080889351,284.7240054,306.4307886,254.4398852,336.9123248
95,23.88472485,11.82515389,5.562970093,6.496600869,0.958185232,0.937633662,21.79634922,5.037992884,5.264346942,278.1485047,324.8300434,0.5493500689,0.09817722431,0.4441326536,0.34376418,307.4283774,330.0127676,275.2969117,362.3511535
97.392,24.30252039,12.03408213,5.650209256,6.618229002,0.9538678438,0.9321554105,24.22683251,5.151670408,5.377810892,282.5104628,330.9114501,0.5835285641,0.1263648616,0.4934753229,0.4597730076,318.6638846,341.6547407,285.6418871,374.888063
100,24.70349254,12.25136327,5.730740142,6.721389126,0.9490492973,0.9261773597,26.96387152,5.27592237,5.501729236,286.5370071,336.0694563,0.6120306199,0.1563461366,0.5600670067,0.5960862123,331.1906354,354.614678,297.1926451,388.8286891
105,25.31428173,12.63571172,5.855878116,6.82269189,0.9395585846,0.9147706951,32.44391576,5.514986764,5.739881582,292.7939058,341.1345945,0.6794120375,0.1895700264,0.710338553,0.8016732404,356.0163833,380.2414931,320.1323704,416.3502165
110,25.7726045,12.97617846,5.944524386,6.851901653,0.9298445981,0.90357462,38.19295896,5.755091259,5.978747576,297.2262193,342.5950827,0.7379864883,0.2223742847,0.8023024359,0.906650953,381.9103493,406.8973354,344.1205094,444.9201578
115,26.11345748,13.27014155,5.997877734,6.845438197,0.9198576123,0.8923472169,44.16070573,5.996149738,6.218273443,299.8938867,342.2719098,0.7672518401,0.2437291689,0.87342591,0.9683318685,408.8766018,434.5855996,369.1607906,474.5422411
120,26.36593244,13.51602063,6.033257715,6.81665409,0.9095666525,0.8809098819,50.30496447,6.238083558,6.458409257,301.6628858,340.8327045,0.774170165,0.2623568479,0.9390351429,0.9991064713,436.9185917,463.3091713,395.2563795,505.2196323
125,26.55961861,13.71500251,6.064096093,6.780520006,0.8990962503,0.8694364108,56.5947932,6.480820927,6.699109164,303.2048047,339.0260003,0.7796469885,0.2800865687,1,1,466.0392369,493.0705463,422.4099813,536.9550363
130,26.70165139,13.86794037,6.089282842,6.744428186,0.8885161297,0.8579740635,63.00456294,6.724296672,6.94033101,304.4641421,337.2214093,0.7811683354,0.3051568945,1,1,496.2410397,523.871876,450.6239215,569.7507786
135,26.79901794,13.9772688,6.113153482,6.708595662,0.8777565334,0.8462637172,69.49040296,6.968452742,7.182035142,305.6576741,335.4297831,0.7817962213,0.3300341142,1,1,527.5262937,555.7148914,479.9002101,603.6088694
140,26.85968639,14.05085282,6.135785606,6.673047968,0.8668596875,0.8343403938,75.9983688,7.213237101,7.424184702,306.7892803,333.6523984,0.7820582471,0.3514833724,1,1,559.8970875,588.6010028,510.2405938,638.5310553
142.3,26.87268895,14.06979495,6.147154456,6.655739548,0.861813072,0.8287975471,79.01723883,7.326033209,7.535712197,307.3577228,332.7869774,0.7845838167,0.357375175,1,1,575.1520999,604.079192,524.5545287,654.9528177
145,26.84852397,14.05331369,6.157166161,6.638044117,0.8558577523,0.822217341,82.73248547,7.458591418,7.666756665,307.858308,331.9022059,0.7855897527,0.3763152307,1,1,593.3537279,622.5329289,541.6465972,674.5188609
150,26.65982375,13.8791354,6.177141119,6.603547239,0.8445205662,0.8094266896,90.21791734,7.704449513,7.909742652,308.8570559,330.1773619,0.7903600032,0.3983977414,1,1,627.8943931,657.5151044,574.1195574,711.5736234
155,26.19775404,13.43196153,6.195692274,6.570100241,0.8317308324,0.7935501301,98.75062918,7.950761293,8.153125364,309.7846137,328.5050121,0.7939249093,0.4234975746,1,1,663.5184839,693.5504481,607.660652,749.6965201
160,25.58189726,12.83166324,6.212792848,6.537441173,0.8178773865,0.774969924,107.6407889,8.197520971,8.39685083,310.6396424,326.8720587,0.795448553,0.4474597649,1,1,700.2312153,730.6359051,642.2709217,788.8885921
165,24.82529811,12.09038315,6.228979525,6.50593544,0.8013188808,0.7533392448,116.6965962,8.444703432,8.640888768,311.4489763,325.296772,0.7965739077,0.4714634911,1,1,738.0346768,768.7712542,677.9512903,829.1507628
170,24.06175086,11.34265695,6.24388891,6.475204998,0.7830646588,0.7301444439,125.4004177,8.69229809,8.885199637,312.1944455,323.7602499,0.8023008951,0.4908459395,1,1,776.9328234,807.9542441,714.7025801,870.4838548
175,23.34935088,10.64716792,6.257756831,6.444426137,0.7631998625,0.7060320944,133.5697706,8.940282662,9.129759357,312.8878415,322.2213069,0.804874108,0.5163165698,1,1,816.9274978,848.1845222,752.5255259,912.8886028
180,22.67151025,9.986551767,6.271048993,6.413909488,0.7417653218,0.6813828006,141.3520893,9.188624869,9.374557311,313.5524496,320.6954744,0.8098336425,0.5334088508,1,1,858.0184739,889.4636139,791.4207859,956.365665
