w_mm,P_total_MN,P_UHPC_MN,P_TOP_steel_MN,P_BOTTOM_steel_MN,rhoA,rhoD,wP_mm
0,0,0,0,0,1,1,0
10,3.710847,1.949023,0.851495,0.910329,1.000000,1.000000,0.000000
20,5.585966,2.787895,1.341247,1.456824,0.985386,0.971557,1.731309
30,7.061701,3.318825,1.786215,1.956661,0.956881,0.917625,5.124816
40,8.643561,3.896317,2.262260,2.484984,0.929438,0.869655,9.069547
50,10.442684,4.577133,2.796703,3.068848,0.908036,0.837991,13.542504
60,12.458361,5.336185,3.401811,3.720365,0.889330,0.813500,18.566327
65,13.546504,5.739967,3.732970,4.073567,0.880655,0.802866,21.282284
68,14.224676,5.988960,3.941135,4.294581,0.875626,0.796874,22.975645
70,14.504334,6.157492,3.901076,4.445766,0.872339,0.793012,24.130939
75,14.958744,6.586953,3.534450,4.837340,0.864328,0.783809,27.109454
80,15.416533,7.026233,3.141717,5.248583,0.856582,0.775126,30.217520
82,15.597217,7.204243,2.974333,5.418641,0.853547,0.771788,31.496707
82.15506222,15.611147,7.218111,2.961077,5.431960,0.853316,0.771535,31.596800
84,15.552991,7.383432,2.800055,5.369504,0.850551,0.768519,32.796062
90,15.322026,7.926343,2.228222,5.167460,0.841748,0.759071,36.815972
100,14.686752,8.842555,1.042146,4.802051,0.827626,0.744341,43.906021
110,14.147190,9.760641,0.000000,4.386548,0.814063,0.730639,51.461578
