case,b_mm,a_h_mm,L_mm,tc_mm,ts_plus_mm,ts_minus_mm,z_face_mm,Aw_mm2,q0,A0_global_mm,Nplus,Nminus,mplus,mminus,A0plus_mm,A0minus_mm,Ec_MPa,nu_c,fc_MPa,eps_cp,fc_half_MPa,fc_2_MPa,Es_MPa,nu_s,fy_MPa,core_area_factor,FEM_peak_MN
BH005,250,250,500,42,4,4,23,1332,0.0025,0.625,4,4,4,4,0.03515625,0.03515625,43400,0.2,141.1,0.0035,75.95,70.55,206000,0.3,355,0.873142857142857,2.297254
BH010,500,500,1000,42,4,4,23,1332,0.0025,1.25,4,4,4,4,0.0703125,0.0703125,43400,0.2,141.1,0.0035,75.95,70.55,206000,0.3,355,0.936571428571429,4.330169
BH020,1000,1000,2000,42,4,4,23,1332,0.0025,2.5,4,4,4,4,0.140625,0.140625,43400,0.2,141.1,0.0035,75.95,70.55,206000,0.3,355,0.968285714285714,7.908734
BH032,1600,1600,3200,42,4,4,23,1332,0.0025,4,4,4,4,4,0.225,0.225,43400,0.2,141.1,0.0035,75.95,70.55,206000,0.3,355,0.980178571428571,10.884984
BH050,2500,2500,5000,42,4,4,23,1332,0.0025,6.25,4,4,4,4,0.3515625,0.3515625,43400,0.2,141.1,0.0035,75.95,70.55,206000,0.3,355,0.987314285714286,12.572657
BH060,3000,3000,6000,42,4,4,23,1332,0.0025,7.5,4,4,4,4,0.421875,0.421875,43400,0.2,141.1,0.0035,75.95,70.55,206000,0.3,355,0.989428571428571,13.090110
BH070,3500,3500,7000,42,4,4,23,1332,0.0025,8.75,4,4,4,4,0.4921875,0.4921875,43400,0.2,141.1,0.0035,75.95,70.55,206000,0.3,355,0.990938775510204,13.194333
BH085,4250,4250,8500,42,4,4,23,1332,0.0025,10.625,4,4,4,4,0.59765625,0.59765625,43400,0.2,141.1,0.0035,75.95,70.55,206000,0.3,355,0.99253781512605,14.163914
BH100,5000,5000,10000,42,4,4,23,1332,0.0025,12.5,4,4,4,4,0.703125,0.703125,43400,0.2,141.1,0.0035,75.95,70.55,206000,0.3,355,0.993657142857143,15.454080
