element,integration_point,section_point,case,n_true_unload,n_spatially_supported,longest_consecutive_true_frames,n_qualified_scalar,median_ds_raw,median_original_Cs_residual,median_scalar_residual
2631,2,5,BH032,170,161,27,74,6.039607716767925e-05,0.00038705647958673707,0.00023200719153979997
2631,3,1,BH032,194,182,32,61,-2.1941829736249477e-05,0.0004245096515708229,0.0001684536592849
2631,3,5,BH032,189,177,27,84,-2.578229769190088e-05,0.00036722960108025453,0.00024871819932
2631,4,1,BH032,194,182,32,61,7.45000139690255e-06,0.0004639491328245034,0.0002072726998636
2631,4,5,BH032,183,171,27,77,-2.2255228611101074e-05,0.00047688130702317697,0.0002481850188571
2634,1,1,BH032,189,181,42,38,1.1076075269234043e-05,0.00031248186739856306,0.000114003725114
2634,1,5,BH032,202,176,51,63,2.6143984360960104e-05,0.0004736828588366448,0.0002191177540579
2634,2,1,BH032,188,180,42,38,0.0001113495176323,0.0004624593141754458,0.0001655998293404
2634,2,5,BH032,196,172,61,67,-1.4465353997739072e-05,0.00038274521564045843,0.000204712571253
2634,3,1,BH032,180,174,66,37,-4.369491430322725e-05,0.0003528895161415268,0.0001061376588252
2634,3,5,BH032,201,176,19,59,2.260995153835488e-05,0.00044662181150623284,0.0002088651190227
2634,4,1,BH032,181,175,66,37,5.501778128291779e-05,0.0003673713095595055,0.0001504247392126
2634,4,5,BH032,191,169,59,64,-5.05662783866212e-05,0.0004214438786062007,0.0002517702542911
2635,1,1,BH032,204,203,57,49,-2.882598408993076e-05,0.0004589480883103719,0.0001600603857265
2635,1,5,BH032,195,194,34,87,3.191097996557701e-05,0.0004079536383013342,0.0002450347625252
2635,2,1,BH032,204,203,57,49,-4.827848362487508e-05,0.00040355172120398215,0.0001761864775259
2635,2,5,BH032,191,190,32,84,1.9689414294532526e-06,0.00034623108272777733,0.00021008528621335
2635,3,1,BH032,205,205,57,49,-3.680045749798744e-05,0.00024397400222656682,9.76423495775662e-05
2635,3,5,BH032,194,193,32,79,-1.2255757040779969e-05,0.00041552891587795553,0.0002598823998128
2635,4,1,BH032,206,205,57,49,7.804409318246108e-06,0.0003091116858823082,0.0001044435598868
2635,4,5,BH032,194,193,32,85,1.4512620974849176e-05,0.0004168581151636022,0.000217397140907
2636,1,1,BH032,182,177,28,55,0.0001015959913772,0.0004730448715798328,0.0002043324478832
2636,1,5,BH032,186,174,32,87,-6.558934994904675e-06,0.00043441195187765363,0.0003079106579089
2636,2,1,BH032,182,177,28,55,-5.290083890052699e-05,0.0003684668451024791,0.0001560434777468
2636,2,5,BH032,193,179,57,93,2.617296907625466e-05,0.000434963188359448,0.0002944652567932
2636,3,1,BH032,189,183,28,57,-6.546956810149496e-05,0.0003827403271843561,0.0001839499609828
2636,3,5,BH032,191,177,32,80,-4.279855927702414e-05,0.0003637155314369524,0.0002358173679138
2636,4,1,BH032,189,183,28,57,1.4691173113257072e-05,0.0004653733163058578,0.0001947134459695
2636,4,5,BH032,190,176,50,93,1.5711446491595282e-06,0.000401046878546034,0.0002672011360023
2643,1,5,BH032,168,159,46,94,-1.384536058224306e-05,0.00033045249342206586,0.0002550964817007
2643,2,5,BH032,179,165,46,94,-1.9169735012147804e-06,0.0004797734636850256,0.00032662624588345
2643,3,1,BH032,182,178,46,62,2.4809080546084328e-05,0.00031367470642516306,0.00016272942745595
2643,3,5,BH032,167,159,46,98,-1.2421910760340714e-05,0.00036399697360440695,0.0002432240784349
2643,4,1,BH032,182,178,46,62,-1.3159134295226416e-05,0.0003955409638139852,0.0001655910850961
2643,4,5,BH032,184,173,46,97,5.08710571189841e-06,0.0004089101032342037,0.0002570514920936
2644,1,1,BH032,198,198,99,55,3.570391316487509e-05,0.0003914591861006844,0.0001540608855649
2644,1,5,BH032,194,194,46,86,-1.7475099522767934e-05,0.0003859460737351298,0.00026381245687120004
2644,2,1,BH032,198,198,99,55,-5.758195263316779e-05,0.00030053268566652546,0.0001677782888536
2644,2,5,BH032,202,202,46,74,-1.6531942632957985e-05,0.00045552739829516617,0.00030616760685890003
2644,3,1,BH032,198,198,79,58,1.5174076070378909e-05,0.00044460567320918647,0.00018511865717775
2644,3,5,BH032,190,190,46,88,-1.8697057819316857e-05,0.00043938674621671976,0.00035181412017350005
2644,4,1,BH032,198,198,79,58,3.390678495673871e-05,0.0003499684554481293,0.00017184807826230001
2644,4,5,BH032,195,195,47,74,-2.4383629175672716e-05,0.00040144926348160016,0.00026657672274725
2645,1,5,BH032,174,153,47,65,6.50658665235504e-06,0.00040119085217820436,0.0002868997066785
2645,2,5,BH032,170,147,47,52,6.74284476736009e-05,0.00041052408884438053,0.00012684840253885
2645,3,1,BH032,171,153,57,44,2.5415244253479408e-05,0.0004057310148523287,0.000142818826346
2645,3,5,BH032,177,156,47,71,-6.543292025318337e-05,0.0003712032765620163,0.0001955967049684
2645,4,1,BH032,171,153,57,44,1.0224168421779645e-05,0.0002777054625251888,0.0001981722968103
2645,4,5,BH032,170,151,57,53,3.811494756034151e-05,0.0003076814316494808,0.0001564773706659
2651,1,1,BH032,164,141,53,83,-6.071184210920677e-06,0.0005575232530119837,0.0002233274336067
2651,1,5,BH032,167,150,19,71,5.100991828410617e-05,0.0006088410348843372,0.0003591370733947
2651,2,1,BH032,163,141,52,80,2.3014105473617708e-05,0.0005352125431505507,0.00022223908522245
2651,2,5,BH032,167,149,27,91,-1.6110194513974108e-05,0.0005661578729677953,0.0002991322343107
2651,3,1,BH032,167,142,27,81,-9.830629040141758e-05,0.0005876738210278703,0.0003537281271683
2651,3,5,BH032,166,149,19,65,9.761349094439264e-05,0.0005723044463594635,0.0002440740455686
2651,4,1,BH032,165,141,27,78,8.006038671898308e-05,0.0005869947006896443,0.00029548989557380003
2651,4,5,BH032,162,145,16,84,-1.597855647217372e-05,0.0005281921750485725,0.00028692907661729996
2652,1,1,BH032,188,185,30,53,-8.309250611149288e-05,0.0003649618571317807,0.0001797675128514
2652,1,5,BH032,198,197,58,102,-5.277774956624626e-06,0.0003244298476305635,0.00022303698376585
2652,2,1,BH032,188,185,30,53,9.03216181735722e-07,0.00032673606916626787,0.0001678654171007
2652,2,5,BH032,201,201,58,84,9.689158073700188e-06,0.0003335198781398999,0.00013776698037735
2652,3,1,BH032,190,188,48,55,-5.631114560800121e-05,0.0003627107083568349,0.0001522051508783
2652,3,5,BH032,199,199,58,98,2.2443745364919554e-05,0.0003704035038334591,0.00019369640353420002
2652,4,1,BH032,191,189,48,55,-3.407708349123517e-05,0.0002877610155801377,0.0001247253605559
2652,4,5,BH032,203,202,57,80,2.03677459336693e-05,0.0003151759713639385,0.0001079343676132
2653,1,1,BH032,187,170,48,48,-2.9456591416177073e-05,0.0003187806644723677,0.00016772200914055
2653,1,5,BH032,178,170,27,68,4.5586943700770544e-05,0.0003536813165564329,0.00020166807393949998
2653,2,1,BH032,186,169,47,48,1.952545707617492e-06,0.0002528080483845137,0.0001328891053866
2653,2,5,BH032,165,155,20,63,6.383135972787279e-06,0.00039827505647265063,0.0002152301088648
2653,3,1,BH032,184,163,43,52,2.190962687215192e-05,0.00046576659331159045,0.00021997570091915
2653,4,1,BH032,184,163,43,51,-1.7390300823816318e-06,0.0002673333350747265,0.0002053644924064
2653,4,5,BH032,163,151,25,65,-6.193822948530325e-05,0.0003776267396285835,0.0002030166799393
2659,1,1,BH032,79,79,16,77,3.49766624896386e-06,0.0002135319219738452,0.0002040712521703
2659,1,5,BH032,130,123,9,118,1.577078455827774e-06,0.00019756562925111353,0.00019238051955004998
2659,2,1,BH032,53,53,16,53,-7.671862397584661e-06,0.00018596071115785156,0.0001636647952756
2659,2,5,BH032,119,113,8,110,9.108419367076515e-07,0.00022351365357168565,0.00022197925890919998
2659,3,1,BH032,89,88,16,86,-2.307161761083698e-07,0.00020504611516862145,0.00018188985407815002
2659,3,5,BH032,126,119,9,114,1.9105245194217524e-06,0.00018165181829229358,0.00017183126017945
2659,4,1,BH032,73,73,16,73,3.799115006697384e-06,0.00019224642657670576,0.0001761035940274
2659,4,5,BH032,114,107,7,106,5.656012946442246e-06,0.00022158868735783216,0.0002176842608491
2700,1,1,BH032,9,3,2,2,5.1421941550575185e-05,0.0002191150587817926,0.000193558199813689
2700,1,5,BH032,15,5,4,3,1.9008714596147055e-05,9.713558605102882e-05,5.670159739562408e-05
2700,2,1,BH032,8,2,2,1,2.276074383411597e-05,9.375835410472123e-05,9.09535810331058e-05
2700,2,5,BH032,11,3,2,1,-8.917148099829575e-05,0.00012728346265705392,9.083471097964634e-05
2700,3,1,BH032,7,2,2,1,-0.0001722169248268,0.0002459068046877611,0.0001755611040627
2700,3,5,BH032,16,6,4,4,-1.007284065468461e-05,0.00017298289329640664,0.00013005048810435
2700,4,1,BH032,7,2,2,1,0.0001441016444838,0.0002747379424649806,0.0002339009811374
2700,4,5,BH032,9,3,2,1,0.0003381809921303,0.0008305620378431087,0.0007585443869335
2701,1,1,BH032,5,2,2,0,,,
2701,1,5,BH032,3,1,1,1,3.118616902009208e-05,6.57617728190908e-05,5.789622529996525e-05
2701,2,1,BH032,6,3,2,1,7.013863838389867e-06,1.8843173327484468e-05,1.7489145402611397e-05
2701,2,5,BH032,8,5,6,4,1.534465727709433e-05,0.00010778902620601406,7.54196515790791e-05
2701,3,1,BH032,4,2,2,0,,,
2701,3,5,BH032,1,1,1,1,5.829151575431624e-05,0.0003761765451484144,0.0003716322071187
2701,4,1,BH032,4,3,1,1,-2.628793883263647e-05,2.719533515547703e-05,6.968991295182204e-06
2701,4,5,BH032,8,6,5,5,3.3019458785976674e-05,0.00011429380456438205,9.274501421106292e-05
2730,1,1,BH032,196,183,57,64,-4.0140832372803636e-05,0.0003541286906606823,0.0001330382328274
2730,1,5,BH032,199,187,68,82,-2.6278322151962463e-05,0.00038858727595075283,0.00022704884308909998
2730,2,1,BH032,196,183,57,64,-0.00013080807805615,0.0005462211283668577,0.000204351061474
2730,2,5,BH032,193,180,38,84,-0.00012292184012935,0.0005906895455339449,0.00032023728194385
2730,3,1,BH032,197,182,57,65,0.0001042573674183,0.00045488734415506297,0.0001910204805587
2730,3,5,BH032,198,185,75,84,1.277845824171342e-05,0.0004946391681959416,0.00025526710000800003
2730,4,1,BH032,197,182,57,65,8.519932145134579e-05,0.0005038479499106072,0.0001538340873243
2730,4,5,BH032,190,178,51,82,1.913254822960564e-06,0.00048646663366467283,0.0003577614319088
2735,1,1,BH032,180,170,19,93,-3.666570520510781e-05,0.000335550174058187,0.0002482446388955
2735,1,5,BH032,181,163,31,110,1.6055005486736997e-06,0.0003597958939842252,0.0003224113833699
2735,2,1,BH032,178,168,19,93,1.8887999682970506e-05,0.00029566729578284467,0.0002390609757598
2735,2,5,BH032,179,167,21,107,-3.114497476586209e-06,0.00042944621359061155,0.0003662407470038
2735,3,1,BH032,174,163,24,86,8.398740730219956e-06,0.0003005032621115871,0.0002205264188418
2735,3,5,BH032,165,147,21,95,1.798303511613142e-05,0.00044397029891342225,0.0003152845820673
2735,4,1,BH032,172,162,24,86,1.0101878714474655e-05,0.0003439444406007643,0.00023399608731915
2735,4,5,BH032,171,156,24,102,-1.0608602015849122e-05,0.00038659924021385646,0.00029465599643025
2744,1,1,BH032,146,135,17,84,-1.7722528117269926e-07,0.000267230467950692,0.0001822847551244
2744,1,5,BH032,147,137,15,94,9.654417605919896e-07,0.0003124657151789442,0.0002644123143421
2744,2,1,BH032,151,140,17,87,1.3801924660605812e-05,0.0002645876848494351,0.0002040713999052
2744,2,5,BH032,154,141,17,101,7.9174771518975e-06,0.00031767844065413184,0.0002589599268137
2744,3,1,BH032,144,132,17,81,2.5587402066262754e-05,0.00024989047861030943,0.0001962687355667
2744,3,5,BH032,141,128,17,93,1.3725385396456956e-05,0.0003423253226527883,0.000276742736188
2744,4,1,BH032,146,133,17,82,-2.2385635287003325e-05,0.00024146444566799154,0.0002004633216605
2744,4,5,BH032,150,136,17,99,-9.82321900999672e-06,0.00029269642628025367,0.0002283917965296
2752,1,1,BH032,181,165,15,64,2.5054724814510543e-05,0.00029003202351357885,0.00018382712759819998
2752,1,5,BH032,185,167,30,102,-4.367153753781494e-05,0.000533715698398279,0.0004037314083266
2752,2,1,BH032,178,163,15,63,1.6018678043905332e-05,0.0004026793899004189,0.0002341394685405
2752,2,5,BH032,200,196,69,122,-2.6485767567141494e-05,0.00047961872656467313,0.00032042190762175
2752,3,1,BH032,186,161,18,63,-1.1081009601676683e-05,0.000387944686439631,0.0002649729018248
2752,3,5,BH032,179,155,18,94,3.055491481185335e-05,0.000612473432063236,0.0003751899351595
2752,4,1,BH032,184,161,18,62,7.847954882844732e-06,0.0003938949873111944,0.00026429964173469995
2752,4,5,BH032,202,190,87,119,3.982165757354661e-05,0.0006732959568171278,0.0004341260807744
2799,1,1,BH032,1,0,1,0,,,
2799,1,5,BH032,4,2,1,2,-0.0010751675772033645,0.0013184485663046033,0.0006250482048631
2799,2,1,BH032,2,1,1,1,-0.0002304477857049,0.00042631903994482326,0.0003587007340396
2799,2,5,BH032,7,3,2,3,8.002121667594064e-05,0.0006145920622978754,0.000609359489397
2799,3,1,BH032,1,0,1,0,,,
2799,3,5,BH032,3,1,1,1,0.0002324998768882,0.00035468446323565895,0.0002678054031615
2799,4,1,BH032,2,1,1,1,-0.0001871294787187,0.0002936863017075384,0.0002263786767719
2799,4,5,BH032,6,3,2,3,4.690275791197074e-05,0.0007014686974914576,0.0005073510123536
2800,1,1,BH032,13,5,2,2,-0.0007352804700372093,0.0009808825482942615,0.0006500388012273073
2800,1,5,BH032,15,8,3,7,-0.0001179697869577,0.0002832436416432455,0.0002800200609245
2800,2,1,BH032,14,6,2,3,5.0354219661818966e-05,0.0002784867350993983,0.0002439907782077
2800,2,5,BH032,11,5,2,3,0.0004213875143668,0.000969139578845593,0.0008726479696198
2800,3,1,BH032,13,4,2,1,-0.0025850738556147,0.0032765894882056086,0.0020218495514169
2800,3,5,BH032,11,6,3,5,-3.922985539905888e-05,0.00016629452525828917,0.0001589175919896
2800,4,1,BH032,15,5,2,2,-0.00018541723862529151,0.0007698132319409724,0.0007401752108431885
2800,4,5,BH032,12,5,2,3,-0.0006087454935079,0.0012524716348503934,0.001094790077721
2801,1,1,BH032,8,7,2,3,8.971881564789896e-06,0.000361750468586789,0.0002939791589894
2801,1,5,BH032,8,8,2,3,1.0607734705625482e-05,6.285608918342728e-05,5.8450664776933904e-05
2801,2,1,BH032,9,7,2,2,0.000348955961719337,0.0005552304040125181,0.00043066743953496173
2801,2,5,BH032,13,11,4,9,9.549658677177052e-05,0.0003883167645631683,0.0002408361379236
2801,3,1,BH032,11,9,3,5,0.0001430429199649,0.00030341705085815525,0.0002532922463636
2801,3,5,BH032,7,7,1,3,-0.0002882274049684,0.0005485197228383957,0.0004667405454878
2801,4,1,BH032,7,6,2,1,0.0003055837305355,0.00044085119247052175,0.0003176653394021
2801,4,5,BH032,11,10,4,8,1.53800449099184e-05,0.00038359528869261444,0.00035668126536885
2802,1,1,BH032,12,5,2,0,,,
2802,1,5,BH032,18,9,2,5,0.0006182159962279,0.0023771891508969295,0.0020302060586985
2802,2,1,BH032,10,5,2,0,,,
2802,2,5,BH032,16,10,2,2,0.0008912395572449,0.0024665990953414746,0.0015809319895699
2802,3,1,BH032,10,4,2,0,,,
2802,3,5,BH032,20,11,3,6,0.0001288455535089,0.0012709595520221267,0.00102123483686775
2802,4,1,BH032,9,4,2,0,,,
2802,4,5,BH032,15,10,2,2,7.166319587026404e-06,0.0014976205280569917,0.0014975885976746001
2869,1,1,BH032,31,12,7,10,-0.00027731382858680004,0.010530139538368146,0.01050551110507315
2869,1,5,BH032,64,20,4,19,0.0005095893397486,0.006513645891963432,0.006173259266383
2869,2,1,BH032,26,9,13,6,0.0004643866449056479,0.006621496437622699,0.00635003942763805
2869,2,5,BH032,59,21,6,20,8.643347805380958e-05,0.0057478248468724935,0.0047918094426017
2869,3,1,BH032,16,6,4,3,-4.67894910833877e-05,0.025637361756453016,0.0253305579991523
2869,3,5,BH032,53,20,4,17,8.253329226382e-06,0.004275864215391618,0.0042756804900566
2869,4,1,BH032,19,7,5,4,-0.00168020517751495,0.010085545537232727,0.0094704347834766
2869,4,5,BH032,45,21,7,18,0.00012732822255671433,0.006030170620915619,0.0059316025097527
2899,1,1,BH032,2,1,1,1,3.9931337566301295e-05,0.003097298136723255,0.0030970407042442
2899,1,5,BH032,9,3,2,3,0.0004492269472339,0.001332274007539872,0.0012541802370964
2899,2,1,BH032,6,1,2,1,-0.0005614723219129,0.0009343565295091888,0.0007470775341811
2899,2,5,BH032,15,8,2,8,0.0001518157985694,0.0011470464787580502,0.0008542274432869999
2899,3,1,BH032,2,1,1,1,-5.769988542958515e-05,0.0006524157916910013,0.0006498595813669
2899,3,5,BH032,10,4,2,4,-5.7118061529249995e-05,0.0007048624508100799,0.0006824706092203
2899,4,1,BH032,7,1,2,1,-0.000199368736816,0.0007210610621291757,0.0006929624944005
2899,4,5,BH032,15,8,2,8,-2.579106949135001e-05,0.0006440850543470416,0.00056416709974705
2900,1,1,BH032,13,7,2,5,0.0012012096332412,0.0016063632832356686,0.0010649071989321
2900,1,5,BH032,19,15,4,15,-7.814207591883005e-06,0.0006554650671570714,0.0005392533751021
2900,2,1,BH032,15,7,2,5,-0.0001833299667406,0.0020124078248886425,0.0018720956712295
2900,2,5,BH032,13,9,2,9,0.000242663495617,0.000864380334940255,0.0006409313418469
2900,3,1,BH032,10,6,2,4,-0.00030477700641595,0.0017696531228245456,0.00173890375108235
2900,3,5,BH032,15,11,2,11,-7.108109577802502e-05,0.0007074312731820484,0.0003978427022845
2900,4,1,BH032,14,8,2,6,2.4787140161519616e-06,0.0013097927266975098,0.00097685720751355
2900,4,5,BH032,11,7,2,7,0.0001185138315633,0.0010142237751612794,0.000950949035367
2901,1,1,BH032,11,10,3,5,4.4536257611804686e-05,0.00017511748984678943,0.0001630174224839
2901,1,5,BH032,12,12,3,6,0.00010972281748601614,0.0010757989027681979,0.0010671382395823
2901,2,1,BH032,9,8,2,2,5.079202553603944e-06,4.473057025131305e-05,3.968909068936404e-05
2901,2,5,BH032,17,17,5,10,-0.0001168582041042,0.0003726576363896105,0.00025619900672955
2901,3,1,BH032,12,11,3,6,-0.00013131687128927258,0.00037579504826977994,0.0003518408836883
2901,3,5,BH032,9,9,3,4,4.7769357046494756e-05,0.0014480518151811922,0.0011276955109001
2901,4,1,BH032,8,7,2,1,-0.0004129433972359,0.0005290823624385532,0.0003309783399814
2901,4,5,BH032,17,17,5,10,5.532694978821473e-05,0.00036903411987996063,0.000276113509363
2902,1,1,BH032,6,4,2,2,-0.000614820843273,0.004691563891623686,0.00465108518386505
2902,1,5,BH032,23,14,2,7,0.0009176148476452,0.005498732420450555,0.0048062958674773
2902,2,1,BH032,6,4,2,2,0.0008669298905965,0.003043331599024003,0.0027488502207928004
2902,2,5,BH032,22,13,2,6,-0.00037130024582595,0.002868153069428548,0.002356372207237
2902,3,1,BH032,6,4,2,2,0.0004235735597913499,0.008806801765981342,0.00859214395685725
2902,3,5,BH032,24,14,2,7,0.0018470816388961,0.0037608655114640534,0.003167971587882
2902,4,1,BH032,6,4,2,2,0.00142372611281265,0.014869257443127365,0.0146299328970508
2902,4,5,BH032,19,12,2,5,-0.0003047182124866,0.003275435937346429,0.0023896611689551
2930,1,1,BH032,153,61,14,34,0.0007867629398184499,0.005966082948441601,0.0047248416189754
2930,1,5,BH032,160,80,19,58,-0.00024474752007635,0.004215222364111074,0.0031834437700895496
2930,2,1,BH032,146,59,11,32,0.0004133819303644,0.004932783667554444,0.004374525545121549
2930,2,5,BH032,153,68,18,49,-0.0002441611850638,0.003991108593094313,0.0025427278523773
2930,3,1,BH032,142,58,10,32,0.00018458725496705002,0.003412625648791163,0.00215313939130025
2930,3,5,BH032,160,79,19,54,5.047873336855059e-05,0.0028604101451298112,0.00238690830318545
2930,4,1,BH032,140,56,13,31,0.0002040319754498,0.004441285137528468,0.0026528808731694
2930,4,5,BH032,155,69,18,51,-5.895896538099521e-06,0.0037252512471460456,0.002484972598431
2970,1,1,BH032,69,47,13,11,-0.0002210268920437,0.0007393777914331625,0.000566151279328
2970,1,5,BH032,70,37,10,21,-3.90851636224987e-05,0.0012151192580004803,0.0009111548799081
2970,2,1,BH032,65,45,13,10,-0.00017102665414555,0.0008225649339381285,0.0007061698676193
2970,2,5,BH032,75,44,13,18,-0.00024892429135345,0.0010675092576220568,0.000747858797723
2970,3,1,BH032,59,45,16,6,0.00010411056469590526,0.0008475563606786645,0.00083441408117965
2970,3,5,BH032,90,51,21,15,-7.639820969096434e-05,0.00086607243905157,0.0006870941352967
2970,4,1,BH032,55,40,12,6,-0.00012209659158944744,0.0008697809595951836,0.00085564714390275
2970,4,5,BH032,84,47,10,14,-1.0609308258968664e-05,0.0008776541593588328,0.0005905183293613
2984,1,1,BH032,176,7,21,7,-0.0001823917824463,0.00019438024893339394,3.538706338702523e-05
2984,1,5,BH032,142,6,21,6,-0.00011200639525628676,0.00017301437465954192,7.428730989506347e-05
2984,2,1,BH032,174,7,21,7,-4.278325070194988e-05,0.00013057789186221672,3.986880284216367e-05
2984,2,5,BH032,149,6,23,6,-8.075749747782357e-05,0.00014418508064809873,5.367484435024043e-05
2984,3,1,BH032,170,7,55,7,3.359134066527325e-05,8.394136505639467e-05,3.9660258549868645e-05
2984,3,5,BH032,153,6,60,6,1.9618802549914438e-05,0.00012313903243085428,4.0832604786057875e-05
2984,4,1,BH032,166,7,55,7,4.024833602978006e-05,8.414626801730357e-05,6.223996505283639e-05
2984,4,5,BH032,158,6,70,6,3.2839066000656114e-05,0.00012516248855759323,7.317498059216601e-05
3006,1,1,BH032,203,195,41,48,-3.080325795279393e-05,0.00045544693326981416,0.0001955686230776
3006,1,5,BH032,210,201,61,45,1.2939828019420396e-05,0.00032122077416469485,0.0001310294911332
3006,2,1,BH032,199,191,33,48,-2.464553803394054e-05,0.0004480313785581879,0.00019507504798825
3006,2,5,BH032,201,194,61,46,-1.788821932913188e-06,0.00026394528603356654,0.0001568515683235
3006,3,1,BH032,184,177,30,48,4.548166748652438e-05,0.0003002582942337,0.00012576035836249998
3006,3,5,BH032,189,186,86,52,-1.7198601285906e-05,0.0003759762485554417,0.00018119384337919999
3006,4,1,BH032,177,171,30,46,-5.200724195708606e-05,0.00025115914972270324,0.00013944924588115
3006,4,5,BH032,186,183,86,48,1.269401663706038e-05,0.0003623870027214166,0.00018523694767734998
3007,1,1,BH032,204,202,36,49,-1.1894733895845278e-05,0.00026432999249688074,0.0001525187411051
3007,1,5,BH032,213,211,32,45,-7.324062348113003e-05,0.000242539848062482,0.0001388718869405
3007,2,1,BH032,205,202,38,50,5.649023216530713e-05,0.00030933721763221035,0.0001195084941367
3007,2,5,BH032,207,205,32,48,-1.19962953628594e-05,0.0002851932412572971,0.00015648898122465002
3007,3,1,BH032,210,209,108,49,3.874129277448013e-05,0.000389655302066374,0.000131656278045
3007,3,5,BH032,211,210,52,47,-3.0912706102226295e-05,0.0004025969066134202,0.0001659593948317
3007,4,1,BH032,215,212,75,53,9.583759729925312e-06,0.00034454599772172807,0.0001651839293675
3007,4,5,BH032,217,215,70,48,-2.423929251338386e-05,0.00030210848624177833,0.00018402346174905
3008,1,1,BH032,186,178,40,57,-2.161490095065055e-05,0.0003286488982011536,0.0001055711330665
3008,1,5,BH032,177,174,73,45,1.1123834833925985e-05,0.0003188896749299584,0.0001788187870304
3008,2,1,BH032,184,174,40,58,0.00012113003681405,0.0003056635502533307,0.00011935875196595
3008,2,5,BH032,170,166,86,45,-0.0001209770310357,0.00038285948914472634,0.0002838422776227
3008,3,1,BH032,203,191,57,52,5.130888647786325e-06,0.00036203808971565506,0.0001348563487993
3008,3,5,BH032,193,187,93,47,1.4237950345163952e-05,0.00033988804148313653,0.0002317449578171
3008,4,1,BH032,202,189,57,54,-9.17758096049548e-05,0.0003965454516547057,0.0001435848710023
3008,4,5,BH032,184,180,106,48,-6.763020101163697e-07,0.0004650073406163382,0.0003413166209118
3019,1,1,BH032,204,199,102,51,-2.8074838719804877e-05,0.00037046702056203247,0.0001726519188392
3019,1,5,BH032,212,203,62,51,0.0001574982603878,0.000395305573835149,0.0001295951064169
3019,2,1,BH032,208,205,61,49,-3.257168168779856e-05,0.00037518197140895716,0.0001640618254254
3019,2,5,BH032,212,204,42,51,-3.488346179780777e-05,0.00035851802125011744,0.0001714579546663
3019,3,1,BH032,194,192,68,46,1.1506242597658645e-05,0.00040246667160064985,0.00018165819200445
3019,3,5,BH032,200,196,64,55,-4.595009971986031e-05,0.0003861372294993169,0.0001939092014508
3019,4,1,BH032,197,193,132,46,1.7870348087978267e-06,0.00035801737843122833,0.00015012053391459998
3019,4,5,BH032,202,199,85,52,1.194533883958071e-05,0.0003877780432567214,0.00018052053285785
3020,1,1,BH032,201,200,62,59,-3.3125247469456558e-06,0.0003301700547573141,0.0001841040480559
3020,1,5,BH032,192,192,90,47,2.4954273215027637e-05,0.00032857684485759986,0.0001446800604412
3020,2,1,BH032,198,197,58,62,-0.00015653153939175,0.0003960729587189552,0.00013273026768915
3020,2,5,BH032,194,194,90,49,6.995296474188173e-05,0.00034272705358556554,0.0001788979215521
3020,3,1,BH032,218,217,106,57,1.0343721135175345e-07,0.0003926493119746162,0.0001905106405738
3020,3,5,BH032,218,216,107,49,5.070352335112549e-05,0.0004136045908143019,0.0001379115861242
3020,4,1,BH032,214,213,107,54,-5.638196436896781e-05,0.00027935342133572275,0.0001137445309122
3020,4,5,BH032,221,220,161,46,5.6867528560933245e-05,0.00039201842838274296,0.00017941278694335
3021,1,1,BH032,202,198,89,70,3.355702560470242e-05,0.00048065870713423237,0.00016611436027285
3021,1,5,BH032,208,207,61,57,-2.049073027476922e-06,0.00047648964668019656,0.0002539848953687
3021,2,1,BH032,199,195,89,70,-5.60155161183351e-06,0.00036821155445842824,0.0001592952307405
3021,2,5,BH032,205,205,61,58,2.503757498406589e-05,0.0005069852843154997,0.0003955604721923
3021,3,1,BH032,202,199,160,60,-7.277846197395466e-05,0.00033041787993940157,0.00014345506963120002
3021,3,5,BH032,202,202,103,52,8.228452657854657e-06,0.0005612912065304893,0.00026371190553829997
3021,4,1,BH032,198,195,118,61,-8.74466703915111e-05,0.0003406806827791862,0.0001468554065003
3021,4,5,BH032,196,196,121,51,-8.408228310941013e-06,0.00038338117448668115,0.0002008343610748
3022,1,1,BH032,212,211,122,80,-5.502634172926957e-06,0.00045032070536178703,0.00016446162486265
3022,1,5,BH032,203,202,122,67,-8.801869154639874e-06,0.00040410551259525014,0.0002720803753606
3022,2,1,BH032,210,208,122,78,8.720711645615609e-05,0.00040618911084699906,0.00019591511852760002
3022,2,5,BH032,195,194,111,68,-1.1833075757361478e-05,0.0005799489874163794,0.00039903686621825
3022,3,1,BH032,208,207,146,78,9.58213889392101e-05,0.00043250151554461466,0.00017429280866115
3022,3,5,BH032,200,200,112,58,4.801427964856719e-05,0.00044294555980787023,0.0002970821707895
3022,4,1,BH032,209,207,145,78,-8.304645100398744e-05,0.0004434429072827653,0.00017841542743185002
3022,4,5,BH032,196,196,88,63,2.844284777259176e-05,0.00045654565237951704,0.0003161308433829
3023,1,1,BH032,196,191,112,89,-7.896910121663048e-05,0.0004227469492157572,0.00016526730358
3023,1,5,BH032,196,191,103,74,4.148887385979627e-06,0.0005371718084908018,0.0003440939580123
3023,2,1,BH032,188,184,97,90,-1.9063129664598222e-05,0.0003590712909275248,0.00012673109396504998
3023,2,5,BH032,198,189,96,74,1.1186999576695554e-05,0.0004045492545662912,0.00018418386081709998
3023,3,1,BH032,221,210,123,73,-1.251423083759029e-05,0.00038041941404621317,0.0001473106954966
3023,3,5,BH032,208,199,106,73,5.62221453556111e-05,0.0005183335512277974,0.0003586516705955
3023,4,1,BH032,209,203,109,81,-5.3791973245287394e-05,0.00046827508732667203,0.0001427086222349
3023,4,5,BH032,212,201,111,67,3.610242757023929e-05,0.0005109169290476842,0.000299468690996
3092,1,1,BH032,191,182,61,44,6.22309073161631e-07,0.0005099715982471603,0.00025527597780985
3092,1,5,BH032,205,193,35,46,-2.9830381199080772e-05,0.00027844824063510336,8.705562116334784e-05
3092,2,1,BH032,202,193,71,42,-1.008185813644591e-05,0.0004114455096775034,0.00021744336283119998
3092,2,5,BH032,209,197,61,44,-6.403766347229389e-05,0.0002876554847974446,9.21628163571955e-05
3092,3,1,BH032,195,193,43,45,3.4112403280661674e-05,0.0004590438287821526,0.00019072820854
3092,3,5,BH032,218,203,29,49,1.3104274906639011e-05,0.0002835151604831294,0.00012694076621
3092,4,1,BH032,215,209,43,44,8.853863086299985e-06,0.0004009999883606812,0.0002573099793699
3092,4,5,BH032,222,207,29,49,1.6645870568599008e-06,0.0003816572111474848,0.000108564727676
3141,1,1,BH032,190,182,53,49,-6.0899772545530695e-05,0.0002648305680550226,0.0001375221369995
3141,1,5,BH032,153,150,71,49,-2.631801872898798e-05,0.00038932999268214774,0.0001658689642354
3141,2,1,BH032,200,188,53,49,9.053223754318385e-05,0.0003324990927566166,0.0001163492176441
3141,2,5,BH032,169,163,114,48,8.390733058621924e-05,0.00033235416328270835,0.00020714741787129998
3141,3,1,BH032,195,190,65,48,-7.297937662509302e-05,0.0003334302368307978,0.00015738239699174999
3141,3,5,BH032,176,169,58,44,6.645564252744096e-05,0.00044911172843124206,0.00017549324131535
3141,4,1,BH032,202,194,53,47,4.863576679103865e-05,0.0003120991856650307,0.0001144952166857
3141,4,5,BH032,186,179,58,46,-5.3853738004594484e-06,0.0003464124666367746,0.0002210740419843
3142,1,1,BH032,217,217,43,48,-5.100255354828498e-05,0.0002823589118994401,8.926153068795472e-05
3142,1,5,BH032,211,211,60,46,3.910383305782972e-05,0.0004013644037763008,0.00022671825985655
3142,2,1,BH032,217,215,43,48,7.89367535863894e-06,0.0003184191470631299,0.00010306187263139859
3142,2,5,BH032,211,211,65,50,-2.8804945090832312e-05,0.00046319674277470364,0.0003202068287781
3142,3,1,BH032,209,206,87,48,-3.869404613721095e-05,0.00025950856231127657,0.00013575419390165
3142,3,5,BH032,199,199,61,47,1.460993572555136e-05,0.0003180023187201107,0.000168156218086
3142,4,1,BH032,209,207,87,48,-1.4020511234558164e-05,0.0003232677533010512,0.00011854254373205
3142,4,5,BH032,198,198,57,47,1.2556305717725811e-05,0.00041082926654707476,0.0002271072836515
3143,1,1,BH032,180,172,30,56,2.8812111927900563e-05,0.000418795000261438,0.0001668617903667
3143,1,5,BH032,184,174,56,46,-5.7605681467731706e-05,0.00043098668532262705,0.00019813811073515
3143,2,1,BH032,185,177,30,57,2.0691901725156114e-05,0.0003724048580386969,0.0001749139511661
3143,2,5,BH032,193,179,65,50,3.834006139791235e-06,0.0003856735187595523,0.00015171293286105
3143,3,1,BH032,207,198,51,56,3.7416545529189715e-05,0.0003311744139511503,0.00015844950983165
3143,3,5,BH032,199,192,58,46,1.962866717108991e-05,0.00042372244472070283,0.00015548617522155
3143,4,1,BH032,212,201,51,52,-7.2102364693238385e-06,0.0003159896347852202,0.00015829791143875
3143,4,5,BH032,203,194,53,45,8.345192491543418e-05,0.0003857378595156329,0.0002288389424662
3486,1,1,BH032,117,89,9,46,1.279896379213774e-06,0.0008404435465506708,0.0005727079968711501
3486,1,5,BH032,114,103,7,58,0.00010172722362788726,0.0010550905732855036,0.00074095545076755
3486,2,1,BH032,133,100,5,47,-0.0002355522336388,0.0014232624300964274,0.000783867552694
3486,2,5,BH032,118,105,5,59,0.000153199228058,0.001161572479689525,0.0007174659813507
3486,3,1,BH032,101,87,5,47,-3.823260774638016e-08,0.0010971846591909752,0.0007237291719658
3486,3,5,BH032,128,122,8,82,5.762958680999297e-05,0.0011570705838935794,0.0005118667038603
3486,4,1,BH032,97,83,5,45,1.6493522149274575e-05,0.0008011657436091851,0.0003474773247318
3486,4,5,BH032,139,133,12,101,-4.755235118469869e-05,0.0012207557355408513,0.0006259798204533
3487,1,1,BH032,32,28,4,20,-1.105683072266661e-06,0.00012814372125782755,5.0304664037518194e-05
3487,1,5,BH032,14,14,2,8,-3.3357305130321535e-06,1.4616241385992261e-05,1.3644846781349423e-05
3487,2,1,BH032,39,35,13,25,-1.6278243925471614e-05,5.16923479346123e-05,2.231360968416825e-05
3487,2,5,BH032,12,12,2,10,-4.366651172538205e-06,1.220060787635944e-05,1.0569903701489087e-05
3487,3,1,BH032,12,12,2,11,6.0631893166185336e-06,7.164208133743687e-05,2.6628215765296715e-05
3487,3,5,BH032,28,28,3,15,-3.482842317437118e-06,1.7895351055983563e-05,1.2925283389135072e-05
3487,4,1,BH032,18,16,2,16,9.259424004426364e-06,5.9063973558240874e-05,2.5675366472696774e-05
3487,4,5,BH032,40,34,3,18,3.3778716604926373e-06,9.657738978913561e-06,4.608254816489836e-06
3488,1,1,BH032,4,4,2,4,2.289809740063653e-05,7.362320459154966e-05,2.865509920223133e-05
3488,1,5,BH032,13,13,6,13,3.3157192886879017e-06,9.571285173833096e-06,4.175563035900086e-06
3488,2,1,BH032,4,4,2,4,-2.7883882215418154e-06,1.3136126444138601e-05,3.845208659165701e-06
3488,2,5,BH032,26,22,5,16,1.894719499129227e-06,1.116234582210575e-05,7.297110714028402e-06
3488,3,1,BH032,8,8,3,7,8.60459434770533e-06,9.84957605591463e-05,1.559423543620715e-05
3488,3,5,BH032,16,16,3,14,-6.72578068461327e-07,3.412192652988924e-05,1.0303923275862091e-05
3488,4,1,BH032,7,7,2,7,-6.965291639260407e-05,7.003636391867684e-05,7.364733690264656e-06
3488,4,5,BH032,13,13,2,13,-4.526954059169697e-06,5.71435029860712e-05,2.0305261676796533e-05
3536,1,1,BH032,87,84,5,51,-9.309764606202364e-05,0.000763700097752646,0.0005348072659678
3536,1,5,BH032,160,143,13,101,1.0345811389700366e-05,0.0007851332263339086,0.0004343639904712
3536,2,1,BH032,82,75,9,44,-4.303406452321745e-05,0.0009318122094867088,0.0005619982585364
3536,2,5,BH032,152,142,13,95,6.015207149900892e-05,0.0009632813911281177,0.0004712978444336
3536,3,1,BH032,126,102,8,62,2.8955099889871327e-05,0.0008533930058058031,0.0005373761328168
3536,3,5,BH032,82,79,3,38,3.413660322520995e-05,0.0010690892865878085,0.00080183435616965
3536,4,1,BH032,82,69,8,41,1.5611545982063824e-05,0.0012112574675730756,0.0007645247870366
3536,4,5,BH032,62,59,3,23,-3.449883058781466e-06,0.0012677836880937428,0.0004743891791827
3537,1,1,BH032,18,18,2,15,7.455697523806037e-06,8.553359478423845e-05,5.978566708085378e-05
3537,1,5,BH032,35,32,6,12,-2.6767374022851342e-06,1.2756068040280412e-05,8.566044680674227e-06
3537,2,1,BH032,30,19,7,17,-2.1088469932539766e-06,5.552080477417902e-05,1.751656015306755e-05
3537,2,5,BH032,35,28,6,13,2.633595483914064e-06,9.583470091608782e-06,3.4041690181037548e-06
3537,3,1,BH032,43,41,6,23,3.3854042592595945e-05,0.00026876084474178574,0.0002147489020102
3537,3,5,BH032,42,40,6,14,-3.126422138843843e-06,5.671475844746241e-05,4.288850770704712e-05
3537,4,1,BH032,49,44,11,30,6.673850212357557e-06,8.437109124908391e-05,4.7846420886965046e-05
3537,4,5,BH032,25,25,2,13,-2.149249935134989e-06,3.1980427433388273e-05,1.3940321321155832e-05
3538,1,1,BH032,19,16,5,7,-6.249436091776417e-05,7.469711088279111e-05,1.2070303424198498e-05
3538,1,5,BH032,15,15,2,12,-2.5630977699142576e-06,2.50881721757641e-05,1.298067024986602e-05
3538,2,1,BH032,18,16,5,7,7.658463799797843e-06,6.0594923316521136e-05,1.1470641849004027e-05
3538,2,5,BH032,20,19,2,13,-2.513498209566478e-06,0.00012994092154877042,1.4543035232757346e-05
3538,3,1,BH032,19,16,4,7,5.358295736590524e-05,7.499464779844762e-05,2.5092796220070283e-05
3538,3,5,BH032,29,27,5,16,-1.5952559926368792e-06,1.6679338587380695e-05,1.4215404372196996e-05
3538,4,1,BH032,23,20,4,8,7.014459069001169e-05,0.00022649469796203695,0.00011804564369013144
3538,4,5,BH032,35,23,5,17,2.981206795760194e-06,1.6743285682800508e-05,9.571694635653489e-06
3539,1,1,BH032,21,6,2,3,2.2157416329382507e-05,0.0001093330335226032,0.0001070641794566
3539,1,5,BH032,28,20,6,11,-4.745859631949401e-07,6.319523965974987e-06,3.642731245846284e-06
3539,2,1,BH032,19,8,3,4,-2.659139402005897e-07,9.220196867433528e-05,7.73404354452565e-05
3539,2,5,BH032,28,20,6,11,-4.371250313717212e-06,1.0470083790112179e-05,8.209441066816299e-06
3539,3,1,BH032,6,3,2,2,-6.059929274324826e-05,8.530603856386102e-05,5.952483004742359e-05
3539,3,5,BH032,34,26,7,14,-9.764453333671597e-07,6.691656936100726e-05,2.622311529112906e-05
3539,4,1,BH032,5,3,2,3,-7.973793225257708e-06,0.00013628506369250146,2.451424002229556e-05
3539,4,5,BH032,27,20,4,8,-1.0717009268579327e-05,4.2221137249236595e-05,2.813680074279924e-05
3560,1,1,BH032,31,23,5,6,0.00134863234644365,0.00259786596742728,0.0013759996459661
3560,1,5,BH032,26,22,6,6,-3.853035239187452e-05,6.864122178772762e-05,5.24773092192499e-05
3560,2,1,BH032,43,32,5,8,0.0006853844166777501,0.0007737971780061277,0.00035742080872210003
3560,2,5,BH032,19,17,6,2,-7.288997526222477e-06,8.480897011111404e-05,6.64971511774261e-05
3560,3,1,BH032,51,42,6,23,5.043238662405525e-05,0.00029582434641594707,0.0001444429254551
3560,3,5,BH032,25,21,4,6,-6.64274554944555e-05,0.00018006808692990546,6.572010219363393e-05
3560,4,1,BH032,61,50,5,27,2.4984575240361014e-05,0.00015720704431822167,8.241158644592454e-05
3560,4,5,BH032,18,16,3,2,-9.506437874617912e-06,6.69542981027785e-05,6.384237175219929e-05
3561,1,1,BH032,20,20,7,14,6.4627629218771965e-06,0.00017901102827483405,9.326408990396447e-05
3561,1,5,BH032,18,16,4,4,-1.9546103794398917e-05,3.395587427296615e-05,2.7153948585366583e-05
3561,2,1,BH032,23,23,3,11,-0.0001530471488258,0.0012640868039268342,0.0007303173990828
3561,2,5,BH032,17,16,7,3,1.992042382159553e-06,1.0816343753582512e-05,9.396882265450296e-06
3561,3,1,BH032,35,35,7,14,-2.722009125000202e-05,0.00022463349939543108,5.213870702928014e-05
3561,3,5,BH032,13,12,2,0,,,
3561,4,1,BH032,35,35,3,12,0.0001696433323539328,0.0008580048981055508,0.0005410886333501
3561,4,5,BH032,12,10,2,0,,,
3562,1,1,BH032,42,33,7,8,-0.0010461074755403,0.0024714297751991495,0.0012723359784452
3562,1,5,BH032,26,24,10,5,-6.814128142029752e-05,7.111382070679999e-05,2.0615957284184947e-05
3562,2,1,BH032,49,35,8,8,0.00037113694546695,0.0038338288846059805,0.0026833081297666503
3562,2,5,BH032,29,25,4,7,-2.8920410018340448e-05,0.00012155638696079544,0.0001048490241838
3562,3,1,BH032,41,32,7,9,-0.0003688403955997,0.002532365397982859,0.0013008671585621
3562,3,5,BH032,37,35,6,25,1.4054618650893858e-05,7.380792948078418e-05,3.853961665392973e-05
3562,4,1,BH032,49,37,10,10,-0.00108343797875895,0.0025596851247114707,0.0014373249779737
3562,4,5,BH032,32,31,4,22,7.185317862867802e-06,7.08139240549221e-05,4.3881290655944824e-05
3594,1,1,BH032,201,201,30,62,9.999016948425421e-06,0.00033734385536967606,8.95500562246539e-05
3594,1,5,BH032,187,186,32,57,-8.341783384713253e-06,0.00029701934653975987,0.0001435888848044
3594,2,1,BH032,201,201,30,61,5.4477619245152376e-05,0.0003125094036957773,8.846862068918947e-05
3594,2,5,BH032,198,196,56,56,4.119132381724677e-05,0.0003813594730469121,0.0001280111964729
3594,3,1,BH032,205,205,47,66,1.542592647224561e-05,0.00027584271842114765,9.975150288991562e-05
3594,3,5,BH032,204,202,47,51,9.56552496989005e-07,0.00023123793033517326,8.385777503032352e-05
3594,4,1,BH032,204,204,46,64,4.615347836733896e-05,0.0002485821535501537,0.00011445823212995001
3594,4,5,BH032,204,203,47,51,7.305698877635436e-05,0.00031541887340436064,9.480234496368323e-05
3595,1,1,BH032,204,204,20,62,4.544730609268299e-05,0.0003239734377740792,9.423698357671215e-05
3595,1,5,BH032,220,220,48,61,4.342400812751279e-05,0.00021204370416941457,0.000115172730022
3595,2,1,BH032,199,199,20,55,1.9945199060456e-05,0.00030366523880569847,8.824885408781305e-05
3595,2,5,BH032,214,214,44,62,7.381761970348677e-06,0.00025930521621445274,0.00011004422512535001
3595,3,1,BH032,213,213,47,60,-6.771629562085657e-07,0.00031641252619434674,8.663359123765125e-05
3595,3,5,BH032,208,207,38,60,2.4384246677000565e-05,0.0002662860550838621,0.00010421551143655
3595,4,1,BH032,210,210,46,59,-2.979238918365823e-05,0.00027862538366154227,9.753799272191753e-05
3595,4,5,BH032,210,209,39,58,-5.361547938265154e-05,0.0003076196000336344,9.291240414575796e-05
3596,1,1,BH032,202,200,44,59,-2.222997100398416e-06,0.00022654549541653547,7.26541745030976e-05
3596,1,5,BH032,196,187,27,60,-5.8119114840660124e-05,0.00032934344950018963,8.210072973358396e-05
3596,2,1,BH032,207,204,44,56,-4.716693701767305e-05,0.0002710148271437373,6.257607665111778e-05
3596,2,5,BH032,195,186,27,61,8.183744603751375e-05,0.0002210144745228662,8.890525222382668e-05
3596,3,1,BH032,193,192,36,69,-5.68535853193719e-05,0.0002245867921547652,0.0001125904975256
3596,4,1,BH032,193,192,37,65,-1.9867700060238747e-05,0.00023756481647414153,8.207296801536026e-05
3637,1,1,BH032,28,26,9,19,1.1083580474524624e-06,0.00012567739489398222,9.73424632462858e-05
3637,1,5,BH032,16,15,2,7,2.030246411910408e-05,3.327500415650949e-05,1.925880163942544e-05
3637,2,1,BH032,19,17,3,14,-5.3144346868760906e-05,0.000143391857153926,8.18449886626701e-05
3637,2,5,BH032,18,17,3,8,-2.3975729969150095e-06,0.00017593878209141395,0.00015407472558497817
3637,3,1,BH032,20,18,2,12,-6.409948542607236e-05,0.0004586552905340624,0.00018227463223129998
3637,3,5,BH032,15,11,3,8,-2.9573498520729657e-05,0.0003605999255617661,0.0003021646696008515
3637,4,1,BH032,9,8,2,8,-1.766644855666355e-05,0.0006134038472214055,0.00022982966174995
3637,4,5,BH032,19,11,2,6,-2.659721029824036e-05,0.0005398122742077794,0.00010824398681079435
3638,1,1,BH032,34,20,3,14,-0.00016440867340135527,0.0016959916023608973,0.0005062100479379
3638,1,5,BH032,17,10,3,6,5.944385317868672e-07,1.066722898440051e-05,1.0545742635730825e-05
3638,2,1,BH032,34,21,3,12,-0.00044403107623535,0.001094151117441768,0.0003394685828607
3638,2,5,BH032,15,7,3,4,2.706767811944122e-06,1.5364178357729577e-05,1.2746123531620574e-05
3638,3,1,BH032,15,12,3,8,-0.00070797364605065,0.0007565724605570268,0.00035679122118780003
3638,3,5,BH032,14,12,3,8,-2.52872902929413e-05,6.96902515617864e-05,3.6839826599215044e-05
3638,4,1,BH032,13,11,3,7,-2.6134601627925136e-05,0.0009135117575158225,0.0003586610871069
3638,4,5,BH032,11,10,3,5,4.990347190614308e-05,8.790010755258115e-05,3.5472250344582435e-05
3639,1,1,BH032,11,9,2,5,-0.0001704337085042,0.00017523532548026864,4.542475659331232e-05
3639,1,5,BH032,17,16,4,7,-7.491577946217021e-06,4.219801756948631e-05,3.910690154148761e-05
3639,2,1,BH032,11,10,2,5,-6.845555231338452e-06,0.00022973053119829017,0.000139641949858
3639,2,5,BH032,8,8,3,7,6.821512333332613e-05,7.126524942763297e-05,2.658787876829323e-05
3639,3,1,BH032,3,2,2,0,,,
3639,3,5,BH032,9,8,4,2,-0.0001883068140583129,0.0005415395537886466,0.0005077548814376
3639,4,1,BH032,5,4,2,1,-5.507038505658812e-06,3.3438741553393114e-05,3.2982151216726265e-05
3639,4,5,BH032,7,7,2,3,-7.760832849368349e-05,9.705206045676613e-05,5.828366345675535e-05
3640,1,1,BH032,11,3,2,2,6.506829039237675e-05,7.040081274043255e-05,2.4661930330993107e-05
3640,1,5,BH032,9,6,2,3,0.0001468690727679,0.0001794667012582852,5.187043623783055e-05
3640,2,1,BH032,11,3,2,2,-8.490433623583075e-05,9.304997829390312e-05,3.8017168249904886e-05
3640,2,5,BH032,9,7,3,4,-2.843250115092122e-05,0.00018710970434868138,0.00010125460738445868
3640,3,1,BH032,4,2,1,2,6.591578433761585e-05,0.00011086309426137643,8.611725021314186e-05
3640,3,5,BH032,3,3,1,3,1.8781484805163728e-06,0.0001139926217008989,9.832425046313836e-05
3640,4,1,BH032,4,2,1,2,-0.00010285578927739532,0.0001178870870883519,5.2380431335686444e-05
3640,4,5,BH032,2,2,1,2,0.0003184643384873745,0.00041289776528775533,0.0002476066512035771
3660,1,1,BH032,56,51,13,27,-1.9627717244841136e-06,0.0002224135470126834,0.000137087247152
3660,1,5,BH032,17,14,4,6,-8.964179434578501e-06,0.0001265345740274298,6.914145876844368e-05
3660,2,1,BH032,52,47,17,26,-8.257817642909338e-06,0.0002940960819744591,0.00012895614616315
3660,2,5,BH032,15,13,4,2,-2.1735183807500017e-06,0.00012222272756002724,5.863283499631222e-05
3660,3,1,BH032,33,28,11,7,0.0010936233884137,0.0028778441981821045,0.0011504672650039
3660,3,5,BH032,18,14,4,7,2.254641571930449e-05,0.0001254131405347122,8.542338212372878e-05
3660,4,1,BH032,34,30,17,8,-1.2876182401755365e-05,0.0015842329296142472,0.0002251195493932
3660,4,5,BH032,15,10,3,3,-7.329374837050651e-06,7.901299708589839e-05,6.750377056406372e-05
3661,1,1,BH032,38,38,12,16,0.0001030414591668097,0.0003617662865350492,0.00018567384891615
3661,1,5,BH032,7,7,3,0,,,
3661,2,1,BH032,37,36,13,12,-0.00017943862825459998,0.0006019850237064361,0.0004203122981015
3661,2,5,BH032,7,7,3,2,0.0010272335970625498,0.00598734435388984,0.0057868519979152
3661,3,1,BH032,33,33,7,13,1.7330086586775373e-05,0.0006162798879872308,0.0003885873048634
3661,3,5,BH032,13,13,3,2,-1.5222922017943397e-06,1.1472994833857848e-05,9.413166265705705e-06
3661,4,1,BH032,25,24,5,8,-0.00020746752440889998,0.0018566697322125974,0.0003193764058284
3661,4,5,BH032,12,12,3,3,7.66222392223348e-06,8.596679375845938e-06,8.595170802428812e-06
3662,1,1,BH032,29,27,11,7,0.0003524586829913,0.003289285777257424,0.0017967966321493
3662,1,5,BH032,40,36,6,25,-1.6909651978647131e-06,8.541320551094881e-05,4.39408416362585e-05
3662,2,1,BH032,35,29,3,6,8.546689589916667e-05,0.0028499460803478906,0.0024520623528377
3662,2,5,BH032,36,31,4,21,-1.36477528536183e-05,0.00010685620160304367,7.824442142054008e-05
3662,3,1,BH032,30,24,11,4,-0.000175815940332,0.0013199164693924819,0.0009266048728115999
3662,3,5,BH032,20,18,2,8,-1.7456378673674777e-06,8.611177223080116e-05,4.2929337667523725e-05
3662,4,1,BH032,35,29,4,6,-0.00200196313462935,0.003709862466708229,0.0011038095584193
3662,4,5,BH032,23,20,5,6,-1.7073342999829322e-05,8.477867913444484e-05,6.59241696624705e-05
3694,1,1,BH032,208,208,47,68,6.966165761407295e-05,0.00029113499820604687,0.0001039534455961
3694,1,5,BH032,207,204,48,53,-9.587913351927211e-06,0.00026731337458974554,8.493739447300135e-05
3694,2,1,BH032,209,209,47,65,5.840546885016451e-07,0.0002568165377010303,0.0001089389056711
3694,2,5,BH032,205,202,47,55,-3.939461058788396e-05,0.00027095858464625894,9.502141482427364e-05
3694,3,1,BH032,215,215,48,56,5.994011081794648e-05,0.00028206349291332646,8.420515250794853e-05
3694,3,5,BH032,202,199,47,56,5.457119344631778e-05,0.0002778709239676212,0.00010889179230525
3694,4,1,BH032,211,211,48,55,5.300320804135783e-05,0.00032556536226946637,0.000121085550316
3694,4,5,BH032,199,197,47,52,-5.692585587913079e-06,0.000270921332042177,7.690707088248646e-05
3695,1,1,BH032,212,212,46,57,-2.0211693194438496e-05,0.0002731107286203134,0.0001094804321305
3695,1,5,BH032,209,209,47,57,2.9296785882149123e-05,0.00032029975077158126,0.0001198812813131
3695,2,1,BH032,215,215,47,59,2.0689803325146805e-05,0.00028748342703948423,0.0001182814151373
3695,2,5,BH032,206,206,47,57,-2.681659472258957e-07,0.00027600515978148536,7.921109805030949e-05
3695,3,1,BH032,199,198,28,56,-5.631873416533928e-05,0.00027394692690498946,7.868604670965367e-05
3695,3,5,BH032,217,217,65,59,2.736253773905073e-05,0.0002915164287782007,9.41786820823059e-05
3695,4,1,BH032,196,196,20,57,2.4462080162268585e-05,0.00027965329765292774,8.063392423396592e-05
3695,4,5,BH032,216,216,65,58,-1.5189492081235656e-05,0.0002781332884237703,0.0001125903810659
3696,1,1,BH032,190,190,37,67,-6.747739437429345e-06,0.0003109095700860884,8.691925645891987e-05
3696,2,1,BH032,190,190,37,64,-6.16939773687708e-05,0.0003593573722318644,0.00010863868143745
3696,3,1,BH032,188,186,48,56,-5.5909208743099015e-05,0.0002524889644397192,6.598720795878942e-05
3696,3,5,BH032,183,178,19,66,2.850651167951579e-06,0.0003335753445645566,0.0001093800367159
3696,4,1,BH032,186,184,48,59,-7.875496535536541e-05,0.00030798542031008024,8.800461680693717e-05
3696,4,5,BH032,180,176,19,68,1.0611767230606084e-05,0.000272297015399685,0.0001010189003835719
