path,size_bytes,sha256,encoding,line_count,kind
.github/workflows/rebuild_fulltext_corpus.yml,4048,2904019accc877fc5ba6439cf6a2c2fb1f43915ee957cb98eba0b87cc15372fa,utf-8,98,TEXT
README.md,1209,0e5491d29ed7760a6f3fbda0de1766235ac3fbcc07ccd7c267cd60145544f1a2,utf-8,21,TEXT
START_HERE.md,3212,5904bbfd1ee0b3da8291237b7ee215ab659332b75c332777c3f892c84eee3d39,utf-8,56,TEXT
current/CONTENT_INDEX.md,880,83193a5450d66efe76d97a985013e38ff7a39a98bf140484df561de1466da02c,utf-8,17,TEXT
current/CONTENT_SEMANTIC_MANIFEST_20260813.csv,4724,2d1b0540da04539bdf450c74283831ddf1e82dd7bc9b45642fb356013b5adcde,utf-8,13,TEXT
current/CURRENT_STATE.md,7742,3aa05bf0fca0bce8a8b4c54cc0b6bee5e2badc91b43f7fd6e5d40f7d788e230f,utf-8,320,TEXT
current/README.md,1172,67b8e670defad915f633310e759536b599863b575c5ea44894b2c9afa90aca94,utf-8,22,TEXT
current/audits/NZ_SCCM_AUG11_13_EXECUTION_HISTORY_RECOVERY_AUDIT_20260813_1249.md,7880,f13866644b0de84a560e91162df12ac09556666c40eff821cba5ec3b96ff7c7b,utf-8,169,TEXT
current/audits/NZ_SCCM_CASE1_CASE14_CASE21_BLANK_CHAT_PROMPT_20260811.txt,1792,2ff8d96554562fec5677608710eff94789408589d9df48c0be1953d9df9f3709,utf-8,23,TEXT
current/audits/NZ_SCCM_CASE1_CASE14_CASE21_BLIND_INPUT_20260811.md,6773,b9fb18a7ef49de0985ac7823448e91a636c7ff904ff95c7b2f1395b0713a1b84,utf-8,289,TEXT
current/audits/NZ_SCCM_CASE1_CASE14_CASE21_FULL_REPRODUCTION_AUDIT_PACKAGE_20260811.md,12040,ca8ad0632a755857fe87f857caacf1224c45f85781a2f320157ebb54efb9fb51,utf-8,542,TEXT
current/audits/NZ_SCCM_CASE21_N48C1MM_INDEPENDENT_REPRO_BLOCKED_R10_20260812.md,2038,a3434e4d20b8a325dab4e1dedc435cb348940479e33eb2d341b14a7c5c9e7833,utf-8,85,TEXT
current/audits/NZ_SCCM_CASE21_TANGENT_GATE_AND_GENERAL_D15_RECHECK_20260812.md,6774,ba2f7f324f82f9c6ee0f9af5f1d585fe922dc0b5b095e5300ec0f3c514fa334e,utf-8,266,TEXT
current/audits/NZ_SCCM_CASE21_V2_SECOND_BLANK_REPRO_STATUS_20260812.md,1366,3cf145078038741ff575b4b99c3e4579d0d9516416bed38a27e9eda194905632,utf-8,53,TEXT
current/audits/NZ_SCCM_FULL_THEORY_AND_EXECUTION_CONTRACT_RECOVERY_20260812_2145.md,28049,2becb8481a5e1bc756f726902a108cfd9441df54ed188cbf50a72c40fcbd5cfa,utf-8,1133,TEXT
current/audits/NZ_SCCM_N48_C1_TENSILE_MINIMAX_BOUNDARY_LAYER_AUDIT_20260812.csv,8859,96e8740a0834c24cd4e9b73235fdfe91ef68f87bffa30831b9021829c2f48011,utf-8,25,TEXT
current/audits/NZ_SCCM_N48_C1_TENSILE_MINIMAX_BOUNDARY_LAYER_AUDIT_20260812.md,5447,4000dc9aa937cfec4cac19ba53f3bdc2a9a3812eb18ede282b9d7658034eb275,utf-8,172,TEXT
current/audits/NZ_SCCM_N48_C1_VALUE_TANGENT_REPAIR_AUDIT_20260811.md,8819,a785554ff012d0d92f03f9f72e01b4eabd97ea78f181d5a67432e4325c496833,utf-8,484,TEXT
current/audits/NZ_SCCM_N48_C1_VALUE_TANGENT_REPAIR_AUDIT_TABLE_20260811.csv,15288,e122c1436264022e9ffa741e30bcdfa86622df0348803ac58a91fe00c49a7c7e,utf-8,25,TEXT
current/audits/NZ_SCCM_NC_R1_INDEPENDENT_AUDIT_CLOSURE_MATRIX_20260812.md,4705,8fee24c2efd6a8f56e4333cf017d5bfb6a7f200b60fe83aba336182627e5de7c,utf-8,67,TEXT
current/audits/NZ_SCCM_RECOVERY_OVERCONSTRAINT_CORRECTION_20260812_2231.md,4924,eeb47ad9612c69a77988b98b97328511a98d68d261148e45c1510310c824c13b,utf-8,100,TEXT
current/audits/NZ_SCCM_SWARTZ24_CHECKPOINT_RECOVERY_FAIL_AT_CASE21_REGRESSION_20260813_1221.md,3775,00421b42169fb3239e79c781436b7f1c66df0908313b02a0552f7e94f36d9abb,utf-8,66,TEXT
current/audits/NZ_SCCM_SWARTZ24_DIRECT_N48_TO_CURRENT_PU_DELTA_20260813_1207.csv,1706,0c69005f0a643851a36b0458f0d38ed07b60137c0f80f3196df141101fd58c22,utf-8,25,TEXT
current/audits/NZ_SCCM_SWARTZ24_L_KZ_BULK_GATE_EXECUTION_AUDIT_20260813_1035.md,6834,d1f6bbe6a715e56c70082dcd6cd1ce3623b46e8cf7e61242846c573ce9e1d1c0,utf-8,160,TEXT
current/case21/NEXTSTEP_EXECUTION_REPORT.md,5240,e18a9fcae1b8e9584038aff1fdbd73aed8d1a6ea01b44dec22d69dab8dbb3adc,utf-8,84,TEXT
current/case21/NZ_SCCM_CASE21_EXPERIMENT_ONLY_SOURCE_20260812.md,1273,1a0176f27a3847cc99e7982488ce94bfc656909318001cd47e7699b606803b37,utf-8,36,TEXT
current/case21/NZ_SCCM_CASE21_EXPERIMENT_ONLY_SOURCE_20260812_1802.md,1407,335b85bd286e2e8b86130bfa31ffdaf80f7776eb501b70bd6091e8a7f6181dda,utf-8,40,TEXT
current/case21/NZ_SCCM_CASE21_FRESH_MATERIAL_COEFFICIENTS_20260812_1802.csv,4962,d84958cacdb5dfc58aad9eb113e6a0e27ced812ed82c2671ec40e8136fc0a4ee,utf-8,50,TEXT
current/case21/NZ_SCCM_CASE21_GLOBAL_AUDIT_HANDOFF_20260809.md,8206,c5e8a690fd0edf45b040ac8c1231194370d8687e508bc826b46670219e7fec69,utf-8,174,TEXT
current/case21/NZ_SCCM_CASE21_NC_R1_FRESH_N48_COEFFICIENTS_20260812.csv,4523,54d0945ada2325b3a21325d64b4009eab3d072e0ebfaeb78e46e02d65eea1006,utf-8,50,TEXT
current/case21/NZ_SCCM_CASE21_RAW_INPUT_FREEZE_20260812_1734.md,2469,5156b93036053bcd23aee9c1cdd1821f4403de226d408d25928937e0355a78ca,utf-8,82,TEXT
current/case21/results_nextstep.json,2331,591b7cf7e4312667d981d7297f772db6d13b87771d2724acc609ccea6e04d62a,utf-8,53,TEXT
current/diagnostics/NZ_SCCM_SWARTZ24_SOURCE_OBSERVATIONS_AND_GROUP_ERROR_MECHANISM_20260811.md,8724,68ae8f18660f4490f6e09209fe22fe1363bd80c53f12bac78413ca3efe4bd8f3,utf-8,142,TEXT
current/governance/NZ_SCCM_EXECUTION_CHECKPOINT_BACKUP_AUDIT_AND_RULE_20260813_1207.md,7089,2c092076866bd2c4ab79ed71be7309ebaaa4f845815b15c072241595bad41f08,utf-8,168,TEXT
current/governance/NZ_SCCM_NC_R1_FORMAL_CLOSURE_DECISION_20260812.md,6557,6cc2c3d9fca2fcb0afad002cb1f7d935de2702979f3e40232a342908f149daf6,utf-8,178,TEXT
current/governance/NZ_SCCM_NC_R1_LIMIT_ROOT_PRODUCTION_CONTRACT_V1_20260812.md,12217,f700ff18ce81eff66c59efbb4b0a252f8e50de60ff35ac8f0ee0941d1ae9f36e,utf-8,732,TEXT
current/governance/NZ_SCCM_NC_R1_ZHOU_STYLE_FORMAL_DERIVATION_DECISION_20260812.md,3384,4292574231fbe1e9ca8b0d3de60bad221fe5a63a0bd7355840e65fb087e25b9b,utf-8,107,TEXT
current/governance/NZ_SCCM_TIMESTAMP_NAMING_AND_BASELINE_DECISION_20260812_1734.md,2498,6e74ddebd90d84077ac949c16c95049e943a4f08d61bacd11ca9aae858ee2908,utf-8,75,TEXT
current/results/NZ_SCCM_CASE21_N48C1MM_D15_FRESH_BLIND_RESULT_20260812.md,2362,f1124718f55d23c4da4278f422cbc90269ae2ce8b4a39560c52e729ec8dda483,utf-8,109,TEXT
current/results/NZ_SCCM_CASE21_N48C1MM_D15_FRESH_COEFFICIENTS_20260812.csv,4450,2ac045f346f8756269946ed1c84dccaa6e1e8c3851c0d0545b463172bb94c04e,utf-8,50,TEXT
current/results/NZ_SCCM_CASE21_N48C1MM_D15_FRESH_FULL_CALCULATION_20260812.md,10730,3fa50fde165ff44ca1b2a005a8b0ce6d8cee4f06715c52f10a7aeec89e3194a6,utf-8,778,TEXT
current/results/NZ_SCCM_CASE21_N48C1MM_D15_FRESH_THEORY_VS_EXPERIMENT_20260812.md,442,e348226ecb49455cfc92e54322ef1c2594bf967a6493b5879fcba2da9b251201,utf-8,22,TEXT
current/results/NZ_SCCM_CASE21_NC_R1_FORMAL_CLOSURE_FRESH_CALCULATION_20260812.md,19162,c02ef542b42904564ae3bb76928c569ce83ab02a8b7b947a9ced8105d6d12f14,utf-8,961,TEXT
current/results/NZ_SCCM_CASE21_ZERO_SPATIAL_ANALYTIC_FULL_CLOSURE_20260812_1802.md,5419,600b31963e05dbce88055af9e3dae07622b2eae90f3e086c5b69538ad4bfc23f,utf-8,250,TEXT
current/results/NZ_SCCM_CASE21_ZERO_SPATIAL_ANALYTIC_THEORY_FREEZE_20260812_1802.md,15673,41211cffb5522548ac9c046fa5ee75e134b29adcc7c892ea95ce8a187b73ef3f,utf-8,865,TEXT
current/results/NZ_SCCM_SWARTZ24_CURRENT_FRESH_PU_FAILURE_COMPARISON_20260813_0047.csv,1731,c9213af40595cb0fd081208acdb43d147ad930592057ebeecfaa114559c9fbf2,utf-8,25,TEXT
current/results/NZ_SCCM_SWARTZ24_FRESH_BLIND_THEORY_RESULTS_20260811.csv,15998,841d6624a3ad13288d52b07e3828b6a5dc4bb36c813c244b7cb735b4935abc2f,utf-8,25,TEXT
current/results/NZ_SCCM_SWARTZ24_FRESH_PU_COMPLETION_FAILURE_COMPARISON_AND_EXTERNAL_PANEL_SCREEN_20260813_0047.md,9642,363fe8449cc40096537ba9e498890cc08ddb0e45bb9f104ff1f062e0852df0f8,utf-8,203,TEXT
current/results/NZ_SCCM_SWARTZ24_FRESH_R10_N48_D15_REPORT_20260811.md,7026,a97084ad3b996b346503643e115f34b7f3ad9e23673679656428b1da80899c7f,utf-8,128,TEXT
current/results/NZ_SCCM_SWARTZ24_FRESH_THEORY_VS_EXPERIMENT_20260811.csv,2370,d0236116d9ea03ebe3faef8940e7755692b8afdb3cdb90d8197c13b5f9bcb5c1,utf-8,25,TEXT
current/results/NZ_SCCM_SWARTZ24_P1_CURRENT_TANGENT_AUDIT_20260811.md,9161,4d16924ed0198df89e6eddd3ff9bcda236c23c59a52f9d74e4a34e5f7707287d,utf-8,141,TEXT
current/results/NZ_SCCM_SWARTZ24_P1_CURRENT_TANGENT_AUDIT_COMPACT_20260811.csv,8898,467f9f8cba7364ed9afc697f025d9f147f8079e6408ad83689c6f2fd2af7d07f,utf-8,25,TEXT
current/results/NZ_SCCM_SWARTZ24_PRIMARY_MECHANISM_AUDIT_20260811.md,6147,4888ed60ab7efcc57c626b5369c0007188abac7ba77488c54447f3828851360b,utf-8,102,TEXT
current/results/NZ_SCCM_SWARTZ24_PRIMARY_MECHANISM_AUDIT_TABLE_20260811.csv,7452,0c55867b813793e8e34da99a0e51cadb988f8b8c6f592b1250bf05020157b477,utf-8,25,TEXT
current/theory/NZ_SCCM_3D_CURRENT_MAP_VISUALIZATION_SPEC_R06B_20260810.md,2644,66d9cb0113cb49697b897acd64ccefc19985f5e94807af6134d2bdc61f4f51b1,utf-8,71,TEXT
current/theory/NZ_SCCM_CASE21_FRESH_R10_N48_D15_CLOSURE_20260811.md,11353,ac658cf6cc1e3858a78d1ecc360b3066acbd6a66372f926d4dff0c8b08275eb0,utf-8,691,TEXT
current/theory/NZ_SCCM_CASE21_FRESH_R10_N48_D15_CLOSURE_results.json,1842,2160e8f681bbc4b0e04c4a74af698179ac9398a65716ad23505189f8bfc9595d,utf-8,66,TEXT
current/theory/NZ_SCCM_CASE21_INVARIANT_EXACT_MOMENTS_DERIVATION_V1_20260810.md,8782,1eb499d746dc5f158812e42b31f28d7030f1f0d70c6a98935d7b8949e9c1b1c1,utf-8,569,TEXT
current/theory/NZ_SCCM_CONCRETE_NONLINEARITY_GATE_V1_20260810.md,7961,74249706e7eeb83970d194bc7edc66512d6d13158bcf269209a1f01faad64097,utf-8,219,TEXT
current/theory/NZ_SCCM_CURRENT_OPERATOR_EXPLICIT_NC_REBAR_V1_20260809.md,9615,98483fa75e828f57916b06fc708fc35fc7960fabbdebf4edb3e04aba10061bc6,utf-8,663,TEXT
current/theory/NZ_SCCM_CURRENT_TARGET_GEOMETRIC_REGULARIZATION_R01_20260810.md,9980,d71beb2bb4ea518006b596620797b89c342e103028867b664286022c00e632a8,utf-8,335,TEXT
current/theory/NZ_SCCM_CURRENT_TARGET_GEOMETRIC_REGULARIZATION_R01_results.json,3668,6a1e1b393d2937199c27985b86e2a6c4247a4458a74c3ee590ed7c1f6b5f6afa,utf-8,119,TEXT
current/theory/NZ_SCCM_EXACT_RANK4_BRANCH_KERNEL_CLASSIFICATION_R04_20260810.md,4896,6dbbddcbd44bbb40f686fda023d7a4a7ff8f212b7e70b84e3463356b48d394ff,utf-8,124,TEXT
current/theory/NZ_SCCM_EXACT_RANK4_BRANCH_KERNEL_CLASSIFICATION_R04_results.json,2200,c9bbe512caad8f8a30338de37ac4b21906e4dc158da56057157193ca8cb8ce78,utf-8,54,TEXT
current/theory/NZ_SCCM_EXPLICIT_SURFACE_SIMPLIFICATION_AND_CAPACITY_CHAIN_R07R_20260810.md,6689,2e5de1d06c0d1d8c32ce6030fc39349cac17324c60d8c6929d2dd23eefbf1cde,utf-8,227,TEXT
current/theory/NZ_SCCM_EXPLICIT_SURFACE_SIMPLIFICATION_AND_CAPACITY_CHAIN_R07R_results.json,5759,f9da224cb36f9cf656f7636e0d4b302263bf7d559d8f4e00a226aa0cd585a86c,utf-8,56,TEXT
current/theory/NZ_SCCM_INVARIANT_COORDINATE_LIFT_EXACT_REDUCTION_R01_20260810.md,11098,f108ea9cf8ea24a37cd4104df5adc6fc4c8ae69afe6201bf3687d5c2448ddb4f,utf-8,457,TEXT
current/theory/NZ_SCCM_M1R_OUTER_RESOLVENT_HYPERELLIPTIC_CLASSIFICATION_R02_20260810.md,11363,0df22960b96426cd085af7c557b96eda63a3c2ac7ae8c017c17303d7ad3c661d,utf-8,602,TEXT
current/theory/NZ_SCCM_M1R_OUTER_RESOLVENT_HYPERELLIPTIC_R02_results.json,2490,3e03fd8e8382ceb5d52b10bd71e0d5016b352023ec241aa76995dbf6bd990933,utf-8,50,TEXT
current/theory/NZ_SCCM_M1R_P2A_INTEGRABILITY_FIRST_PRIMITIVE_SCREEN_20260810.md,11653,74909987e594d5acd8ca5f704e0e8c85f7ab06c632bc85dcd740153f8db74e35,utf-8,379,TEXT
current/theory/NZ_SCCM_M1R_P2A_INTEGRABILITY_FIRST_PRIMITIVE_SCREEN_results.json,7462,232e7f274883febd200e555cec64591a19c54c72dcae9903704765d7173648a8,utf-8,93,TEXT
current/theory/NZ_SCCM_M1R_SOURCE_SHAPED_RATIONAL_PRIMITIVE_SCREEN_R01_20260810.md,13984,050ee95a5021f7735e0d91437a2dfcd629c599349aa2e743ab515761e66b60ee,utf-8,631,TEXT
current/theory/NZ_SCCM_M1R_SOURCE_SHAPED_RATIONAL_PRIMITIVE_SCREEN_R01_results.json,3775,fb691feed34f4924226122e6b0e13b6d60a29b63d375aac369eacd654cfaf478,utf-8,82,TEXT
current/theory/NZ_SCCM_M1_STRUCTURED_MATRIX_POLYNOMIAL_SCREEN_R01_20260810.md,4467,2534b33bf99fe1e6c0b804d77d763ba0a585132e9fce3d315da0da6d3adc0a4c,utf-8,140,TEXT
current/theory/NZ_SCCM_MATERIAL_NATIVE_1D_PRIMITIVE_REFORMULATION_R05_20260810.md,8026,48e258ddfd75df04a77c09fbbc313d879aac09562a95ffcd9e69f8a9497d042d,utf-8,273,TEXT
current/theory/NZ_SCCM_MATERIAL_NATIVE_1D_PRIMITIVE_REFORMULATION_R05_results.json,4523,53bc91874e3398d0e77755d4b5598d576fabef12e545001eca425fa48677e675,utf-8,57,TEXT
current/theory/NZ_SCCM_NC_ENERGY_POTENTIAL_D15_FEASIBILITY_GATE_20260810.md,6319,c6ad686ec85a65744980451ce3f591c145bb77efe935342d455bf7efc11893d4,utf-8,179,TEXT
current/theory/NZ_SCCM_NC_ENERGY_POTENTIAL_D15_FEASIBILITY_GATE_results.json,3810,367bdd7e3d5ee856d6351e5f8d7dff461a1214be506276bd6dc4e3f5b9ce4c50,utf-8,58,TEXT
current/theory/NZ_SCCM_NC_POSTPEAK_SCALAR_CLOSURE_AND_D15_PRECHECK_R06_20260810.md,6411,f0cfc4e8e1ad4149f754930cfb5cae38e68106f4da9ff997ab2e6e10c22e5667,utf-8,250,TEXT
current/theory/NZ_SCCM_NC_POSTPEAK_SCALAR_CLOSURE_AND_D15_PRECHECK_R06_results.json,2465,a104b30abf22c0663344ea637f480f8b80221c6e00663dbfdafbbc5a5a3f259e,utf-8,66,TEXT
current/theory/NZ_SCCM_NC_R1_FORMAL_CLOSURE_CANONICAL_ERRATA_20260812.md,1038,829b184f860a3922630d0ff823418c8aa0964df149b7b3b6fb9a91bb42b3b27d,utf-8,43,TEXT
current/theory/NZ_SCCM_NC_R1_FORMAL_CLOSURE_ZHOU_STYLE_20260812.md,61159,f4e6fb109e6d1f695feb40bbfa637f5433082aab85900569a7b32aad6d845801,utf-8,1892,TEXT
current/theory/NZ_SCCM_NC_R1_FORMAL_CLOSURE_ZHOU_STYLE_CANONICAL_20260812.md,50844,d43ae7422ad0a9b6a32209e0662c88451c3a1e0f4cde44de5fc6ddd8213df66c,utf-8,1499,TEXT
current/theory/NZ_SCCM_NC_R1_ZHOU_STYLE_FORMAL_EQUATION_DERIVATION_20260812.md,64467,ef653b3aae62c4733a39bcd715d8df595dca5b4d6ed9048beb6a7ae8f98fb024,utf-8,2345,TEXT
current/theory/NZ_SCCM_NC_REBAR_ZERO_SPATIAL_ANALYTIC_LIMIT_TANGENT_UNIFIED_THEORY_20260812_1734.md,48086,d07d3b49c54d83e522e4f32efb8a185b3e5471127bb4df277e2a7af6643ba1d0,utf-8,1683,TEXT
current/theory/NZ_SCCM_NC_REBAR_ZERO_SPATIAL_PRODUCTION_THEORY_CONTRACT_20260812_2245.md,21819,484c870eee2a1c28c7639b75dc400ad766be0659fcc852a4d7f01430141b878d,utf-8,1005,TEXT
current/theory/NZ_SCCM_PF1_ENDPOINT_IBP_MASTER_CONNECTION_R06_20260810.md,8879,dbb26d3ded2f441de50186ae8a3400c46db2c082e7e953ed7d67bdaeb1223c26,utf-8,475,TEXT
current/theory/NZ_SCCM_PF1_ENDPOINT_IBP_MASTER_CONNECTION_R06_results.json,3756,2a1b34b8f12875ea2088ae8ce49f4663919340cacb13fcfe910e4b7d78957c46,utf-8,67,TEXT
current/theory/NZ_SCCM_PF1_GENUS2_GAUSS_MANIN_ABSOLUTE_X_CLOSURE_R03_20260810.md,9520,406e01716901f4ca16b89be67a3be7b934ef501bf141814e6d1380fbc0420639,utf-8,456,TEXT
current/theory/NZ_SCCM_PF1_GENUS2_GAUSS_MANIN_R03_results.json,2635,ae0cd46af2cd66d1742d9cd70b97ee252d7274a2d1601ae9802a4cd0c0a7e7d8,utf-8,57,TEXT
current/theory/NZ_SCCM_PF1_HYPERGEOMETRIC_DRIVER_R05_results.json,2438,5a716627bb424ec850fcfff3fd493522887664ceaeb5e482c06f3cf7feb93c8e,utf-8,61,TEXT
current/theory/NZ_SCCM_PF1_HYPERGEOMETRIC_DRIVER_REDUCTION_R05_20260810.md,12279,dd19189339d69ae2bc0ce5bbea50db322b763f10f525691f35579c67d215075e,utf-8,649,TEXT
current/theory/NZ_SCCM_PF1_RELATIVE_ENDPOINT_HYPERGEOMETRIC_CLOSURE_R04_20260810.md,11179,8ada344181c5d8c162222004143eebb1de16c6c57d137722a9e855db461a5766,utf-8,540,TEXT
current/theory/NZ_SCCM_PF1_RELATIVE_ENDPOINT_HYPERGEOMETRIC_R04_results.json,2510,0d3512eb05c5f6fdb3e57a0efee57c388344af8261ff0a2318c0fc92826c810a,utf-8,56,TEXT
current/theory/NZ_SCCM_PF1_RELATIVE_X_ENDPOINT_COMPATIBLE_REDUCTION_R04_20260810.md,10103,87b3e8ef0c161704e77646687407ae207dacd68c0ebdb55204e281e954ef8b0b,utf-8,610,TEXT
current/theory/NZ_SCCM_PF1_RELATIVE_X_ENDPOINT_R04_results.json,3483,a820c698c597b6d7fd85d1d0c5fb4e21423388bbda615f10d6af44b940ea4571,utf-8,88,TEXT
current/theory/NZ_SCCM_R07R_EXPLICIT_GLOBAL_P_RQ_COEFFICIENTS.json,15478,13dc9161b0e8b1640af98b71042abd74c6a908710560897a682904bbd97e1c3e,utf-8,1,TEXT
current/theory/NZ_SCCM_R09A_TENSION_SATURATION_SENSITIVITY_20260810.md,4686,6bac1f79b7986f47848c99c2784f9922b6f0cd464e88b5b7e4361029acbab939,utf-8,127,TEXT
current/theory/NZ_SCCM_R09A_TENSION_SATURATION_SENSITIVITY_results.json,4898,bd7126e19ded5d0213b2fd5fb8ac076059ae3b8d960fbbbec266fd38ac4ef654,utf-8,120,TEXT
current/theory/NZ_SCCM_R09B_ENERGY_EQUIVALENT_TENSION_CAPACITY_RULE_20260810.md,4736,bd82ab31917f29e67d25ba101c76a4a4111a19514db710add0fa12c08867bc07,utf-8,169,TEXT
current/theory/NZ_SCCM_R10B_COEFFICIENT_GENERATION_CONTRACT_V1_20260811.md,3671,0557362896250bf63a59906e5df8308b341995ad90a1032306690879010730cc,utf-8,155,TEXT
current/theory/NZ_SCCM_R10B_REPRESENTATION_FIDELITY_AUDIT_20260811.md,3763,7d7313a51e7f23a94791eadca5cbc2cafd64144e0fbcdebf9424a3bbfbb8ca99,utf-8,94,TEXT
current/theory/NZ_SCCM_R10B_ZERO_SPATIAL_D15_CASE21_20260811.md,6672,f623af35991351ed22e87fc61283e36a6327dde2d132e3f78ed23f6ce6968d53,utf-8,290,TEXT
current/theory/NZ_SCCM_R10B_ZERO_SPATIAL_D15_CASE21_results.json,1797,f45b19a7d076658bb3e5aa8e4912f985a12534c737f974a576ae9988a4257296,utf-8,53,TEXT
current/theory/NZ_SCCM_R10_1D_ENERGY_SMOOTHING_REINSERTION_CASE21_20260810.md,6830,ff626a4a5af823be26b62c9446eed40869d6de647f8e98e178c782b76dc55ef8,utf-8,361,TEXT
current/theory/NZ_SCCM_R10_1D_ENERGY_SMOOTHING_REINSERTION_CASE21_results.json,2771,2ad84893c7befa36f414b6cbe770550b197e1718269409a40106d829d1ddcb2e,utf-8,80,TEXT
current/theory/NZ_SCCM_R10_MATERIAL_TARGET_INTENT_AUDIT_20260811.md,8917,ebb212f88d90d8a141447285c89c797a5a35f920214d39e6d317ef9cc1f95b9d,utf-8,337,TEXT
current/theory/NZ_SCCM_R10_N48C1MM_D15_EQUATION_BY_EQUATION_DERIVATION_20260812.md,44527,8ad918785c7526242166173c7c9183c886936aa57e612c5ac033165183ed09da,utf-8,1289,TEXT
current/theory/NZ_SCCM_R10_N48C1MM_D15_PAPER_STYLE_DERIVATION_20260812.md,37145,149d1de0805229d0db4ab259adc351fb952f493701ea7959fdc658418d2bfe31,utf-8,2002,TEXT
current/theory/NZ_SCCM_R10_N48_D15_PAPER_STYLE_DERIVATION_20260811.md,23992,3807068c0e0b4942ade8ddcd11a56f5545790deb6bc20dac81ba65fecd5f03eb,utf-8,1249,TEXT
current/theory/NZ_SCCM_SPECTRAL_REACHABLE_DOMAIN_REDUCTION_R03_20260810.md,7643,5079b7995906c2831a53f64facb8058c2fc89887c273db08cdc9121b7a8acb41,utf-8,273,TEXT
current/theory/NZ_SCCM_SPECTRAL_REACHABLE_DOMAIN_REDUCTION_R03_results.json,2623,9f8370f8e663c29d6cc7b869435ac0d9f1b110df5e95adc8e1ca1467e9712c5c,utf-8,67,TEXT
current/theory/NZ_SCCM_TARGET_FUNCTION_REBUILD_ANALYTIC_MOMENT_V1_20260810.md,8593,b008ac8755d5530906595ab136198149f1b5b06a14dca15fd9a00ce832fcab32,utf-8,253,TEXT
current/theory/NZ_SCCM_TENSILE_CURRENT_MAP_TRANSITION_CORRIDOR_R02_20260810.md,6510,41a58d87429a02f20199c5b6b2e5ec5884ead9967b8d2604e07dddc25b1c0457,utf-8,138,TEXT
current/theory/NZ_SCCM_TENSILE_CURRENT_MAP_TRANSITION_CORRIDOR_R02_results.json,3275,93bb7ff918797e0c0319ac8987521b95b2c3cca6728fe7ce9af85a03e20548fa,utf-8,42,TEXT
current/theory/NZ_SCCM_USER_SKETCH_SMOOTH_AND_RC_CASE21_R08_20260810.md,5899,07b101c53f5beac1005a2169d6c36cb9ad07477594e75e19af5a7e2781924d7e,utf-8,254,TEXT
current/theory/NZ_SCCM_USER_SKETCH_SMOOTH_AND_RC_CASE21_R08_results.json,2289,2a00ce5bfa73494ff6184a6e10715da45b16d5573b2acc8173d5703201942bf8,utf-8,63,TEXT
current/theory/nz_sccm_case21_invariant_exact_moments_v1.py,4110,8d7148137a1093c15141d1fc87dad03c8624726f12f3fe74232f233db53131e2,utf-8,134,TEXT
current/theory/nz_sccm_current_operator_explicit_v1.py,3756,740e8862b1f428e66c779ea17c2ffefdec1f53ae7da5b98f9d85669ea24811c2,utf-8,134,TEXT
current/theory/nz_sccm_current_target_geometric_regularization_r01.py,12067,eaf90e1b7962ed7410e228494628723ddf775cb04400a93eff7773b28cea21a8,utf-8,328,TEXT
current/theory/nz_sccm_frozen_nc_invariant_surface_screen_r01.py,3875,86caa9d50fa5044aafba154fa0436ad61b72176553622213e73b4058d9360193,utf-8,137,TEXT
current/theory/nz_sccm_invariant_coordinate_lift_r01.py,1326,686494d290d8a9f769433867e74d952a1992f1bdb7c33263a570422473b371e5,utf-8,51,TEXT
current/theory/nz_sccm_m1_structured_matrix_polynomial_screen_r01.py,3961,c228284c167aa55283d998a4f7b8e10806118baa33509211fc8404333305fdec,utf-8,144,TEXT
current/theory/nz_sccm_m1r_outer_resolvent_hyperelliptic_r02.py,6830,81a5df5ac3ba72b8688cfec4bd765f6508ab07cc0d890a95f056d2e756a55daf,utf-8,108,TEXT
current/theory/nz_sccm_m1r_p2a_integrability_first_primitive_screen.py,5475,708319b9f87b8b66cf8f5530ef4dadd0ef49ffc5e194560be860123d27f1e195,utf-8,145,TEXT
current/theory/nz_sccm_m1r_source_shaped_rational_r01.py,8715,66fd88e9eac7c48cec41cbc91e328a8b42771af1ea8b14afcdb3f735853bc9a2,utf-8,306,TEXT
current/theory/nz_sccm_pf1_endpoint_ibp_master_connection_r06.py,7486,0ba1f4e7cacda150c63bfd01bc8564c73e4d911cef22c5e506810077d6bf2f58,utf-8,224,TEXT
current/theory/nz_sccm_pf1_genus2_gauss_manin_r03.py,4557,9a06a51f5f4ebc726f6417bee2661e231bc709243843f3f2b669ec991152e37e,utf-8,124,TEXT
current/theory/nz_sccm_pf1_hypergeometric_driver_r05.py,7810,7b6737513e3ca35e90b41bfd8265f6d3fd860a5977e551d01d6c7b15c1ead409,utf-8,199,TEXT
current/theory/nz_sccm_pf1_relative_endpoint_hypergeometric_r04.py,5208,5de4b7b9c995947999a04d1f7bf7f90d993a544ac95055913ab5022db0509d7d,utf-8,128,TEXT
current/theory/nz_sccm_pf1_relative_x_endpoint_r04.py,7166,99944a8f6b806f490354d14cfa06345ef8c43dea9d98f7c5fa08208b571271b4,utf-8,177,TEXT
current/theory/nz_sccm_tensile_current_map_transition_corridor_r02.py,3189,8899f1cb973271c8d38ca926651cd24a10b1473a84f391b3f05ded3bdaf4ea9e,utf-8,107,TEXT
current/theory/r10b_coefficient_generator_v1.py,1989,71b0cce119c573e197d7d73c72fa8a12a69faded91e80be113b7ae8e28257308,utf-8,81,TEXT
current/workflows/NZ_SCCM_CASE21_CALCULATION_PROCESS_TEMPLATE_V1_20260811.md,12089,6eee3bcbdd7a264cfb353eb0abb332732923829977a84bbcc8bc416d79b0ffbc,utf-8,603,TEXT
current/workflows/NZ_SCCM_CASE21_N48C1MM_D15_BLIND_AUDIT_INPUT_20260812.md,2040,ee659111ced2c344522b81507d3cc4e23fcffa499cd57494d1ea7ba9d2a2d549,utf-8,61,TEXT
current/workflows/NZ_SCCM_CASE21_N48C1MM_D15_BLIND_AUDIT_PROMPT_20260812.txt,1710,d77257b263541e449e5d9b3a8b1c72e0bc83d4ec170de377a1e528fd01a2b68a,utf-8,25,TEXT
current/workflows/NZ_SCCM_CASE21_N48C1MM_D15_SELF_CONTAINED_BLIND_CONTRACT_V2_20260812.md,13397,195961467f1f2b159250ef5e3384dcb61e13ba0c6b44b5586e43b7833b8f9b92,utf-8,663,TEXT
current/workflows/NZ_SCCM_CASE21_N48C1MM_D15_SELF_CONTAINED_BLIND_PROMPT_V2_20260812.txt,1701,14bb02e99cea4ffc6678220173f5bdcdd1c2715d0790c114af51ec3d4c497ff0,utf-8,29,TEXT
current/workflows/NZ_SCCM_CASE21_NC_R1_FORMAL_CLOSURE_PRODUCTION_CONTRACT_WITH_TANGENT_GATE_20260812.md,8653,dd5f435a085d349198a133c5dfd10c084261e62e126172d282cfe5fa18f54d7d,utf-8,408,TEXT
current/workflows/NZ_SCCM_CASE21_ZERO_SPATIAL_ANALYTIC_EXECUTION_CONTRACT_20260812_1734.md,13577,bbda4f7026845216c92af57c6de6b531d43e3f7f61ad9ee8a4dfc6172ac3345f,utf-8,550,TEXT
current/workflows/NZ_SCCM_NC_R1_MISSING_SOURCE_CATCHUP_PROMPT_20260812.txt,14168,c3a969d58c64982ddff159d69a8531d9fcb256a0a2f0e848b6de56a357a0bad0,utf-8,478,TEXT
current/workflows/NZ_SCCM_NC_R1_THEORY_RIGOR_INDEPENDENT_AUDIT_PROMPT_20260812.txt,13922,a1eedc661b7f7664cfc61dc87be14b547c853633efac4a6100ddb7d139ad4135,utf-8,304,TEXT
evidence/CASE21_FRESH_R10_N48_D15_IMPLEMENTATION_AUDIT_20260811.md,1812,79b7270bee051e412b4e96010b0bedcc9bcc327f7db4198247b7a1350ea4c8d7,utf-8,87,TEXT
evidence/NZ_SCCM_NC_ENERGY_POTENTIAL_D15_GATE_metrics_20260810.csv,562,4b52b6be3574cbf247e13b6c7da9824a4e5d218dd02aaaaa4783eceadbbdf17e,utf-8,4,TEXT
evidence/NZ_SCCM_R10B_ARTIFACT_HASHES_20260811.md,1579,ed5e96ce2e44e559d8de66742e70eba1fd68756dff7417ab2163adad87bc1ff6,utf-8,35,TEXT
evidence/NZ_SCCM_R10B_CHEB_ROOT_DCT_ORDER_AUDIT_20260811.csv,2051,ad30bd0f66a1d8ca24d4efcd78dbffba2444cc52691f02aa5f8c5481eee5667b,utf-8,37,TEXT
evidence/NZ_SCCM_R10_ARTIFACT_HASHES_20260810.md,916,1807a8825f2c0b03746042bc64cb61bd09511618ee19fc52404f21604387e14c,utf-8,37,TEXT
evidence/R09A_EXPLICIT_TARGET_ARTIFACT_MANIFEST_20260810.md,953,0082d92a6ccf13b4e82b6663c32dbb6720555dc1d9c8425944e2e1b766156266,utf-8,19,TEXT
evidence/README.md,814,1d4a1243b65c9cb0cded8a81356690024454c0bc653c618fada32b0d4747404d,utf-8,16,TEXT
evidence/catalog/INVENTORY_CHAIN.md,1582,2f455fbb71f36fe97bf5f2a470374e83bd00503478c67c8eb93cfe7f4b73b9eb,utf-8,22,TEXT
evidence/catalog/MASTER_SOURCE_INVENTORY.csv,20105,f0264f5620743fe40e18206e13d9d75b9c7d18d14b033ba89935bbd84738477b,utf-8,90,TEXT
evidence/catalog/README.md,904,eaf84f42480ff631cc75a4d86d981d803b581c50dfd6aaf4780a02d28f640ca8,utf-8,23,TEXT
evidence/catalog/SOURCE_REGISTRY.md,5484,e36bbe85a3b2e8bfaaa5e621946b96e2f74d847d23e122e98241fbbc2ffe35ab,utf-8,56,TEXT
evidence/catalog/inventory_append/20260810_EFFECTIVE_EXCERPTS_NGUYEN_SUN_UHPC.csv,2581,248c7eacf5dc63de8f22d1957c60c6cdc45b75a32a8fb9c28d1be860e9fc2bab,utf-8,11,TEXT
evidence/catalog/inventory_append/20260810_P1_D16_D18_R16_R20.csv,2918,bd7d5e7e15aa28149c48d74526f3f6a3222420d31e1baf8d90a338e25acd48e7,utf-8,14,TEXT
evidence/catalog/inventory_append/20260810_P1_UHPC_G12_SOURCE_TEXT_BATCH.csv,3130,c3a91897a5c69a97c0f22611544a00aa3566cd92d056cc8db357ac18da54a887,utf-8,12,TEXT
evidence/literature/NZ_SCCM_21ST_CENTURY_RC_WALL_RESEARCH_LANDSCAPE_20260813_1139.md,6636,ed4b33c378650cc1f6c2b80185e0421a8d9bceeea6911a3a547f680d13b48931,utf-8,97,TEXT
evidence/literature/NZ_SCCM_RC_PANEL_CANDIDATE_RAW_DATA_20260813_1139.csv,3227,323e7f5fb3e9d7597cbdbc33da1de5d7b0c2b2819930ac5a572a9e4814771f3a,utf-8,10,TEXT
evidence/literature/NZ_SCCM_RC_PANEL_VALIDATION_EXPANSION_SOURCE_AUDIT_20260813_1139.md,7044,dde49b40538bc756467c7399aaee0508de5f3a5517754e82be64bc3c78f17c9e,utf-8,175,TEXT
evidence/literature/NZ_SCCM_SWARTZ_ATTARD_OTHER3_SOURCE_REVIEW_20260811.md,10792,e96656626dabf47aa2b9e4e5d7493256af716188a34701ac452860d60dc41288,utf-8,257,TEXT
evidence/literature/NZ_SCCM_ZHOU_ATTARD_TANGENT_STABILITY_INTERPRETATION_20260811.md,5953,1f41b6f05f89ef55c5a79c44dd4e43c397116091a9ef65de7ca2ef0fcc6ebb80,utf-8,148,TEXT
evidence/materials/NC/Nguyen_AppendixB/01_stab_conc_interface.txt,7564,d85b45c43138938ff834cbb582133889d345beec051fc77a92dedb8bf601e202,utf-8,220,TEXT
evidence/materials/NC/Nguyen_AppendixB/02_concrete_state_moduli.txt,13811,c1f5da0a99d05006fab2086aa8b0084c5c4b648e9e8b0892947f9fdeea2e6867,utf-8,482,TEXT
evidence/materials/NC/Nguyen_AppendixB/03_stab_bar2_rebar.txt,3726,5282f6919ec6da9b159451618e8acb1960e36f3ec687fdc2a6f64de0565f165b,utf-8,131,TEXT
evidence/materials/NC/Nguyen_AppendixB/04_stability_matrix_assembly.txt,4072,0af06e375ee104a6c66cd9401b8d0f504af166882c7c7432d301c55fa723c579,utf-8,176,TEXT
evidence/materials/NC/Nguyen_AppendixB/README.md,2562,92c6c429adc2beff64630e14f7dc59f7f5b3ff79732f19fc6201569619487196,utf-8,43,TEXT
evidence/materials/NC/Nguyen_source_map.md,1173,7a697d777f1ec070b59bafae0fb5d411622143e86bc027bfe255949a60fe2d6f,utf-8,16,TEXT
evidence/materials/UHPC/LOCAL_THESES_SOURCE_MAP.md,1490,e15f21b03645f74d8cf59b34406eb5b998847001a593ea9a87b235531bf49745,utf-8,27,TEXT
evidence/materials/UHPC/audits/D19_LIU_TC_CLOSURE_MATRIX.csv,1645,aa66dbf2dc28e981814a61f131145c410d7064cafe9c31cf154adccd330c7791,utf-8,15,TEXT
evidence/materials/UHPC/audits/NZ_SCCM_G16R_signed_excess坐标_材料参数重审_U候选_D可识别性门禁.md,8639,641522cffba468b1dbbf0c2b36914a55a47eefc63de801ba3d517aa22c3aac1f,utf-8,187,TEXT
evidence/materials/UHPC/audits/UHPC_STATE_EQUATION_LEDGER.csv,6077,b80349022177d1d844e99ec078021ba791587f2317763b3deb1295cac23de70b,utf-8,8,TEXT
evidence/materials/UHPC/core_sources/Diab_Ferche_2026_compression_softening_synthesis.md,2564,2fe910039fb8d4b9c82cde9ff7fb601db24d5c781a0f4b26af3942207c3c3216,utf-8,49,TEXT
evidence/materials/UHPC/core_sources/FHWA_HRT_23_077_design_locator.md,2045,24ff1108123efd91893e5f9103dcacbd9335e199a447506d235a7e4a3968b2c8,utf-8,40,TEXT
evidence/materials/UHPC/core_sources/Hiew_2024_direct_tension.md,5223,f8670b65d8588df6c8425dd20ed73bad47501b50767246aebedf5267d1c6e520,utf-8,93,TEXT
evidence/materials/UHPC/core_sources/Lee_2017_TC_validation.md,2628,2b00acf907e57a43cefd9636352d1005eff42d9da98f097fcd5034d865d19d8d,utf-8,47,TEXT
evidence/materials/UHPC/core_sources/Leutbecher_2020_DataS1_numeric_locator.md,2462,8d68a77d6403d3e408c63e12bc0b462efef756954b935e9adcace875b41a6cb5,utf-8,54,TEXT
evidence/materials/UHPC/core_sources/Leutbecher_2020_TC_strength_stiffness.md,2879,a54243f3e46bd1a6ef6914901fcc5b207c800c603a0488644d171eaa4ee9b586,utf-8,53,TEXT
evidence/materials/UHPC/core_sources/Liu_2024_biaxial_strength_path.md,3404,e678d38e000c1287503a41823e786c0e12c5a2b3b76bb4231cdf9b582c229fec,utf-8,56,TEXT
evidence/materials/UHPC/core_sources/README.md,2457,6f1e3501f250d02846a6c179c46a34e49a88809a8f296b5f71aceeb3a43cf027,utf-8,39,TEXT
evidence/materials/UHPC/core_sources/Shen_2020_TT_equi_biaxial.md,2053,886816479e18a83cae15ab84dc2988d279f325160296a0927c3044aa849e4f4d,utf-8,42,TEXT
evidence/materials/UHPC/core_sources/TC_AND_MULTIAXIAL_CLOSURE_BOUNDARY.md,2915,80f1d76da2d7194dbdaeab5600f67a921765bcfc64056eda3c2c85d90c8395c1,utf-8,52,TEXT
evidence/materials/UHPC/source_data/G12_SOURCE_ROLE_LEDGER_RECOVERED.csv,1562,e625dc51f72ab016f655dcfef336557c4560c787d0bc5b7c0893d6cfa41e0715,utf-8,11,TEXT
evidence/materials/UHPC/source_data/G12_source_Diab_beta_table.csv,373,458472fe8c8774cb6d4a0b5bc760e3641938e57c498040e5c263680d8b41156d,utf-8,9,TEXT
evidence/materials/UHPC/source_data/G12_source_Hiew_2pct_summary.csv,280,4f1033535401607af59f7ff5d2310c61bf00d1507bccaf050e2adaee9ea9aa13,utf-8,4,TEXT
evidence/materials/UHPC/source_data/G12_source_Leutbecher_key_MRC2_biaxial.csv,528,e44a744a5fb9bf34bf79ac21468fa53b7659d6d8acb133b6e7443d69728105fa,utf-8,9,TEXT
evidence/materials/UHPC/source_data/G12_source_Liu2024_sequential_TC.csv,452,3780bff1994fe82bb46f28b22077de31aed39400043c08adbab40c8de1ca5544,utf-8,6,TEXT
evidence/materials/UHPC/source_data/PRIMARY_SOURCE_LOCATOR_20260810.md,6377,e8603ea068dee52a22dcc69c32ce0bdfcb034b0ade75106f748aa2f87a3187fa,utf-8,58,TEXT
evidence/materials/UHPC/source_data/README.md,2091,d90683541696aa5608abb7239dd704e6fc1a1d85b9ffd1c784b13ca358b63b8a,utf-8,31,TEXT
evidence/mathematics/NZ_SCCM_R04_NAMED_KERNEL_AND_MATRIX_FUNCTION_EVIDENCE_20260810.md,2667,101f1500845237b18fc1eb741c6b3cb88fa275690df93a0f779f9d53b083a0ed,utf-8,53,TEXT
evidence/mathematics/NZ_SCCM_SPECIAL_FUNCTION_AND_SADDLE_SURFACE_RESEARCH_R03_20260810.md,5757,ab2952c573406d048c375201bde4b97c01683372f72b925f13028266e8a841a0,utf-8,112,TEXT
evidence/mathematics/PF1_GRIFFITHS_HYPERELLIPTIC_DERHAM_SOURCE_MAP_20260810.md,1780,6ac6d8de5d5aa88d45ab77fa46c93f3d2aa8ea1fa6546e65a3d40da897770971,utf-8,39,TEXT
evidence/stability/Attard_source_map.md,567,c1dc478992825653b4a8dc1c20a6a74a551051ec395f54526de9f3ec8c2d2389,utf-8,7,TEXT
evidence/stability/STEEL_NONDISCRETIZATION_SEMIANALYTIC_REFERENCE_MAP_20260810.md,10004,533066880a7556842c55fb33e80751cc9529b165f45c4e42d748a1519872212e,utf-8,219,TEXT
evidence/steel_shell/Sun_Lipeng/01_flat_plate_elastic_inelastic_buckling.txt,13256,95347009fb873c2f355c1bec9fc359ad74506e8b80ace55dc46256bfcd0af883,utf-8,231,TEXT
evidence/steel_shell/Sun_Lipeng/02_PBL_stiffened_elastic_buckling_boundary.txt,12039,352bb4edd59b5ae38f58f141d4a53d350cbd851077a9d064652026f5108adf31,utf-8,220,TEXT
evidence/steel_shell/Sun_Lipeng/03_PBL_postbuckling_strength_conclusion.txt,4125,b6258189946ac571ca82064b6f1a7e459e363b7bd078182a8d24d0c73d89fe22,utf-8,66,TEXT
evidence/steel_shell/Sun_Lipeng/README.md,2868,85eb85b58c00a43157a0f1b77cf7d7be5fb5a3c42af32df9178d5232e732fa17,utf-8,44,TEXT
evidence/steel_shell/Yun_Lu_source_map.md,1159,2660dd07239e5d35ab509bff1c9c7643aa645d028c06ebda4ae3cd6b2e9b34b0,utf-8,18,TEXT
evidence/steel_shell/Zhang_Ning_source_map.md,979,363b98891b505b2b07501b76a50dfb4a24a493ee296507df18cf84a5102ae273,utf-8,15,TEXT
governance/CASE21_FRESH_R10_N48_D15_CLOSURE_DECISION_20260811.md,2153,dafb28cfc204cd065cc7e7a769414daf85e780d780c2a8351616eb59087e41b0,utf-8,91,TEXT
governance/CASE21_N48C1MM_D15_FRESH_CLOSURE_DECISION_20260812.md,3398,9e91d3d42693c0409fc9111301646e02ea9c6c1204cbf5d3e12e495c1ba12a48,utf-8,147,TEXT
governance/CONTENT_SEMANTIC_IDENTITY_RULE_20260813.md,4471,41ee04d28c627d114fef68dd7c3d8f22209eacb3f50b3511bbd0a8f6a7e95cab,utf-8,93,TEXT
governance/EFFECTIVE_SOURCE_EXCERPT_POLICY.md,3348,18f149ba19fc88b99b7084c47d3f61431b0b04c79299ee16f1c1d4f3d0e746dc,utf-8,81,TEXT
governance/ENERGY_POTENTIAL_FIRST_MATERIAL_AND_STRUCTURAL_TARGET_RULE_20260810.md,4563,7197c4e4a7779f9018781123caee8b29d64963591ead3a786e457dda95cac536,utf-8,116,TEXT
governance/EXPLICIT_END_TO_END_CAPACITY_DOCTRINE_20260810.md,5412,476aa82c5712e7d89ce0c90f8babd3d483eeedd891d78e32af5fbd00fe9fa0f6,utf-8,116,TEXT
governance/EXPLICIT_EXECUTION_EVIDENCE_RULE_20260810.md,2515,3e716fe7e7731755ddb2090982843db4e2913ec5107ceb07fab5fdfa81e2aee3,utf-8,69,TEXT
governance/EXPLICIT_SURFACE_GLOBAL_TARGET_R07R_RULE_20260810.md,3363,1e2d56456570464de12aa184f701b43ff0640a2b3f2c38d73f86096b5c8fbd00,utf-8,109,TEXT
governance/FULL_STARTUP_RECOVERY_AND_ARCHITECTURE_CONTINUITY_20260810.md,13297,865a4a216af48dc52f7d1edb5609b1543083a22cf5e07f25e20b3438f3a34c89,utf-8,359,TEXT
governance/MATERIAL_NATIVE_SCALAR_DOMAIN_CONTRACT_R05_20260810.md,4015,91cbbb1f2035e0740f529df9460aed2ab69253ea9671479f2e0cf7d61618e102,utf-8,137,TEXT
governance/MATERIAL_NATIVE_SPECTRAL_DOMAIN_RULE_20260810.md,3706,289521393ff051917404cdcb9b01a07309d39c48868f8e4681932a77b4666762,utf-8,85,TEXT
governance/N48_C1_TENSILE_MINIMAX_BOUNDARY_LAYER_DECISION_20260812.md,3765,5c90101e815c83409586451e65953447468cf1a62e2bb7e223661b15cecee6dc,utf-8,156,TEXT
governance/N48_C1_VALUE_TANGENT_REPAIR_DECISION_20260811.md,4150,5482992291b4e024b7214b5a785b3f33e38976312723a9ece288e1506494c72d,utf-8,152,TEXT
governance/NC_ENERGY_POTENTIAL_D15_GATE_DECISION_20260810.md,2875,1c6245848265d39165c836886ac252207035d8276a884b540e17a02d84ff399e,utf-8,80,TEXT
governance/NC_POSTPEAK_C2_SCALAR_TARGET_RULE_20260810.md,1941,dc5a1b2ecdc57e0d029ae3d567dda60209d4afd7f28e8aa7012de1bc211e059c,utf-8,77,TEXT
governance/NZ_SCCM_ROOT_CAUSE_DIAGNOSTIC_PAUSE_20260810.md,4273,146bf749c25680945c75fbbb63c02d56c4a952543719cd448aa392f11b7da70f,utf-8,84,TEXT
governance/P1_N48_TANGENT_FIDELITY_DECISION_20260811.md,2297,69c040f055e085b029b3a9aefdefb3b038ae43fa20d5c388ab92050da1a46869,utf-8,69,TEXT
governance/PF1_PATH_INVARIANTS_LOCK_20260810.md,3962,07cfda6d1d1e34da1cb7112c9f5c6f8db913dc76629e8ca93de49f5218a4f7e6,utf-8,100,TEXT
governance/PF1_R05_GOAL_RELEVANCE_CHECKPOINT_20260810.md,2075,9656e56ff630359bb7ae83c9f805e6bde3c0e0f3311cbef41bbf4c6af97e6ac9,utf-8,57,TEXT
governance/PF1_R06_PRODUCTION_COMPLEXITY_SELF_AUDIT_20260810.md,7942,7f6c348c50e0b7b6bafd7687be7ef96a1587c5b5d502aa4765a95e76ac953e8e,utf-8,268,TEXT
governance/PRIORITY_RESET_20260810.md,15332,c864e729eddec2a719c7a73d7a0a5bb585508fabdd315062630cf892fe53611f,utf-8,264,TEXT
governance/R09A_TENSION_SENSITIVITY_DECISION_20260810.md,1945,4e06ba955c7d66ea758bd98c3ccd59047020f67b230c97510dfc8c07239408a1,utf-8,63,TEXT
governance/R09C_ZERO_NUMERICAL_GATE_STOP_20260810.md,3234,0813cb545811e40a2bf7b90d9cdbae5c26e130c5ec88532164855531639959da,utf-8,63,TEXT
governance/R10B_FIDELITY_AND_COEFFICIENT_REFREEZE_DECISION_20260811.md,1920,e7e94f62e4e650c0055ef77d5898f82fc05a25b41cd3998e1bb4d9da1ea1f4c1,utf-8,48,TEXT
governance/R10B_ZERO_SPATIAL_CASE21_DECISION_20260811.md,2992,105b62c318791b309333dd7485a41a4499c8e9dd57f27b7e46028899bab64f78,utf-8,85,TEXT
governance/R10_1D_ENERGY_SMOOTHING_DECISION_20260810.md,3390,c739eeee3c44842b0094d62af0503421d5bdf83a1275cd9b5ff5ab60cfd1d41a,utf-8,115,TEXT
governance/R10_MATERIAL_TARGET_INTENT_AUDIT_DECISION_20260811.md,2514,27bff5c96329b278e550e1b029705b0a6ae84b047eeccd18c49e9d7b48306026,utf-8,64,TEXT
governance/R10_N48C1MM_D15_PAPER_STYLE_DERIVATION_DECISION_20260812.md,2273,bd34676c27be8e566af0cac1ea2558b750358cb0d65b3c6b55f45d7a82f74f0b,utf-8,102,TEXT
governance/R10_N48_D15_PAPER_STYLE_DERIVATION_DECISION_20260811.md,2096,c57142af9733dd72efc19fed6626c6850cb25c614555e80a3dc20def5c159d38,utf-8,88,TEXT
governance/R10_R10B_IDENTITY_AND_INTERPRETATION_CLARIFICATION_20260811.md,10964,d315fef0f6c8b5d23f3c3f89f10bfb4972182ec0fc1535816a0c79903cfbde04,utf-8,358,TEXT
governance/README.md,669,dee89ebdbfffd44c910d04239838d31f12b25af8860dabb1967240138b6caa30,utf-8,11,TEXT
governance/RECOVERY_PROTOCOL.md,9701,0fb459155d76acd84ece9c7450a5fad98d539586f2f7454ea2295949ad0a1a7a,utf-8,267,TEXT
governance/REVOCATION_WRONG_GLOBAL_ENERGY_POTENTIAL_GATE_20260810.md,4076,d4c5a567aa116f7584c0eb13d6110c4391eef1400d07402b5dd7808419962c5e,utf-8,88,TEXT
governance/SOURCE_OF_TRUTH_POLICY.md,2966,6292c37698f0d651013028c2e2a4d3d51d1125ad3ae3bd6617f85fd8a6664df7,utf-8,67,TEXT
governance/SYNC_PROTOCOL.md,4586,56a732dee4f8c28c8efb6994e92bd266c7843e8c0ca29902a1e100ecc49ebf99,utf-8,124,TEXT
governance/USER_SKETCH_SHAPE_PRESERVING_SMOOTHING_RULE_20260810.md,2805,d214cceb14c17b87e3f01c2986b42d36d209d5f9b2e602005f8246c7a2f259cb,utf-8,84,TEXT
history/Case21/G31_ARTIFACT_LOCATOR.md,1782,b5774d6e74bb6272272921e194e676c90f43f4605d3deef66087cce02e3fc256,utf-8,49,TEXT
history/Case21/common_policy/REPORT_R2.md,4554,f3ec1ae624478d7a95aeed6b3509604852b8c3f61af41512c6695aa41e339671,utf-8,82,TEXT
history/Case21/direct_analytic/NZ_SCCM_CASE21_DIRECT_ANALYTIC_ONE_SHOT_TEST_R01_20260809.md,5536,d8fcc89a7e1fbf0766dc7ba2b7804778588af2665b8dd016b3b6ed04197ff225,utf-8,173,TEXT
history/Case21/direct_analytic/NZ_SCCM_CASE21_MULTI_BACKEND_DIRECT_ANALYTIC_RESULT.md,18618,9aa7b670959fa69e0631015ab494e25a7223ff9aa3d082a790ef3fc9a45320f9,utf-8,807,TEXT
history/Case21/direct_analytic/NZ_SCCM_CASE21_SAGE_FRICAS_ZERO_SPATIAL_ANALYTIC_RESULT.md,17917,454a3f420c38f4366a2ae634c3d398ecc46976e56e5a620464f8985aee49fc99,utf-8,595,TEXT
history/Case21/direct_analytic/case21_direct_analytic_one_shot_sympy_R01.py,2974,ebe88debb8000950769680f84532708ff528e75a781d765c2fbe142a4b7a230c,utf-8,94,TEXT
history/Case21/direct_analytic/case21_zero_spatial_analytic.sage,11362,d29f795a3a08d62198ee47bd8d3fc819efa487b470e7f8fe10758648de3a1ac1,utf-8,301,TEXT
history/Case21/material_compiler/R5_REPORT.md,5517,a877e154e95ed4d8c8e66b3ab7f918b73a49368123b34d04da5ce4ae1cd98f6a,utf-8,106,TEXT
history/Case21/nested_D15/NZ_SCCM_CASE21_REPRODUCIBILITY_CLOSURE_R1_REPORT.md,6444,be8164c0ae0915263668265ab8522221014deaa3c8de5145c037bfcca412afcd,utf-8,203,TEXT
history/Case21/nested_D15/NZ_SCCM_NESTED_D15_CASE21_REGRESSION_完整审计报告_20260809.md,20483,26ca53df30fd882eb0954cc298c1487917c7e78578d3d6e1195556cd9cf6cd24,utf-8,670,TEXT
history/Case21/piecewise_analytic/NZ_SCCM_CASE21_EXPLICIT_ALGEBRAIC_ZERO_SPATIAL_SERIES_RESULT_NORMALIZED_MIRROR.md,23952,6d6687a563e7271c282dedb48499f2889622584a646f4939e50810a12b861d43,utf-8,1284,TEXT
history/Case21/piecewise_analytic/REVOCATION_NOTICE.md,901,f4e0f28b3eebd5985920be6f0c9ed4c45efdc89b0e18e9abbb149c9f6145ac1e,utf-8,23,TEXT
history/NZ_SCCM/D_series/BASELINE_GATE_STATUS.json,1197,2e1e58cf4777ea999e9395dd9cbfd65edca9e1860eddc8ff9f9f784984798c18,utf-8,41,TEXT
history/NZ_SCCM/D_series/D12/D12_CANDIDATE_GATE_SUMMARY.csv,1107,fb3ee7e09c5cd5e9b302800a390a98acf30468d7d63a10525ec826c55afce297,utf-8,7,TEXT
history/NZ_SCCM/D_series/D15/D15_UHPC_SOURCE_CONSTRAINT_REGISTRY.csv,1288,d5ea021ffdc846e2a9075100da12ad491380949cf29ebf51dec5c7dee94e1f4c,utf-8,7,TEXT
history/NZ_SCCM/D_series/D15/NZ_SCCM_DAEM_v0.5_D15_精确矩生成与UHPC解析矩公式报告.md,5238,dc6bed6bbfa4a51ef7c5ff2a9fc9e6125cc1c8c095f55a62a213690a8cec1e4b,utf-8,213,TEXT
history/NZ_SCCM/D_series/D15R/D15R_HISTORY_EQUIVALENCE_REPORT.md,2920,ce41d37b9fcfef455d3c5ecde6864f5b70041744e722f7aef20c03aeb61be984,utf-8,73,TEXT
history/NZ_SCCM/D_series/D15R/D15R_V054_HAND_CALC.md,5733,eaf5ef093bf5c3827b8b062b2bcaee81cb9353dace06e04695717e7120363168,utf-8,382,TEXT
history/NZ_SCCM/D_series/D16/NZ_SCCM_UHPC_FSAM_v0.1_D16_完整状态来源与方程门禁报告.md,6738,472d378d0175ba9695c259df763e9baab9c1285a76edb4e6f9b656af8fc87af0,utf-8,270,TEXT
history/NZ_SCCM/D_series/D16_D18_RECOVERY_LOCATOR.md,6159,860190f645361b85dcfe91165418374400fd31ee900fd7db8fd9bb48bb862f63,utf-8,142,TEXT
history/NZ_SCCM/D_series/D17/NZ_SCCM_ANALYTICAL_MATRIX_v0.2_D17_REPORT.md,2838,41b223637cb3198782e6fb80e7459953bc746f4bf037a22528043aa659bfa6b0,utf-8,120,TEXT
history/NZ_SCCM/D_series/D18/inplane_algebraic_state_front.py,6569,29977ec7136c5f05a1c0fa2ba0622083a662c6850e421b1ad0ddcfa8d667c0ab,utf-8,150,TEXT
history/NZ_SCCM/D_series/D19/D19_TEST_LOG.txt,126,1e87d48bbadb6df00fe701452d1140ef44583dec1123de1c9393df4eacff0039,utf-8,1,TEXT
history/NZ_SCCM/D_series/D19R/D19R_FROZEN_MATERIAL_INTEGRABILITY_AUDIT.csv,3988,3cd82ee001e3574ec25d5ae88c632ddf135989ac2217992c5459dc9d23e588e1,utf-8,13,TEXT
history/NZ_SCCM/D_series/D19R/D19R_V052_EXECUTION_REPORT.md,8748,b8833ce0cf01a458dcec38334dce57587b3d721f7aea9131351af72fa2100a4a,utf-8,395,TEXT
history/NZ_SCCM/D_series/D19R/D19R_ZERO_QUADRATURE_FEASIBILITY_DECISION.md,1285,016165fec10f708e8b90608eb7bece59f14cf0bd7c36f938f731629c1a4012ee,utf-8,34,TEXT
history/NZ_SCCM/D_series/D19R/NZ_SCCM_ANALYTICAL_MATRIX_v0.5.1_D19R_M1_ROLLBACK_REPORT.md,3144,d5a5452ba011cbc95ae204a9fdb1338ee4112b8757deceaa5549c59f5a6f25ab,utf-8,118,TEXT
history/NZ_SCCM/EXPLICIT_CAPACITY_PRIORITY_AND_MATERIAL_UNDERUSE_RESET_20260810.md,2538,60575e03f765e6c2ff3c66e238f1be6a91518ac1fbc48b69458f73441a688ca2,utf-8,52,TEXT
history/NZ_SCCM/G_series/G20/NZ_SCCM_G20_C1平滑强度域_UHPC应变硬化闭合_NC开裂轴正则化报告.md,6362,3436ae8b9482791a74ef5d771c8f8f5ce1ada9788eb19820c264d470e4d392f6,utf-8,108,TEXT
history/NZ_SCCM/G_series/G21/07_G21_gate_decision.json,2123,1d1024a733ef940fc5c0ce5db544f5b782d316e9ad6ac3ba8c8c3f4967f8097f,utf-8,44,TEXT
history/NZ_SCCM/G_series/G22/NZ_SCCM_G22_FINAL_普通混凝土全局多项式PASS报告.md,3359,84f56cfe9d7b571b26fc7e95d2718f2b22664dff2548b04ea60a0947de0cf12a,utf-8,130,TEXT
history/NZ_SCCM/MAINLINE_DEVIATION_AND_RECOVERY_20260810.md,7742,e5595d844a0129d1f37489c3f94046ab14ec3851c3670fcb27c7e7c79f1273d4,utf-8,210,TEXT
history/NZ_SCCM/R03_DIMENSION_REDUCTION_SADDLE_AND_SPECIAL_FUNCTION_REFRAME_20260810.md,4261,7820399589c282a0862e644e2acb476bee51624c44ae509791a6565c44c00ff8,utf-8,107,TEXT
history/NZ_SCCM/R04_MATERIAL_DOMAIN_AND_NAMED_KERNEL_REFRAME_20260810.md,2677,6a9f2285f1d262ba2eea21041ba763f23118a4c706c286202dbb1aa47f31cc2e,utf-8,68,TEXT
history/NZ_SCCM/R05_MATERIAL_NATIVE_DOMAIN_AND_COMPACTIFICATION_20260810.md,3816,cbb2010c5715f9d9ad3b3fa628388039baefb3d4b50f9cd9f6f37eb5c99e9409,utf-8,86,TEXT
history/NZ_SCCM/R06B_3D_VISUALIZATION_CORRECTION_20260810.md,1659,39b7e589d38ad39c369ecd431e5b7eb7cfc58cb99f399bfb5c446886ed46fcef,utf-8,38,TEXT
history/NZ_SCCM/R06_POSTPEAK_C2_AND_COMPILER_HEADTOHEAD_20260810.md,3076,79b976efb5c17c286c55238a7feadf11d4c6ab6b1ff4517c0959c688252cf2ae,utf-8,86,TEXT
history/NZ_SCCM/R07R_EXPLICIT_SURFACE_AND_CAPACITY_CHAIN_20260810.md,3888,d46e22e48f1a913ae1c05f4727361d5819d6f58d16250a3c51575190faa2edc5,utf-8,98,TEXT
history/NZ_SCCM/R08_USER_SKETCH_SMOOTH_AND_RC_CASE21_20260810.md,2981,579e7941416d452f3059eb21089911e40cd7e5dc20e2a5215a17d4214956ce74,utf-8,88,TEXT
history/NZ_SCCM/R09A_TENSION_SATURATION_SENSITIVITY_20260810.md,2046,790e044f1338a507b3653c7d48309af254f8dc7741e966724944f4dd75d63939,utf-8,69,TEXT
history/NZ_SCCM/R_series/R16/equation_to_code_registry_R16.csv,4581,44b385a94bc9a223045cb91c4ef3dd14efcdf01ff967ea31fc7d41f7b880426d,utf-8,16,TEXT
history/NZ_SCCM/R_series/R16_R20_RECOVERY_BOUNDARY.md,5744,7f8cd8f0ba79f4860fea881f8eca3d6168d6b6a3d33a0e07f0a7d5179584f80f,utf-8,186,TEXT
history/NZ_SCCM/R_series/R17/equation_to_code_registry_R17.csv,6318,450602024bfae11fb45a331db3cc9f9b136adc29d6cf82d79e04ef52a13eb357,utf-8,20,TEXT
history/NZ_SCCM/R_series/R18/N模块分支C_来源Newton全局化与首个自然路径审计_R18.md,7135,a7e787706df78477c66eab27602d4290f30e8c533fc9d93b13127baddf5dca4a,utf-8,264,TEXT
history/NZ_SCCM/R_series/R18/equation_to_code_registry_R18.csv,7827,0961c1416f873ef747200c80e0c93f9dc7178029d6565402df27e2e9b5653626,utf-8,23,TEXT
history/NZ_SCCM/R_series/R18/status_R18.json,1081,fda5ce655d917190c61c34b1bfa15594478472aed219aca9cc74f2c71ff5e9a6,utf-8,29,TEXT
history/NZ_SCCM/R_series/R19/equation_to_code_registry_R19.csv,10952,c2f5292b79a7ba2ec9422ad3388dc8442c3adeade1c81dd1692f7390b4df6017,utf-8,29,TEXT
history/NZ_SCCM/R_series/R20/equation_to_code_registry_R20.csv,13836,21e9d7c27c8ae38fd1307b6cf6bc8628a8de5a015205d51b9a25c3e780445533,utf-8,33,TEXT
history/NZ_SCCM/R_series/R20/pytest_R20_summary.txt,468,a29dd84caf389f71cd1ab91940d6c1d98e5abfc2447d4c18a2763704cf9044d3,utf-8,17,TEXT
history/NZ_SCCM/direct_analytic/NZ_SCCM_直接解析积分主线_20260809_LOCATOR.md,1509,56a33e9e5cbadf73d32bf4fb07761b1ff6c10444bbb7f44a30cfb03fa0877565,utf-8,39,TEXT
history/NZ_SCCM/material_recovery/MATERIAL_COMPONENT_RECOVERY_LEDGER.csv,2822,7bc9f7c35a7b491ce7b7ef25f6e3027115506e81d78bff17d141f7f3bb9639d0,utf-8,16,TEXT
history/NZ_SCCM/material_recovery/MATERIAL_RECOVERY_EXECUTION_REPORT.md,7225,d181fcc65bf2eda7190d522d3e119285a117c44a5d476b22233eb1aa92f5e342,utf-8,175,TEXT
history/NZ_SCCM/moment_first/NZ_SCCM_moment_first_D15_Pu_锁定流程与发展路线_20260809.md,7871,52bdab488bf6305a02d6e3aa0d75152b6058ef45e468b2c47e241e317587d7fe,utf-8,225,TEXT
history/NZ_SCCM/nested_D15/NZ_SCCM_NESTED_D15_CASE21_REGRESSION_审计_LOCATOR.md,1962,f7f537f97a5b3b568c474bd718eef9ef9eb4ee8c8cbbd5559467ad2c5faa446e,utf-8,47,TEXT
history/RAW_HISTORY_REGISTRY.md,3610,b691a72507896c732df02d048b26d0dca69f94bad01d0b8f1627aff4b02733b8,utf-8,58,TEXT
history/README.md,864,9244d563e2d7b785a11dfcb7b21388403ce8563507c064a1050adfdcb70d1895,utf-8,19,TEXT
history/UCFT/Layer0/UCFT_V3工程进展分析.txt,17656,9cf47c222fc4c0ca58f2c6a35531eebef8172b9021c3414b53fb9691deea951e,utf-8,965,TEXT
history/UCFT/PathA/路径A与极限承载力.txt,22211,8022f8a9efa471772f7c3f4484b174676448c5d29032b95585757452fb215c04,utf-8,1089,TEXT
history/UCFT/v5/UCFT_V5_SOURCE_LOCATOR.md,2706,9c5029ff1cff199ac888ed05628be0c9fb5dd297690b55525856f31b93e68dd8,utf-8,34,TEXT
history/ledgers/HISTORICAL_COMPONENT_LEDGER.md,14231,db2bdcc065812056558d42d185201ea9d0cfa80f0c19c79cbb8b94bf5f8d70cb,utf-8,330,TEXT
history/materials/UHPC/old_operator_baselines/10_UHPC_C0_material_contract.json,1973,8e48ad967082561787f39a986c9be145268c886ace8bcf040cd43bb662da6b41,utf-8,44,TEXT
history/raw/CHAT_TURN_0001_0148_LOCATOR.md,2299,a4127ca1ab2494cb0aac1ab0cd427d727337b69c61f78fd6d71a6a55459b52ad,utf-8,66,TEXT
history/raw/UCFT_V3工程进展.txt,1454,66ce4bca70fdb3b3335adf6cede7196486e28d2146f10f2dfa98c2e4fa6f7fc3,utf-8,43,TEXT
history/recovery/06_HISTORICAL_DECISION_LEDGER_LOCATOR.md,1945,cebf6160abbaf1bab0b5c25980b8c1815b99e8ff61a561472e65970f6ac4959e,utf-8,44,TEXT
history/recovery/G15_FORENSIC_PACKAGE_LOCATOR.md,2511,e8d066e9aabb25e0fd53d5d399045fcc71ad62aee529473fa36b782c81ff51da,utf-8,74,TEXT
history/recovery/NZ_SCCM_R10B_COEFFICIENT_GENERATION_RECOVERY_20260811.md,4593,62a6fff4acfd25110ccb49255ab53f141b0a5860f84bd13bbe6a3d1834a61af3,utf-8,153,TEXT
history/recovery/PRE_CLEAN_REPOSITORY_POINTER.md,902,52ef4fe1bc2fb8fdbc6c15fff6a90bb0621481c34ab3e77b669ed20348654ca9,utf-8,18,TEXT
history/recovery/R04_R05_CHARTER_LOCATOR.md,2446,a5d1db051eee4cb7822abb171351176db99879f4f47acf151a11091590f82207,utf-8,62,TEXT
semantic_v2/00_index/20260813_1328__NZSCCM__REPOSITORY__ARTIFACT_SUPERSESSION__SUPERSESSION_MAP.csv,9118,70072cfd96295fbea11575923121f3e5b171a92ca30c6935008920d1c788d1fb,utf-8,31,TEXT
semantic_v2/00_index/20260813_1328__NZSCCM__REPOSITORY__AUDITED_ARTIFACTS__SEMANTIC_MANIFEST.csv,12938,83d337943fd34a48bb5a437fde13587d678673b0b921999f824c140e4029495f,utf-8,37,TEXT
semantic_v2/00_index/20260813_1328__NZSCCM__REPOSITORY__CONTENT_AUDIT_COVERAGE_AND_FRONTIER__AUDIT.md,7302,54049762396a6c4e8baed7e2d40471c26da406a0d8d9517ef971650e1eae608a,utf-8,147,TEXT
semantic_v2/00_index/20260813_1328__NZSCCM__REPOSITORY__CONTENT_FIRST_NAMING_AND_TREE_POLICY__GOVERNANCE.md,6289,a3aa3450d9c4b25f2b7a8748de50f1d76cf5ab264796f834e091f872de6c6806,utf-8,232,TEXT
semantic_v2/00_index/20260813_1328__NZSCCM__REPOSITORY__CONTENT_SEMANTIC_TREE__SEMANTIC_MANIFEST.md,24799,5ae475cc409ebf091fb401abba8f395ee3901ca3001fb340fe8f8bc7fc972876,utf-8,617,TEXT
semantic_v2/00_index/20260813_1328__NZSCCM__REPOSITORY__LEGACY_TO_CANONICAL__RENAME_MAP.csv,25705,4e292f21cf8ef5c0ebef9c075262efda0d6aec705d4336e5e67a61a310b50baf,utf-8,95,TEXT
semantic_v2/00_index/README.md,1802,c3face877458952eb53f09468540046d350180a2de28b4e6855e9dc63c442055,utf-8,36,TEXT
semantic_v2/10_governance/20260813_1207__NZSCCM__PROJECT__RESUMABLE_EXECUTION_CHECKPOINT_REQUIREMENTS__GOVERNANCE.LOCATOR.md,468,2448f0eca455cc03d5c84a1e52e9eb557614e391e083a5e80838e7d44a7984c3,utf-8,7,TEXT
semantic_v2/10_governance/_SEMANTIC_BRANCH_INDEX.md,678,73704a8338ddefd508f3459def2803e8e6ddba672eab0c23d3d84c46c35788cc,utf-8,14,TEXT
semantic_v2/20_theory/nc_material/_SEMANTIC_BRANCH_INDEX.md,825,192d837fa5ae1c7f1ab4f5dc3eabf0584f5cc5c7223e4c7c61be335c3a449970,utf-8,16,TEXT
semantic_v2/20_theory/nc_rebar_panel/20260812_2245__NZSCCM__NC_REBAR_PANEL__R10_N48C1MM_CH_NGUYEN_GENERAL_D15__THEORY_EXECUTION_CONTRACT.LOCATOR.md,652,a765801e192003e950f85d87b7c09a7fa7e16a5401fa534c548641e23cced2cd,utf-8,9,TEXT
semantic_v2/20_theory/nc_rebar_panel/_SEMANTIC_BRANCH_INDEX.md,860,5be25e47364309e2f99346a8412b6ff853d24609da7a52e0e5911b3c64643424,utf-8,29,TEXT
semantic_v2/20_theory/steel_shell_pbl/_SEMANTIC_BRANCH_INDEX.md,470,2ff935c951bb370885fa6c13983f2cde577940ca2a4e1138a352dc206b058324,utf-8,11,TEXT
semantic_v2/20_theory/uhpc_material/_SEMANTIC_BRANCH_INDEX.md,663,2045b2c3c8b77757f8a1f4aeea452b0211f737b340da4d284e4122833929ec7d,utf-8,9,TEXT
semantic_v2/30_workflows/case21/20260812_1734__NZSCCM__CASE21__R10_N48C1MM_GENERAL_D15_LIMIT_KZ__EXECUTION_CONTRACT.LOCATOR.md,446,2f56759837cf17d503d41a68fb857c1d5a1de8e4f26b1af9cfc40b87739d91ea,utf-8,7,TEXT
semantic_v2/30_workflows/swartz24/_SEMANTIC_BRANCH_INDEX.md,541,93a7747ddd597165696d800ba3cf0a0f64ab2bffc4b4c3149df55eee8f4a57bd,utf-8,14,TEXT
semantic_v2/40_execution/case21/20260812_1734__NZSCCM__CASE21__GEOMETRY_MATERIAL_REBAR_COMPILER_INTERVAL__INPUT_FREEZE.LOCATOR.md,402,753ff2d9369123a01d9842fc0677a44bdfbe77b6a76e81303edbf44b52660deb,utf-8,7,TEXT
semantic_v2/40_execution/case21/20260812_1802__NZSCCM__CASE21__R10_N48C1MM_U_C_T_T7__COEFFICIENT_TABLE.LOCATOR.md,372,62e515cc4a6c921ea9dd153e5bb8bb70791dbe2be1f16c2d08721adb7f67bb6c,utf-8,7,TEXT
semantic_v2/40_execution/swartz24/_SEMANTIC_BRANCH_INDEX.md,716,cb5e641cd7724a685782b12186cbbde124bac6c9ca8f2a2239a8b64262ebb7c5,utf-8,16,TEXT
semantic_v2/50_results/case21/20260812_1802__NZSCCM__CASE21__LIMIT_ROOT_KZ_AND_EXPERIMENT_COMPARISON__RESULT_FREEZE.LOCATOR.md,631,bb8c9b3b25828a32b232048ec6d4455b98e0465ea1f81cdcbe21101ab23878b8,utf-8,8,TEXT
semantic_v2/50_results/case21/20260812_1802__NZSCCM__CASE21__LIMIT_ROOT_THEORY_OUTPUT__RESULT_FREEZE.LOCATOR.md,366,2f53fe5bd1ccac469f55688ec901772fdc07f57ec6a4ee08f1bc501cca0d4fd2,utf-8,7,TEXT
semantic_v2/50_results/swartz24/20260813_0047__NZSCCM__SWARTZ24__C1MM_GENERAL_D15_PU_VS_FAILURE_LOAD__RESULT_TABLE.LOCATOR.md,480,3c65173ae9f09fecc9b501d6eae179a9f1698743da47aac0fc3d79b15454c0c5,utf-8,8,TEXT
semantic_v2/50_results/swartz24/20260813_0047__NZSCCM__SWARTZ24__PU_COMPLETION_ROOTS19_24_FAILURE_AND_EXTERNAL_SCREEN__EXECUTION_REPORT.LOCATOR.md,589,cee1184183377c63bcb208435664d02a01a9bf7c2a4a9cec0cd02625d25c7846,utf-8,8,TEXT
semantic_v2/60_validation/external_rc_panels/_SEMANTIC_BRANCH_INDEX.md,628,a8073bba76a7c9e082ad2ae097efa53aa5c4123d9fef7599b738d819a93d1bf9,utf-8,11,TEXT
semantic_v2/60_validation/swartz24/_SEMANTIC_BRANCH_INDEX.md,544,ec8e987f557c0a0f581f82f3ea68d75a9f504f67268e3129776472195b227bc2,utf-8,9,TEXT
semantic_v2/70_evidence/literature/_SEMANTIC_BRANCH_INDEX.md,445,50d7c04a490bf15fccb02aad0f7b5efc76fa849dfd44f1d5ace48cf9566bac74,utf-8,9,TEXT
semantic_v2/70_evidence/mathematics/_SEMANTIC_BRANCH_INDEX.md,340,646fc59dac9ed1a1ecc207aa7b27e464c545b168adfac2a5bf320b5320e7c877,utf-8,7,TEXT
semantic_v2/70_evidence/nc/_SEMANTIC_BRANCH_INDEX.md,481,f65f5cc475140fd20067c3a82d011d9a6c30df6c36cf871d8a03b62a74743051,utf-8,11,TEXT
semantic_v2/70_evidence/stability/_SEMANTIC_BRANCH_INDEX.md,456,9e1a875515459458ea750c3186adacb13aad1b282842b15eaa39c5596fb60d02,utf-8,9,TEXT
semantic_v2/70_evidence/steel_shell_pbl/_SEMANTIC_BRANCH_INDEX.md,419,68c68ed7c716d036219c174a04f3ed7d7c1f2910394f4d82fabf03e03691d99b,utf-8,9,TEXT
semantic_v2/70_evidence/uhpc/_SEMANTIC_BRANCH_INDEX.md,586,0a12af61086bb38d28ad0d56ea8cc9754321f106d6232cf206f295ec6f397a0d,utf-8,12,TEXT
semantic_v2/80_history/case21/_SEMANTIC_BRANCH_INDEX.md,634,625cc4f7e9b0e5593f91617340c38558cde23c1534c4fe75160a6db15bd87abf,utf-8,16,TEXT
semantic_v2/80_history/d_g_r_routes/20260811_TUNK__NZSCCM__SWARTZ24__DIRECT_N48_LIMIT_ROOTS_DERIVATIVES_AND_CERTIFICATES__RESULT_TABLE.LOCATOR.md,536,40f1bfc526d08eddc24503297a3d445564552018a71bb45ffecec37d89aa7574,utf-8,8,TEXT
semantic_v2/80_history/recovery/_SEMANTIC_BRANCH_INDEX.md,632,e7f92be1bdcfcfc72359e3735eeb2c5338dac8f266caf0773de72166418441b7,utf-8,17,TEXT
semantic_v2/80_history/rejected_routes/_SEMANTIC_BRANCH_INDEX.md,664,dca7a7a9d438b76d3416d342b5437052e30e970f4447177d764ce7c64afb4f8d,utf-8,13,TEXT
semantic_v2/80_history/ucft/_SEMANTIC_BRANCH_INDEX.md,449,e8449e95a3200410d1eb94b92cfa355af5f0f611fb8aeed4ee6a84eb1c3d6632,utf-8,11,TEXT
semantic_v2/90_raw/conversation_exports/_SEMANTIC_BRANCH_INDEX.md,467,3ae1ada03bc3e0b82b31b9e0870ded76517a9abd0d3164ca620dfc05c3e0f73f,utf-8,7,TEXT
semantic_v2/90_raw/original_source_locators/_SEMANTIC_BRANCH_INDEX.md,372,6a03151ebb572ffdd78915effab8219e97b8b8c468cfefcc1b76dbf0e02e8fe4,utf-8,8,TEXT
semantic_v2/90_raw/preclean_locators/_SEMANTIC_BRANCH_INDEX.md,497,3332d79937518d59a3d699551497e0d505ed447bfb9f82db477a6eadea4d2b7b,utf-8,12,TEXT
semantic_v2/README.md,1039,50bff242720c4eb1bc1dca0d9be1462e81a10b1d109b857dba1055c0cd287ef1,utf-8,22,TEXT
