case,D4,q4,P4_kN,D6,q6,P6_kN,tail_l2,dP_pct,dD_pct,dw_pct,deps_pct,pred_deps_pct,sigma_min,c1_l2,c2_l2,c3_l2,c3_c2,pass
1,0.588512,0.005139,566.012132,0.588504,0.005137,566.001021,0.005376,0.001963,0.001231,0.022713,1.951256,1.959218,0.013295,0.130942,0.016432,0.019340,1.17694,PASS
2,0.619743,0.004784,569.978016,0.619723,0.004779,569.952963,0.005923,0.004396,0.003225,0.062514,2.232475,2.241393,0.013124,0.137628,0.018387,0.023570,1.28188,FAIL
3,0.645268,0.004920,499.167077,0.645032,0.004911,499.138600,0.006131,0.005705,0.036622,0.117437,2.237413,2.248787,0.013161,0.142538,0.019885,0.024599,1.23703,FAIL
4,0.683757,0.004424,550.093169,0.683351,0.004412,550.047825,0.006429,0.008244,0.059344,0.171361,2.520257,2.531412,0.011996,0.154704,0.021647,0.029693,1.37167,FAIL
5,0.670238,0.004760,532.562443,0.670254,0.004756,532.523551,0.006348,0.007303,0.002319,0.055143,2.319001,2.320745,0.012862,0.149051,0.021749,0.026525,1.21960,FAIL
6,0.615882,0.005672,572.603484,0.615800,0.005670,572.592379,0.005472,0.001939,0.013321,0.034495,1.818092,1.820881,0.014092,0.134681,0.017546,0.018676,1.06439,PASS
7,0.649638,0.005053,585.259562,0.649772,0.005053,585.231835,0.005846,0.004738,0.020718,0.007726,2.010162,2.014100,0.013138,0.144271,0.020549,0.021960,1.06866,FAIL
8,0.653694,0.004972,500.874409,0.653781,0.004973,500.853862,0.005732,0.004102,0.013207,0.004859,1.942830,1.946811,0.012873,0.146373,0.020973,0.021248,1.01312,PASS
9,0.778575,0.003720,553.101722,0.779010,0.003721,553.192048,0.003508,0.016328,0.055802,0.008336,2.177781,2.155593,0.012460,0.151546,0.035577,0.030075,0.84534,FAIL
10,0.798698,0.003290,579.016426,0.799788,0.003294,579.148275,0.002475,0.022766,0.136361,0.082688,2.010649,1.978466,0.011457,0.147228,0.041229,0.028723,0.69667,FAIL
11,0.838263,0.003319,555.753198,0.839295,0.003323,555.852087,0.002336,0.017790,0.123071,0.070392,1.912309,1.890873,0.011174,0.149895,0.044425,0.028895,0.65042,PASS
12,0.748969,0.004985,562.254600,0.749229,0.004987,562.258996,0.005600,0.000782,0.034709,0.021748,2.287561,2.286950,0.015268,0.153278,0.021923,0.029592,1.34984,FAIL
13,0.830215,0.004138,590.185738,0.829678,0.004129,590.209491,0.004525,0.004024,0.064642,0.129587,2.320673,2.321589,0.012567,0.164223,0.034155,0.033963,0.99437,FAIL
14,0.842294,0.003619,676.470711,0.842923,0.003621,676.570261,0.002763,0.014714,0.074621,0.033738,1.947401,1.930701,0.011702,0.154384,0.042105,0.029428,0.69892,PASS
15,0.863141,0.003804,703.857544,0.863566,0.003805,703.932196,0.003020,0.010605,0.049239,0.014823,1.939378,1.930465,0.011949,0.159426,0.041826,0.030011,0.71752,PASS
16,0.846384,0.004423,611.168437,0.845643,0.004412,611.125726,0.005728,0.006989,0.087625,0.166260,2.571331,2.590925,0.013013,0.170795,0.029957,0.038081,1.27119,FAIL
17,0.373768,0.004423,245.450432,0.373343,0.004417,245.413285,0.002938,0.015137,0.113783,0.093318,0.754916,0.751713,0.027857,0.067503,0.009459,0.003794,0.40108,PASS
18,0.405293,0.004234,273.266118,0.404738,0.004225,273.214882,0.003031,0.018753,0.137217,0.131561,0.769666,0.765116,0.028916,0.073214,0.010294,0.004312,0.41885,PASS
19,0.369206,0.004389,260.314787,0.368824,0.004384,260.272961,0.002985,0.016070,0.103573,0.075010,0.745469,0.742144,0.027240,0.065750,0.009599,0.003606,0.37571,PASS
20,0.347478,0.004492,250.401713,0.347119,0.004485,250.374548,0.002893,0.010850,0.103492,0.095183,0.751869,0.751803,0.026202,0.062514,0.009076,0.003405,0.37515,PASS
21,0.338536,0.004591,259.160682,0.338186,0.004584,259.135398,0.002859,0.009757,0.103631,0.099958,0.740389,0.739078,0.026603,0.059989,0.008915,0.003204,0.35944,PASS
22,0.351211,0.004477,263.788225,0.350871,0.004471,263.755280,0.002935,0.012491,0.097030,0.080848,0.739640,0.739000,0.026789,0.062071,0.009267,0.003324,0.35866,PASS
23,0.397853,0.004127,281.202740,0.397240,0.004117,281.140472,0.003192,0.022148,0.154236,0.143268,0.748923,0.742479,0.027761,0.068998,0.010858,0.003809,0.35081,PASS
24,0.383018,0.004366,322.586512,0.382465,0.004357,322.523446,0.003066,0.019554,0.144769,0.140761,0.736248,0.732187,0.028179,0.066012,0.010175,0.003616,0.35535,PASS
