artifact_role,path,status
operational_index,semantic_v2/00_index/20260815_2118__NZSCCM__PROJECT__CURRENT_STATE_POSTBUCKLING_MEMBRANE_COMPATIBILITY_AUDIT__SEMANTIC_INDEX.md,CURRENT_STAGE
locator,semantic_v2/00_index/20260815_2118__NZSCCM__PROJECT__CURRENT_STATE_POSTBUCKLING_MEMBRANE_COMPATIBILITY_AUDIT__ENTRY.LOCATOR.md,CURRENT_STAGE
governance_lock,semantic_v2/10_governance/20260815_2118__NZSCCM__POSTBUCKLING_MEMBRANE_COMPATIBILITY_AUDIT_BOUNDARY__LOCK.md,LOCKED
audit_report,semantic_v2/60_validation/steel_shell/20260815_2118__NZSCCM__NGUYEN_FVK_POSTBUCKLING_MEMBRANE_COMPATIBILITY__AUDIT.md,CURRENT_STAGE
source_note,semantic_v2/60_validation/steel_shell/20260815_2118__NZSCCM__NGUYEN_FVK_SOURCE_CHAIN__REFERENCE_NOTE.md,CURRENT_STAGE
decision_summary,semantic_v2/60_validation/steel_shell/20260815_2118__NZSCCM__POSTBUCKLING_MEMBRANE_AUDIT_DECISION_SUMMARY.md,CURRENT_STAGE
harmonic_registry,semantic_v2/40_execution/steel_shell/20260815_2118__NZSCCM__SINGLE_HALFWAVE_FVK_MEMBRANE_HARMONIC_REGISTRY.csv,CURRENT_STAGE
equation_ledger,semantic_v2/40_execution/steel_shell/20260815_2118__NZSCCM__NGUYEN_FVK_MEMBRANE_AUDIT_EQUATION_LEDGER.json,CURRENT_STAGE
execution_log,semantic_v2/40_execution/steel_shell/20260815_2118__NZSCCM__POSTBUCKLING_MEMBRANE_AUDIT_NO_PU_EXECUTION_LOG.md,CURRENT_STAGE
