case,lambda_a,lambda_b,eta,lambda_eta,T_direct_global_max,T_C1_global_max,T_C1_TMM_global_max,T_direct_Beta_max,T_C1_Beta_max,T_C1_TMM_Beta_max,T_global_reduction_vs_C1_pct,T_Beta_reduction_vs_C1_pct,TMM_max_abs_coeff,TMM_sum_abs_coeff,TMM_anchor_value_residual,TMM_anchor_derivative_residual,Zhou_H_rel_error,Zhou_margin_rel_error,loaded_tangent_ratio_error
1,-1.12,0.105,0.0024992877961124,0.0034236112889960302,0.05479799633363828,0.1253817809114609,0.08226222938753226,0.05479957336350737,0.0410928874532482,0.03733837501567046,34.39060381059491,9.136647897642348,0.31513410540323084,1.9177220754631192,0.0,-5.800348863347756e-15,0.00025214972901355104,0.0007816753865319548,0.0013603777584452817
2,-1.12,0.105,0.0025004221637779,0.003425165185250602,0.05476808248666571,0.12530724934178278,0.08221675736912723,0.054769603426232216,0.041089422060584635,0.03733337827977801,34.38786837872703,9.14114531781075,0.31512129159519914,1.917405014922956,2.220446049250313e-16,5.800348863347756e-15,0.00023784715403585288,0.000731966896138081,0.0012718591294995267
3,-1.12,0.105,0.0024996422319424,0.0034240968075148256,0.05478864088639976,0.1253584789619247,0.0822480158255307,0.054790200329116474,0.041091804485352365,0.03733681370580637,34.38974650409408,9.138052773721594,0.3151301029874235,1.9176230076602954,0.0,0.0,0.0003755366183670894,0.0011557053402826423,0.0020520672363370084
4,-1.12,0.105,0.0025003310542859,0.003425040380301836,0.054770482066963735,0.12531323058121036,0.08222040759768535,0.05477200749030254,0.04108970032397964,0.037333779581375084,34.38808718254081,9.140783975035783,0.3151223212104644,1.9174304798980868,-4.440892098500626e-16,-1.1600697726695512e-14,0.00011367775712556316,0.00041446498858022096,0.0007547738039291579
5,-1.16,0.105,0.0024994822408615,0.003423877646171518,0.06452770982437994,0.12985353192691357,0.08506864398297902,0.0645297771333495,0.04147537327002708,0.037640616996313755,34.48877152539922,9.245863198739624,0.3104553149147484,1.905174681759519,-2.220446049250313e-16,5.616938622609488e-15,-0.00023592378323300522,-0.0006017569239410436,-0.001031841892064865
6,-1.16,0.105,0.0025003972706303,0.003425131085751827,0.06450366564309551,0.12979436246783232,0.08503052242760273,0.06450574282247273,0.04147284044378751,0.037636687462548994,34.488277602444924,9.249795625737423,0.3104451592431891,1.9049874341300341,0.0,3.370163173565693e-14,0.0007194320914432062,0.002100857988616145,0.0037217077653494933
7,-1.16,0.105,0.0025001250062503,0.0034247581285412124,0.06451079216223563,0.12981195759667696,0.08504186132100157,0.06451288774438492,0.041473593811174304,0.037637856625402734,34.48842241080374,9.248625048592007,0.31044818161602794,1.9050431488761606,2.220446049250313e-16,-5.616938622609488e-15,0.00025867736995111024,0.0006614445107595568,0.0011392979362376543
8,-1.16,0.105,0.0024990665173094,0.0034233081736008576,0.0645386763904533,0.12988044769366186,0.0850859765209035,0.06454071688930703,0.04147652484942478,0.03764240247741636,34.489002746904085,9.244078152467472,0.3104599270800253,1.9052599457332395,-2.220446049250313e-16,0.0,-0.0006476006528718381,-0.0020169137497070277,-0.0036180310632210264
9,-1.1,0.105,0.002500732571459,0.0034255903924807814,0.04367505136615387,0.12110986932827805,0.08054799155014883,0.04367517260535046,0.040756580557778185,0.037149158008701874,33.49180211579866,8.851141336458001,0.3175254690164551,1.9120742383853513,1.4210854715202004e-14,5.306958192399088e-14,7.731607296035392e-05,0.00027325643639808384,0.000480494586453592
10,-1.1,0.105,0.0025004376570416,0.0034251864084617056,0.043681519680679744,0.12112837495648243,0.08055956115540183,0.043681637535286595,0.040757487013415104,0.03715047790890671,33.49241151435878,8.849930083572543,0.3175288270362997,1.9121440394075722,-5.329070518200751e-15,-1.1793240427553529e-14,1.9506334370866796e-05,8.803886733055322e-05,0.00016059378133983018
11,-1.14,0.105,0.0025004641950857,0.0034252227611968776,0.0615812675316235,0.12830884364172657,0.08390022997228841,0.06158159968418629,0.04133956764223612,0.037497393935983725,34.61071926845446,9.294179705756989,0.3127852577765938,1.9136461610310072,-2.220446049250313e-16,1.7121511705062657e-14,0.00022358431090507835,0.0005948315188679665,0.0010299221984931724
12,-1.15,0.105,0.0024988835474295,0.0034230575351000235,0.06355193902097005,0.1293455068637624,0.08446165545308124,0.06355391164620859,0.04142604954902776,0.037576344253768906,34.70074260712946,9.292957781800371,0.31162883180723616,1.9101514954758907,0.0,-3.3970170633949014e-14,-0.0005851750417278367,-0.0018285808979329188,-0.003290037303130232
13,-1.17,0.105,0.0025,0.003424586890634803,0.06462067208097161,0.13001270858465025,0.0856340870127635,0.06462114450883634,0.04149519072892866,0.03770046419312418,34.134064319560096,9.144979138893227,0.3093225011398541,1.9064748406522087,2.220446049250313e-16,0.0,0.0011889406679537196,0.0034468050309313103,0.006126096893467069
14,-1.17,0.105,0.0024992087819997,0.0034235030527182183,0.06464012661153476,0.13006276606434541,0.08566736273238792,0.06464057451873348,0.04149729758919011,0.03770384797131635,34.133829900245196,9.141437727891798,0.30933129406755916,1.9066202567580999,2.4424906541753444e-15,5.572884202040002e-15,9.082273102523075e-05,0.00013849671735077784,0.00020444501245219654
15,-1.23,0.105,0.002500189587836,0.0034248465946419187,0.05003234285598593,0.12675962375250266,0.08811898801078888,0.05003313693284403,0.041187792164387525,0.03794620200851797,30.483394158032027,7.870269284966325,0.302799531730124,1.891975973321294,-2.220446049250313e-16,2.1289669985321355e-14,0.0013721300377265155,0.003871555854865205,0.0068889569781471205
16,-1.22,0.105,0.0025002999700689,0.0034249978000610182,0.05395502634565342,0.12751933841712954,0.0878195252077896,0.05395574641166353,0.04126901063533194,0.03791740094764994,31.13238643026641,8.121371547522783,0.30385746040394745,1.8990684627555983,2.886579864025407e-15,5.3625866849818886e-15,0.001385878361240378,0.0037484867617931794,0.006637302980320531
17,-1.04,0.105,0.0024996464487538,0.0034241025838496414,0.03732244040251042,0.11068685930519612,0.07708613439370648,0.010000636413597545,0.040045930494013886,0.036721451402358544,30.35656185603982,8.301665239498657,0.3250715021217454,1.888580103540441,2.220446049250313e-16,0.0,-0.0005766595807557007,-0.001987475020804985,-0.003747306949651405
18,-1.04,0.105,0.0025000151286845,0.0034246076144326476,0.0373136549101771,0.11066879649578532,0.07707323134302868,0.010003457306855576,0.0400449675026283,0.036719822469417726,30.356854159913162,8.303527860254434,0.3250670799862292,1.8884851624970491,0.0,6.205613412751967e-15,0.0007499330611380195,0.0024836716593203967,0.004561137915791845
19,-1.04,0.105,0.0025008567291369,0.003425760467983224,0.037293628343633,0.11062758247217047,0.07704379239290016,0.01000989035868425,0.04004276844767938,0.03671610414635038,30.357519642733465,8.307777984121344,0.3250569796913088,1.8882684363535047,-2.220446049250313e-16,-6.205613412751967e-15,-0.0002637708900531388,-0.0010072222259598362,-0.0019382592027749473
20,-1.04,0.105,0.0024991296383773,0.0034233946390335186,0.03733476856610751,0.11071218789957138,0.07710422862163424,0.00999667928949386,0.04004728004471823,0.03672373486645706,30.356151310480296,8.299053455190908,0.32507769844234563,1.8887131903522063,4.440892098500626e-16,-6.205613412751967e-15,-0.0003366415202155082,-0.0012454347479740058,-0.0024776271829037994
21,-1.01,0.105,0.0024993589726987,0.003423708789157775,0.027177629606384292,0.11048275497649368,0.07744605141635619,0.027177928040903396,0.04017106829833204,0.03670452440622738,29.90213591900961,8.629454079638188,0.32899092896271476,1.834658805944823,-2.220446049250313e-16,2.5490322359106734e-14,-0.0006219881752274059,-0.0021236167691531804,-0.004230067274328855
22,-1.01,0.105,0.0025006385368018,0.0034254615805390555,0.027168400791275256,0.11042571402524742,0.07740097306655758,0.027168712640322605,0.04016815726175438,0.03669884536689161,29.9067488494022,8.636970504410046,0.3289757564569822,1.8344457928775044,-2.220446049250313e-16,1.2745161179553367e-14,0.0003219161409206972,0.0009305645984551969,0.0017445831963555092
23,-1.08,0.105,0.0025002476363923,0.003424926111571889,0.03446560657233559,0.11661303492605868,0.07882644143531341,0.026518435628847682,0.04041452090021115,0.036950292904348606,32.40340457197154,8.571740846356157,0.3196527576206479,1.8932884787796402,0.0,5.996141230043039e-15,0.00011525744110318925,0.00043523456717409204,0.0008022894776258532
24,-1.08,0.105,0.0024999754797522,0.003424553301947135,0.0344717414185238,0.11662891021016714,0.07883683530530586,0.026522428891655736,0.04041533673236894,0.03695152997285975,32.403693764058474,8.57052554688974,0.31965619402769296,1.8933554701479094,2.220446049250313e-16,3.5976847380258233e-14,-0.0002488772639999137,-0.0007869705934309135,-0.0014176791322981358