case,frame_index,frame_id,step_time_s,P_over_Pu,element,integration_point,section_point,panel,x_ip_mm,y_ip_mm,z_ip_mm,sigma_x_transverse_MPa,sigma_y_axial_MPa,tau_xy_MPa,LE_x_transverse,LE_y_axial,gamma_xy_engineering,PE_x_transverse,PE_y_axial,PE_xy_engineering,PEEQ,sigma_VM_MPa,sigma_VM_over_fy,w_local_ref_normal_mm,Y_s_MPa,Y_s_max_MPa
BH032,499,3898958,4.990000247955322,0.4243269878489827,3023,2,1,SHELF_NORMAL_Y_POS,779.9393102292058,-25.04300957874569,1741.5247913859318,20.816511154174805,-106.08638763427734,-19.68580436706543,0.0004809939709957,-0.0010840607574209,-0.0003003111924044,0.0002254225983051,-0.0005387591081671,-5.184583642403595e-05,0.0005420342786237,122.7134464113538,0.3456716800319825,0.1356339985183202,0.0340307225998233,0.3211637613494267
BH032,499,3898958,4.990000247955322,0.4243269878489827,3944,2,5,SHELF_NORMAL_Y_NEG,-289.01923788646684,22.63576178657993,2802.4752086140675,-13.725749015808104,3.490417718887329,89.12155151367188,-3.726602881215513e-05,-4.697325130109675e-05,0.0011234448757022,3.436797487665899e-05,-8.38460837258026e-05,-1.4264960555010475e-06,8.430604066234082e-05,155.16584879437636,0.4370868980123277,0.5656170161244187,0.0506820767891578,0.3232393372116897
BH032,499,3898958,4.990000247955322,0.4243269878489827,3536,1,5,SHELF_NORMAL_Y_POS,160.98076211353316,-21.36871258581148,946.475208614068,-185.9731292724609,-241.4496307373047,-17.91241455078125,-0.0007284545572474,-0.0055744247511029,-0.0009322852711193,-0.0001782332401489,-0.0046714288182556,-0.0007062505465,0.0055689769797027,221.2314385203709,0.6231871507616082,33.38275809531132,0.1623252623832087,0.412287892802365
BH032,499,3898958,4.990000247955322,0.4243269878489827,5009,3,5,SIDE_NORMAL_X_POS,-800.0,24.15470053837925,2637.524791385932,79.26319122314453,-391.8844604492188,-20.722063064575195,0.5104382038116455,-0.7791258692741394,7.394567364826798e-05,0.5094780325889587,-0.7770993709564209,0.000335503835231,1.1378530263900757,438.4133990235404,1.2349673211930714,0.5637427002945727,0.4397417962585968,0.5364470481682623
BH032,499,3898958,4.990000247955322,0.4243269878489827,4371,1,1,SHELF_NORMAL_Y_POS,-796.8452994616207,-25.01400788112261,1906.475208614068,-404.0223083496094,-191.62245178222656,19.77377319335937,-0.0021560706663876,-0.0090750018134713,0.0022591748274862,-0.0004739926662296,-0.0087329382076859,0.0020095859654247,0.0107707977294921,351.71927824533435,0.9907585302685474,0.0068063295445596,0.3750358601283007,0.4228813935991979
BH032,499,3898958,4.990000247955322,0.4243269878489827,3944,1,1,SHELF_NORMAL_Y_NEG,-289.01923788646684,22.46877624313318,2765.524791385932,17.968402862548828,-83.63677978515625,-41.3320426940918,0.0007633425993844,-0.0013720785500481,-0.001084960065782,0.000554142112378,-0.0009397337562404,-0.000563348410651,0.001000135205686,118.09236659228328,0.3326545537810796,0.5656170161244187,0.0307467870714492,0.3144757115719866
BH032,499,3898958,4.990000247955322,0.4243269878489827,3562,1,1,SHELF_NORMAL_Y_NEG,70.98076211353316,28.89403051151763,717.5247913859318,385.46240234375,142.52928161621094,28.796300888061523,0.0070320265367627,-0.0046647805720567,0.0016056688036769,0.0053585646674036,-0.0047870054841041,0.0012422207510098,0.006366298533976,341.2387159702749,0.9612358196345772,-62.50982442160179,0.3377913144633898,0.3555839809867985
BH032,500,3909444,5.0,0.4242707957344159,3023,2,1,SHELF_NORMAL_Y_POS,779.9393102292058,-25.04300957874569,1741.5247913859318,20.87504196166992,-106.10411834716795,-19.58541488647461,0.0004813023260794,-0.001084225368686,-0.0002990441280417,0.0002254225983051,-0.0005387591081671,-5.184583642403595e-05,0.0005420342786237,122.7173364230191,0.3456826378113214,0.1356228756965903,0.0340297364811338,0.3211637613494267
BH032,500,3909444,5.0,0.4242707957344159,3944,2,5,SHELF_NORMAL_Y_NEG,-289.01923788646684,22.63576178657993,2802.4752086140675,-13.914966583251951,3.5074257850646973,89.02600860595703,-3.82090438506566e-05,-4.6615088649559766e-05,0.0011222364846616,3.436797487665899e-05,-8.38460837258026e-05,-1.4264960555010475e-06,8.430604066234082e-05,155.02136842437875,0.436679911054588,0.5661976963242873,0.0505887074827472,0.3232393372116897
BH032,500,3909444,5.0,0.4242707957344159,3536,1,5,SHELF_NORMAL_Y_POS,160.98076211353316,-21.36871258581148,946.475208614068,-185.97804260253903,-241.7853546142578,-18.017372131347656,-0.0007279905839823,-0.0055760247632861,-0.0009336121147498,-0.0001782332401489,-0.0046714288182556,-0.0007062505465,0.0055689769797027,221.48385979716932,0.6238981966117446,33.38385388562833,0.162649967609968,0.412287892802365
BH032,500,3909444,5.0,0.4242707957344159,5009,3,5,SIDE_NORMAL_X_POS,-800.0,24.15470053837925,2637.524791385932,80.3869857788086,-393.09075927734375,-91.75914764404295,0.5113571286201477,-0.7805097699165344,-0.0008267200901173,0.5103878974914551,-0.7784751057624817,0.0003314206842333,1.1395423412322998,466.7344183973727,1.3147448405559794,0.565292396791302,0.4941150882492555,0.5364470481682623
BH032,500,3909444,5.0,0.4242707957344159,4371,1,1,SHELF_NORMAL_Y_POS,-796.8452994616207,-25.01400788112261,1906.475208614068,-401.5839538574219,-191.2667999267578,20.5843563079834,-0.0021453779190778,-0.0090767880901694,0.0022695346269756,-0.0004746255872305,-0.0087329158559441,0.0020097119268029,0.0107715195044875,349.7343708696366,0.9851672418863004,0.0068175752958912,0.3710268730735733,0.4228813935991979
BH032,500,3909444,5.0,0.4242707957344159,3944,1,1,SHELF_NORMAL_Y_NEG,-289.01923788646684,22.46877624313318,2765.524791385932,18.2640438079834,-83.65790557861328,-41.34829711914063,0.0007648130995221,-0.0013726177858188,-0.0010851671686396,0.000554142112378,-0.0009397337562404,-0.000563348410651,0.001000135205686,118.27593642981756,0.333171651914979,0.5661976963242873,0.0308271495777936,0.3144757115719866
BH032,500,3909444,5.0,0.4242707957344159,3562,1,1,SHELF_NORMAL_Y_NEG,70.98076211353316,28.89403051151763,717.5247913859318,385.7554321289063,142.8143768310547,28.80413818359375,0.0070330244489014,-0.0046638259664177,0.0016057706670835,0.0053585646674036,-0.0047870054841041,0.0012422207510098,0.006366298533976,341.4686122140898,0.9618834146875768,-62.51127948425712,0.3383157504249674,0.3555839809867985
