case,classification,increment_count,sum_compression_drop_MPa,count_share
BH050,AMBIGUOUS,10494,64146.96988771111,0.05127854305218254
BH050,AMBIGUOUS_PE_EVOLUTION_WITH_FROZEN_PEEQ,33,39.02392530441284,0.00016125328003830988
BH050,CONTINUED_PLASTIC_LOADING_WITH_COMPONENT_DROP,105231,494948.3253954388,0.5142073912639814
BH050,ELASTIC_RELOADING,12012,26824.8011753615,0.05869619393394479
BH050,ELASTIC_RESPONSE_WITHOUT_CONFIRMED_PRIOR_YIELD,612,936.9157028198242,0.0029905153752559283
BH050,ELASTIC_UNLOADING_WITHOUT_CONFIRMED_PRIOR_YIELD,8890,16261.578983306885,0.043440656349714384
BH050,TRUE_ELASTIC_UNLOADING,67375,178698.25984500162,0.32922544674488263
BH032,AMBIGUOUS,2448,15474.663149535656,0.014880011670597389
BH032,AMBIGUOUS_PE_EVOLUTION_WITH_FROZEN_PEEQ,22,49.40823173522949,0.0001337255950788981
BH032,CONTINUED_PLASTIC_LOADING_WITH_COMPONENT_DROP,99259,471859.6643792228,0.6033394928152885
BH032,ELASTIC_RELOADING,5274,13909.993065480376,0.03205767220209584
BH032,ELASTIC_RESPONSE_WITHOUT_CONFIRMED_PRIOR_YIELD,142,398.1207573413849,0.0008631379318728877
BH032,ELASTIC_UNLOADING_WITHOUT_CONFIRMED_PRIOR_YIELD,1177,7840.121658325195,0.007154319336721049
BH032,TRUE_ELASTIC_UNLOADING,56194,205633.93142860942,0.3415716404483454
