branch,quantity,degree,zero_weight,xi_max,scale,k,bernstein_coeff
tension,total_strain,6,0.1,0.005765689,0.005831357202764977,0,0.020099063681
tension,total_strain,6,0.1,0.005765689,0.005831357202764977,1,0.020099063681
tension,total_strain,6,0.1,0.005765689,0.005831357202764977,2,0.099815752410
tension,total_strain,6,0.1,0.005765689,0.005831357202764977,3,0.238894417404
tension,total_strain,6,0.1,0.005765689,0.005831357202764977,4,0.404624803468
tension,total_strain,6,0.1,0.005765689,0.005831357202764977,5,0.680589500669
tension,total_strain,6,0.1,0.005765689,0.005831357202764977,6,0.999982371886
tension,true_plastic_strain,6,0.1,0.005765689,0.005215513137615342,0,-0.000028682460
tension,true_plastic_strain,6,0.1,0.005765689,0.005215513137615342,1,-0.000028682460
tension,true_plastic_strain,6,0.1,0.005765689,0.005215513137615342,2,0.037478364498
tension,true_plastic_strain,6,0.1,0.005765689,0.005215513137615342,3,0.145918050100
tension,true_plastic_strain,6,0.1,0.005765689,0.005215513137615342,4,0.346864299096
tension,true_plastic_strain,6,0.1,0.005765689,0.005215513137615342,5,0.632576888669
tension,true_plastic_strain,6,0.1,0.005765689,0.005215513137615342,6,0.999999286863
tension,damage,6,0.1,0.005765689,1.0,0,-0.000022937484
tension,damage,6,0.1,0.005765689,1.0,1,0.419549277144
tension,damage,6,0.1,0.005765689,1.0,2,0.590506114374
tension,damage,6,0.1,0.005765689,1.0,3,0.717187657141
tension,damage,6,0.1,0.005765689,1.0,4,0.802242254434
tension,damage,6,0.1,0.005765689,1.0,5,0.854090684682
tension,damage,6,0.1,0.005765689,1.0,6,0.893370501796
compression,total_strain,6,0.1,0.024211923,0.024499941433179722,0,0.110946981263
compression,total_strain,6,0.1,0.024211923,0.024499941433179722,1,0.165790169329
compression,total_strain,6,0.1,0.024211923,0.024499941433179722,2,0.196035210189
compression,total_strain,6,0.1,0.024211923,0.024499941433179722,3,0.206553744485
compression,total_strain,6,0.1,0.024211923,0.024499941433179722,4,0.428436075436
compression,total_strain,6,0.1,0.024211923,0.024499941433179722,5,0.674032823056
compression,total_strain,6,0.1,0.024211923,0.024499941433179722,6,0.999981138265
compression,true_plastic_strain,6,0.1,0.024211923,0.021843812151154562,0,-0.000393630379
compression,true_plastic_strain,6,0.1,0.024211923,0.021843812151154562,1,-0.000393630379
compression,true_plastic_strain,6,0.1,0.024211923,0.021843812151154562,2,0.046324562527
compression,true_plastic_strain,6,0.1,0.024211923,0.021843812151154562,3,0.074488116592
compression,true_plastic_strain,6,0.1,0.024211923,0.021843812151154562,4,0.358198412910
compression,true_plastic_strain,6,0.1,0.024211923,0.021843812151154562,5,0.626902806523
compression,true_plastic_strain,6,0.1,0.024211923,0.021843812151154562,6,1.000111459837
compression,damage,6,0.1,0.024211923,1.0,0,-0.003420529473
compression,damage,6,0.1,0.024211923,1.0,1,0.029152061844
compression,damage,6,0.1,0.024211923,1.0,2,0.153864870282
compression,damage,6,0.1,0.024211923,1.0,3,0.777497961460
compression,damage,6,0.1,0.024211923,1.0,4,0.777497961460
compression,damage,6,0.1,0.024211923,1.0,5,0.848199300058
compression,damage,6,0.1,0.024211923,1.0,6,0.892251152203
