index,component,status,source,note
0,"TC compressive uniaxial backbone, ascending",CLOSED,Liu 2023 Eq.(12),Modified MC2010-type branch with exponent 1.8
1,"TC compressive uniaxial backbone, descending",CLOSED,Liu 2023 Eq.(12),Rational descending branch
2,Peak compressive stress softening,CLOSED,Liu 2023 Eq.(10),"Platform 0.8 to eps_r=0.0035, then inverse-square-root decay"
3,Peak compressive strain softening,CLOSED,Liu 2023 Eq.(11),zeta_epsilon=1
4,Softened compressive stress-strain law,CLOSED,Liu 2023 Eq.(13),"Rising, peak and descending branches"
5,Analytic compression sub-tangent d sigma_c/d eps_c,CLOSED_DERIVED,Analytic derivative of Eq.(13),Piecewise tangent; cusp at eps_c=eps0
6,Analytic coupling tangent d sigma_c/d eps_r,CLOSED_DERIVED,"Analytic derivative of Eqs.(10),(13)",Kink at eps_r=0.0035
7,Tensile-direction stress law sigma_t,OPEN,Not supplied by Liu 2023,Needed for full TC vector stress
8,Crack shear transfer tau_12,OPEN,Not supplied by Liu 2023,Needed for full plane-stress TC state
9,Tensile unloading/reloading and crack closure,OPEN,SLR tests described but no general update law,History operator absent
10,U to TC entry continuity,OPEN,Eq.(10) is only for eps_r>0 and begins at 0.8,No unique continuous transition from unsoftened U curve
11,Arbitrary biaxial loading-path validity,OPEN,Calibration uses compression-after-tension S.L.R. path,Not a general all-path 2D law
12,TCX compressive postpeak scalar branch,PARTIAL_CLOSED,Liu 2023 Eq.(13) descending branch,"Cracked-state history, shear and transition still open"
13,Full TC state loop,NOT_CLOSED,Closure audit,Only compressive scalar sub-branch is closed
