sheet,file,data_row_start,data_row_end,rows,columns,bytes,sha256
Summary,tables/Summary/Summary_001.csv,1,2,2,17,837,1e11e044ed88f4cbed74aee5955419e7dbf3ccf60a1650dfa151a47132d48ea4
ConclusionAnswers,tables/ConclusionAnswers/ConclusionAnswers_001.csv,1,16,16,5,3237,7d4deb12f01802433f83299b12d5ee4d2d414a9d8007af1f440b579134bcbafc
AxialDropClasses,tables/AxialDropClasses/AxialDropClasses_001.csv,1,14,14,5,1252,61ff869890019188d66d98295f7661ba4f5d5079f7ab6cb11342ce2c6c7b70cd
AllCandidateFrameStats,tables/AllCandidateFrameStats/AllCandidateFrameStats_001.csv,1,500,500,22,73279,0b6dca6acc3ed78f934c7eec137085f59c954595ccb9b07d7c42a8ea040604e6
AllCandidateFrameStats,tables/AllCandidateFrameStats/AllCandidateFrameStats_002.csv,501,1000,500,22,78565,38709cce3bdc5bfe01cb0df55d87605512a58f1f089605b03cd49e5f76c25c47
MaterialCards,tables/MaterialCards/MaterialCards_001.csv,1,2,2,6,124,74bcfcce53969978afcd44036031f81fe601ed55fd54962371aab2eb641c524f
SteelHardening,tables/SteelHardening/SteelHardening_001.csv,1,8,8,4,238,2e18a529e2b0de23ab9c345c93e8c3a6b0a33c0dbade4c35c0e64f3dcfaab047
LoadHistory,tables/LoadHistory/LoadHistory_001.csv,1,500,500,11,75253,14bec26f76159aeedbc30959c14d3c3d99c0c8bb8026faaf962ba92ef4520b19
LoadHistory,tables/LoadHistory/LoadHistory_002.csv,501,1000,500,11,75301,63cbc28d231c97c94f60d7eedd309fbcfa424be6ff499579e5bf0a0ede212340
LoadHistory,tables/LoadHistory/LoadHistory_003.csv,1001,1002,2,11,425,26bb43428ba09a335da406b1bc9785b91c6da2722c297292f46e463c33850760
RepresentativePoints,tables/RepresentativePoints/RepresentativePoints_001.csv,1,14,14,5,645,1ff9b513f6d2a24483cbc4d3a97f36a3662757e0e89e6834c374ef6f7c91ed92
SteelPointHistory,tables/SteelPointHistory/SteelPointHistory_001.csv,1,500,500,27,188432,d9c25f452103f03c309867ef9b9e384d2390f91777ff121ecb2344437b113843
SteelPointHistory,tables/SteelPointHistory/SteelPointHistory_002.csv,501,1000,500,27,185375,ebbf0bf171c859533b4a5c33a9e72fd047f55cbdb9d183c8b50ae0d3e3bc4ddd
SteelPointHistory,tables/SteelPointHistory/SteelPointHistory_003.csv,1001,1500,500,27,204848,632785d6255856c526dd51931bed75cb3ede48c9d0d1f1b904acfa2124ebf407
SteelPointHistory,tables/SteelPointHistory/SteelPointHistory_004.csv,1501,2000,500,27,214179,3b88a6cd98c0c853929de9be1ca1651baadea0d7282225c2e6a607649587a3ac
SteelPointHistory,tables/SteelPointHistory/SteelPointHistory_005.csv,2001,2500,500,27,214292,18c359cc72c3dc6b3f74b98c8acaffab93e8b2618ad33a971fe5494f052601ed
SteelPointHistory,tables/SteelPointHistory/SteelPointHistory_006.csv,2501,3000,500,27,214302,81bb09368184a67f1cd03848dbbbd95f178758a3d88556bda5716a610fdefeec
SteelPointHistory,tables/SteelPointHistory/SteelPointHistory_007.csv,3001,3500,500,27,214034,4e3807f3f0742bcab4cb995f222bd650e76afcda3b2802cfb75c56ec9c3e5663
SteelPointHistory,tables/SteelPointHistory/SteelPointHistory_008.csv,3501,4000,500,27,188485,78be6e21463c1c1d583885c19e8cf9f776620a167f4504993be4a7b2b64c9885
SteelPointHistory,tables/SteelPointHistory/SteelPointHistory_009.csv,4001,4500,500,27,184060,40bcbeee320ef4cca25cac791949cda8bbc0b7a4ee9eaa3cd365b08b3f10f654
SteelPointHistory,tables/SteelPointHistory/SteelPointHistory_010.csv,4501,5000,500,27,191526,1dccfadfdc72445d0d725a33342de6ecbd539ebbaab912f0f53885bcd41a9247
SteelPointHistory,tables/SteelPointHistory/SteelPointHistory_011.csv,5001,5500,500,27,213629,5aedcd80bd9beeee27b0aacdc1847139e122566476e478eeac671fc703df6799
SteelPointHistory,tables/SteelPointHistory/SteelPointHistory_012.csv,5501,6000,500,27,213599,877769893766c69e9af6e96d479da3bc87be3e4bf334137a7bcbd1e73b705372
SteelPointHistory,tables/SteelPointHistory/SteelPointHistory_013.csv,6001,6500,500,27,213568,76aa39745832fb5439e8d09beb49e4a116db1b76facfab8c6a9e13a9ab43be75
SteelPointHistory,tables/SteelPointHistory/SteelPointHistory_014.csv,6501,7000,500,27,213378,25fdb2f5cd5f712b4cb65466e32bcd311d788e769aaed110d9ff1aeef58a4670
SteelPointHistory,tables/SteelPointHistory/SteelPointHistory_015.csv,7001,7014,14,27,6216,2a73d6e05bfbd89b1c6a0ec3d40c125f792f788d4df2693f4d80900806bc9694
SteelIncrementHistory,tables/SteelIncrementHistory/SteelIncrementHistory_001.csv,1,500,500,28,138336,f9e5612a842596002ef087436c4f4cf75d9d1be2ef9456dd3e947d7a967bb6e7
SteelIncrementHistory,tables/SteelIncrementHistory/SteelIncrementHistory_002.csv,501,1000,500,28,137607,bceed8800c39ace06029f01b4621442e783a36678b0abeafceb2df5c08e8d923
SteelIncrementHistory,tables/SteelIncrementHistory/SteelIncrementHistory_003.csv,1001,1500,500,28,159448,7f2b7257fb0e2921497d85215f87c37eec6da99708e1df8d295b557c88d56f0e
SteelIncrementHistory,tables/SteelIncrementHistory/SteelIncrementHistory_004.csv,1501,2000,500,28,169792,0a8f69a906b301c46f4413283a554c0d53a811df5148c419f49c78c71cc87dd8
SteelIncrementHistory,tables/SteelIncrementHistory/SteelIncrementHistory_005.csv,2001,2500,500,28,167667,d563d52a7c0bbc5322c621ddd6fea9af43c5b9acd13b7476ce6e76a93e4dcd53
SteelIncrementHistory,tables/SteelIncrementHistory/SteelIncrementHistory_006.csv,2501,3000,500,28,163540,cd7c311f70efd72e0709bd61749b1263acc010c5189b0ef9a8e2e56148832fdb
SteelIncrementHistory,tables/SteelIncrementHistory/SteelIncrementHistory_007.csv,3001,3500,500,28,160902,702a7e1efef8e5f42446d50e8c6fabdffd1f4e48d2f3c3f50ebbcb8a1ed76cdf
SteelIncrementHistory,tables/SteelIncrementHistory/SteelIncrementHistory_008.csv,3501,4000,500,28,137816,3f57e80d09a53a601e7be105dc69ea18847b762be4ea84c261f2244103e85a47
SteelIncrementHistory,tables/SteelIncrementHistory/SteelIncrementHistory_009.csv,4001,4500,500,28,135793,9f01b5741a23e51b05d4c231f7eda247f19214a0419d07e9964793e8a285fe1c
SteelIncrementHistory,tables/SteelIncrementHistory/SteelIncrementHistory_010.csv,4501,5000,500,28,148027,d17cb08ef99ac46745e849fc0fd4dd89f679cc6a76548d056d57a5c82d0516d6
SteelIncrementHistory,tables/SteelIncrementHistory/SteelIncrementHistory_011.csv,5001,5500,500,28,174220,88357ae2b0a3a6806ba6e7a21f096c108091a3486b17174838242409a353527d
SteelIncrementHistory,tables/SteelIncrementHistory/SteelIncrementHistory_012.csv,5501,6000,500,28,171631,f9d2885b8c67053bae22c3b76cb42b88d5057c0bc14e4f9f07fcc585ce52d59c
SteelIncrementHistory,tables/SteelIncrementHistory/SteelIncrementHistory_013.csv,6001,6500,500,28,168386,9161f8935b28447a7d703547c04145be10691b17ec08aa6826243a27a1479a8e
SteelIncrementHistory,tables/SteelIncrementHistory/SteelIncrementHistory_014.csv,6501,7000,500,28,163137,f8365c3fcb22fe028b88a0272e6c83c1b13dbd9587c1ad3f2216bb0bcda81fda
UHPCSteelHistory,tables/UHPCSteelHistory/UHPCSteelHistory_001.csv,1,500,500,39,242846,64880414a6b21095c2bb95388584ae598bbb115120383e0894edc8a3f2045694
UHPCSteelHistory,tables/UHPCSteelHistory/UHPCSteelHistory_002.csv,501,1000,500,39,252414,4acb55a1ab8a914fef13d5d57887c645e666ae99d16df1bc73aa5fb054ec15d3
UHPCSteelHistory,tables/UHPCSteelHistory/UHPCSteelHistory_003.csv,1001,1500,500,39,245612,5e79720c30928e066e73fed2ec093ea5a79fc6acfb092578ff74a26ea415eaf1
UHPCSteelHistory,tables/UHPCSteelHistory/UHPCSteelHistory_004.csv,1501,2000,500,39,245170,e71c7723455cfc68739f6d8e93f7a78ec6490e93b64b92ff2f6eb168ccfc6052
UHPCSteelHistory,tables/UHPCSteelHistory/UHPCSteelHistory_005.csv,2001,2500,500,39,246178,12d69e9aba979bdb6c7d3a42a027649b633addb10c24e6adba8322d111478b89
UHPCSteelHistory,tables/UHPCSteelHistory/UHPCSteelHistory_006.csv,2501,3000,500,39,254255,11d4dd87aca0fd01afa7df83c493909efb50beb5db236372ee3f1465a5e4a6f0
UHPCSteelHistory,tables/UHPCSteelHistory/UHPCSteelHistory_007.csv,3001,3500,500,39,243275,c897a0a7c00a29fe3aea018449a82761e7a8b3982e2ca5efe0547d7e15947b10
UHPCSteelHistory,tables/UHPCSteelHistory/UHPCSteelHistory_008.csv,3501,4000,500,39,247143,3cfaf9225e0bc7f1c2ca1200a45f8cf339bd1f08d291db55e6dc2d3f8c1aee17
UHPCSteelHistory,tables/UHPCSteelHistory/UHPCSteelHistory_009.csv,4001,4500,500,39,242201,82312892709de53128e0db79b5b20c67d1589d9ae0b66c9fd38eb046e0168693
UHPCSteelHistory,tables/UHPCSteelHistory/UHPCSteelHistory_010.csv,4501,5000,500,39,245789,aa13e03ec30c8d4cb81294d4658559a88378e199be91b08feb4cf84ed1ec67fb
UHPCSteelHistory,tables/UHPCSteelHistory/UHPCSteelHistory_011.csv,5001,5500,500,39,246347,009805040cd29a75a5ff8b58383bee6e2d2edf681d3356d1b526a7a1368bedda
UHPCSteelHistory,tables/UHPCSteelHistory/UHPCSteelHistory_012.csv,5501,6000,500,39,247776,e650e79668e4fc15ca317a5052daab02a80a72b430f6f404b36a6494775e333c
UHPCSteelHistory,tables/UHPCSteelHistory/UHPCSteelHistory_013.csv,6001,6500,500,39,247329,ab58546ca895720aa9b599222f11f76fdc1c2e94db6d9cfcaaac070b8666da49
UHPCSteelHistory,tables/UHPCSteelHistory/UHPCSteelHistory_014.csv,6501,7000,500,39,249929,0b3008e13f0d115779888fccbfa7016ed48729eb61b982cdb8b1f878fdceeef6
UHPCSteelHistory,tables/UHPCSteelHistory/UHPCSteelHistory_015.csv,7001,7014,14,39,8292,44e755f11dbb81cb951be00a5d63ea1eeb322cdaa504941f44853d4619669584
AllUnloadingPoints,tables/AllUnloadingPoints/AllUnloadingPoints_001.csv,1,500,500,11,41563,cc964e4f032efd98f5042679d88850e1be92e0d7ea4d2624496a03e905e4f1c1
AllUnloadingPoints,tables/AllUnloadingPoints/AllUnloadingPoints_002.csv,501,1000,500,11,44060,d39c10490489a0cec2d1685c529003cab0dde1948f36e6e214431a48782f4fcb
AllUnloadingPoints,tables/AllUnloadingPoints/AllUnloadingPoints_003.csv,1001,1500,500,11,39213,b7f670573a551bf6575d9ba788c23c9580d8c0a9d47d44658b045265c5f0cc6d
AllUnloadingPoints,tables/AllUnloadingPoints/AllUnloadingPoints_004.csv,1501,2000,500,11,45895,3c2815385826ab957a2346d833771dff55f9df4d81e3a310de6ad07e66370945
AllUnloadingPoints,tables/AllUnloadingPoints/AllUnloadingPoints_005.csv,2001,2500,500,11,45103,de2e0ac72e90bbc2fa18f38983f345525db9b8598a7b33b769ba54eb0f810117
AllUnloadingPoints,tables/AllUnloadingPoints/AllUnloadingPoints_006.csv,2501,2553,53,11,4762,cd26a27c39b9cefd338ce30aa3fadda75d2ecbd9dfc6e123a49efd66cdac4c7f
AllPairEventTiming,tables/AllPairEventTiming/AllPairEventTiming_001.csv,1,500,500,21,111657,9a15f63d4ba6469b91cd1538221acd7abd157c207a46b1f43f932748e2cb59c9
AllPairEventTiming,tables/AllPairEventTiming/AllPairEventTiming_002.csv,501,1000,500,21,121616,965154626bcd683ecf0a9df0bfe42354bf9e323ce9feb45881f739ce939d13c9
AllPairEventTiming,tables/AllPairEventTiming/AllPairEventTiming_003.csv,1001,1500,500,21,108766,7a39c6c1e951feda4ae4e41b6ce97ef93e01cd9cb1defa6bfc0a4fab3b0989ac
AllPairEventTiming,tables/AllPairEventTiming/AllPairEventTiming_004.csv,1501,2000,500,21,120946,c50465cd45b25d818dd89ecdd74e48c9a6a299fe1674dd91f0a42857ffd6cd84
AllPairEventTiming,tables/AllPairEventTiming/AllPairEventTiming_005.csv,2001,2439,439,21,109402,9790e3443d81d5a8072a11eff1eb8e718283811b7f7c4588d28bee60b07ae9f8
SpatialClassCounts,tables/SpatialClassCounts/SpatialClassCounts_001.csv,1,159,159,6,11054,27e6d0916ecb2861f5fcfc1a3c85f8ef4108106be0e64f92777c5a4845d62844
FieldDictionary,tables/FieldDictionary/FieldDictionary_001.csv,1,114,114,3,14871,687070cd3f3f712296b40852a2ea70923b83af2bdacf79ee82e2fa114ad0daf0
DataScope,tables/DataScope/DataScope_001.csv,1,25,25,3,4111,3277762f46753c3bf455506332cb95dd5ae792fdae8217b9ae67327e455557ea
