case,frame_end,time_s,P_over_Pu,candidate_increment_count,n_AMBIGUOUS,n_AMBIGUOUS_PE_EVOLUTION_WITH_FROZEN_PEEQ,n_CONTINUED_PLASTIC_LOADING,n_CONTINUED_PLASTIC_LOADING_WITH_COMPONENT_DROP,n_ELASTIC_RELOADING,n_ELASTIC_RESPONSE_WITHOUT_CONFIRMED_PRIOR_YIELD,n_ELASTIC_UNLOADING_WITHOUT_CONFIRMED_PRIOR_YIELD,n_TRUE_ELASTIC_UNLOADING,spatially_supported_true_count,qualified_scalar_count,qualified_ds_raw_median,qualified_ds_raw_p05,qualified_ds_raw_p95,qualified_original_Cs_residual_median,axial_drop_count,axial_drop_true_count,axial_drop_plastic_count
BH032,1,0.0100004216656088,3.758334647400553e-08,1824,1824,0,0,0,0,0,0,0,0,0,,,,,0,0,0
BH032,2,0.0200000535696744,2.418561546540417e-06,1824,1824,0,0,0,0,0,0,0,0,0,,,,,0,0,0
BH032,3,0.0300005301833152,5.956553901020615e-06,1824,1824,0,0,0,0,0,0,0,0,0,,,,,0,0,0
BH032,4,0.0400013327598571,1.510635299959955e-05,1824,1824,0,0,0,0,0,0,0,0,0,,,,,0,0,0
BH032,5,0.0500013679265975,2.7432810338460437e-05,1824,1824,0,0,0,0,0,0,0,0,0,,,,,0,0,0
BH032,6,0.0600004978477954,4.84236440560974e-05,1824,1824,0,0,0,0,0,0,0,0,0,,,,,0,0,0
BH032,7,0.0700011625885963,6.89757764392477e-05,1824,1824,0,0,0,0,0,0,0,0,0,,,,,0,0,0
BH032,8,0.080000951886177,0.000127376562625,1824,1824,0,0,0,0,0,0,0,0,0,,,,,2,0,0
BH032,9,0.0900012999773025,0.0001570901268403,1824,1824,0,0,0,0,0,0,0,0,0,,,,,1,0,0
BH032,10,0.1000005528330802,0.0002058092213063,1824,1824,0,0,0,0,0,0,0,0,0,,,,,0,0,0
BH032,11,0.110000230371952,0.0003016485010776,1824,1824,0,0,0,0,0,0,0,0,0,,,,,2,0,0
BH032,12,0.1200005337595939,0.0003804823187686,1824,1824,0,0,0,0,0,0,0,0,0,,,,,3,0,0
BH032,13,0.1300000846385955,0.0004604194291082,1824,1824,0,0,0,0,0,0,0,0,0,,,,,12,0,0
BH032,14,0.1400003582239151,0.0005717144374705,1824,1824,0,0,0,0,0,0,0,0,0,,,,,10,0,0
BH032,15,0.1500009447336197,0.0007341739951479,1824,1824,0,0,0,0,0,0,0,0,0,,,,,5,0,0
BH032,16,0.160000666975975,0.0008640605224913,1824,1824,0,0,0,0,0,0,0,0,0,,,,,9,0,0
BH032,17,0.1700009405612945,0.0010544743615751,1824,1824,0,0,0,0,0,0,0,0,0,,,,,20,0,0
BH032,18,0.1800008416175842,0.001232156713675,1824,1824,0,0,0,0,0,0,0,0,0,,,,,31,0,0
BH032,19,0.190000832080841,0.001451524315192,1824,1824,0,0,0,0,0,0,0,0,0,,,,,28,0,0
BH032,20,0.2000001817941665,0.0016677185669085,1824,1824,0,0,0,0,0,0,0,0,0,,,,,17,0,0
BH032,21,0.2100008875131607,0.0019480210638481,1824,1824,0,0,0,0,0,0,0,0,0,,,,,14,0,0
BH032,22,0.2200004607439041,0.0022296206012666,1824,1824,0,0,0,0,0,0,0,0,0,,,,,22,0,0
BH032,23,0.2300004065036773,0.0025162200585375,1824,1824,0,0,0,0,0,0,0,0,0,,,,,27,0,0
BH032,24,0.2400002628564834,0.0028804610719441,1824,1824,0,0,0,0,0,0,0,0,0,,,,,17,0,0
BH032,25,0.2500005662441253,0.0032444186036879,1824,1824,0,0,0,0,0,0,0,0,0,,,,,24,0,0
BH032,26,0.2600001990795135,0.0036284824673401,1824,1824,0,0,0,0,0,0,0,0,0,,,,,26,0,0
BH032,27,0.270000010728836,0.0040746785996643,1824,1824,0,0,0,0,0,0,0,0,0,,,,,29,0,0
BH032,28,0.2800003588199615,0.004505091077076,1824,1824,0,0,0,0,0,0,0,0,0,,,,,28,0,0
BH032,29,0.2900010645389557,0.0050145708354011,1824,1824,0,0,0,0,0,0,0,0,0,,,,,42,0,0
BH032,30,0.3000000417232513,0.005517258513247,1824,1824,0,0,0,0,0,0,0,0,0,,,,,34,0,0
BH032,31,0.3100012242794037,0.0060779233941586,1824,1824,0,0,0,0,0,0,0,0,0,,,,,29,0,0
BH032,32,0.3200008571147918,0.0066475610208589,1824,1824,0,0,0,0,0,0,0,0,0,,,,,20,0,0
BH032,33,0.3300012648105621,0.0072586805030445,1824,1824,0,0,0,0,0,0,0,0,0,,,,,21,0,0
BH032,34,0.3400005400180816,0.0079175712446819,1824,1824,0,0,0,0,0,0,0,0,0,,,,,29,0,0
BH032,35,0.3500011265277862,0.0086236956268978,1824,1824,0,0,0,0,0,0,0,0,0,,,,,21,0,0
BH032,36,0.3600009381771087,0.0093749567030197,1824,1824,0,0,0,0,0,0,0,0,0,,,,,20,0,0
BH032,37,0.3700006902217865,0.0101412281839962,1824,1824,0,0,0,0,0,0,0,0,0,,,,,21,0,0
BH032,38,0.3800011575222015,0.0109359944222498,1824,1824,0,0,0,0,0,0,0,0,0,,,,,27,0,0
BH032,39,0.3900003135204315,0.0117767511080669,1824,1824,0,0,0,0,0,0,0,0,0,,,,,19,0,0
BH032,40,0.4000013768672943,0.0126616271249512,1824,1824,0,0,0,0,0,0,0,0,0,,,,,30,0,0
BH032,41,0.410001128911972,0.0136090458856199,1824,1824,0,0,0,0,0,0,0,0,0,,,,,10,0,0
BH032,42,0.4200007021427154,0.0145670825592122,1824,1824,0,0,0,0,0,0,0,0,0,,,,,17,0,0
BH032,43,0.4300008118152618,0.0156102279258219,1824,1824,0,0,0,0,0,0,0,0,0,,,,,16,0,0
BH032,44,0.4400002658367157,0.0166906098926845,1824,1824,0,0,0,0,0,0,0,0,0,,,,,21,0,0
BH032,45,0.4500011503696441,0.017781796830458,1824,1824,0,0,0,0,0,0,0,0,0,,,,,8,0,0
BH032,46,0.4600003659725189,0.0189281729411429,1824,1824,0,0,0,0,0,0,0,0,0,,,,,12,0,0
BH032,47,0.4700005352497101,0.0201345272101862,1824,1824,0,0,0,0,0,0,0,0,0,,,,,20,0,0
BH032,48,0.4800002872943878,0.0213925730820901,1824,1824,0,0,0,0,0,0,0,0,0,,,,,16,0,0
BH032,49,0.4900000393390655,0.0226739938202897,1824,1824,0,0,0,0,0,0,0,0,0,,,,,14,0,0
BH032,50,0.5000011324882507,0.0239955500551157,1824,1824,0,0,0,0,0,0,0,0,0,,,,,17,0,0
BH032,51,0.5100001692771912,0.0254358130792536,1824,1824,0,0,0,0,0,0,0,0,0,,,,,16,0,0
BH032,52,0.5200014114379883,0.0268654461268165,1824,1824,0,0,0,0,0,0,0,0,0,,,,,12,0,0
BH032,53,0.5300014019012451,0.0283303165536909,1824,1824,0,0,0,0,0,0,0,0,0,,,,,11,0,0
BH032,54,0.5400002598762512,0.0299142968453197,1824,1824,0,0,0,0,0,0,0,0,0,,,,,15,0,0
BH032,55,0.5500006675720215,0.0314856624516114,1824,1824,0,0,0,0,0,0,0,0,0,,,,,5,0,0
BH032,56,0.5600007176399231,0.0331381715878672,1824,1824,0,0,0,0,0,0,0,0,0,,,,,6,0,0
BH032,57,0.5700010061264038,0.034807944500197,1824,1824,0,0,0,0,0,0,0,0,0,,,,,4,0,0
BH032,58,0.580001175403595,0.0365971103756832,1824,1824,0,0,0,0,0,0,0,0,0,,,,,5,0,0
BH032,59,0.590001106262207,0.038399949261707,1824,1824,0,0,0,0,0,0,0,0,0,,,,,1,0,0
BH032,60,0.6000012755393982,0.0402430336423061,1824,1824,0,0,0,0,0,0,0,0,0,,,,,4,0,0
BH032,61,0.6100014448165894,0.0422066217448756,1824,1824,0,0,0,0,0,0,0,0,0,,,,,3,0,0
BH032,62,0.6200001239776611,0.0441757540041041,1824,1824,0,0,0,0,0,0,0,0,0,,,,,5,0,0
BH032,63,0.6300002932548523,0.046194124641131,1824,1824,0,0,0,0,0,0,0,0,0,,,,,0,0,0
BH032,64,0.6400004625320435,0.0482368961433459,1824,1824,0,0,0,0,0,0,0,0,0,,,,,1,0,0
BH032,65,0.6500006318092346,0.0503650606881482,1824,1824,0,0,0,0,0,0,0,0,0,,,,,1,0,0
BH032,66,0.6600008010864258,0.0526023667010388,1824,1824,0,0,0,0,0,0,0,0,0,,,,,0,0,0
BH032,67,0.6700009703636169,0.0548499343749948,1824,1824,0,0,0,0,0,0,0,0,0,,,,,0,0,0
BH032,68,0.6800011396408081,0.0571516100119179,1824,1824,0,0,0,0,0,0,0,0,0,,,,,0,0,0
BH032,69,0.6900013089179993,0.0595037691238824,1824,1824,0,0,0,0,0,0,0,0,0,,,,,1,0,0
BH032,70,0.699999988079071,0.0619285679905122,1824,1824,0,0,0,0,0,0,0,0,0,,,,,4,0,0
BH032,71,0.7100001573562622,0.0644184868988798,1824,1824,0,0,0,0,0,0,0,0,0,,,,,0,0,0
BH032,72,0.7200003266334534,0.0669499238242739,1824,1824,0,0,0,0,0,0,0,0,0,,,,,0,0,0
BH032,73,0.7300004959106445,0.0695442774057586,1824,1824,0,0,0,0,0,0,0,0,0,,,,,0,0,0
BH032,74,0.7400006651878357,0.0722135500640371,1824,1824,0,0,0,0,0,0,0,0,0,,,,,0,0,0
BH032,75,0.7500008344650269,0.0749421044453527,1824,1824,0,0,0,0,0,0,0,0,0,,,,,0,0,0
BH032,76,0.760001003742218,0.0777224682094641,1824,1824,0,0,0,0,0,0,0,0,0,,,,,0,0,0
BH032,77,0.7700011730194092,0.0805700676964747,1824,1824,0,0,0,0,0,0,0,0,0,,,,,0,0,0
BH032,78,0.7800013422966003,0.0834784871897777,1824,1824,0,0,0,0,0,0,0,0,0,,,,,0,0,0
BH032,79,0.7900000214576721,0.0864461060783915,1824,1824,0,0,0,0,0,0,0,0,0,,,,,0,0,0
BH032,80,0.8000001907348633,0.0894645444779807,1824,1824,0,0,0,0,0,0,0,0,0,,,,,0,0,0
BH032,81,0.8100003600120544,0.0925687385905334,1824,1824,0,0,0,0,0,0,0,0,0,,,,,0,0,0
BH032,82,0.8200005292892456,0.0956907501732978,1824,1824,0,0,0,0,0,0,0,0,0,,,,,0,0,0
BH032,83,0.8300006985664368,0.0989297827447724,1824,1824,0,0,0,0,0,0,0,0,0,,,,,0,0,0
BH032,84,0.8400008678436279,0.1021813224775532,1824,1824,0,0,0,0,0,0,0,0,0,,,,,0,0,0
BH032,85,0.8500010371208191,0.1055376172869245,1824,1824,0,0,0,0,0,0,0,0,0,,,,,0,0,0
BH032,86,0.8600012063980103,0.1089473620913933,1824,1824,0,0,0,0,0,0,0,0,0,,,,,0,0,0
BH032,87,0.8700013756752014,0.1124075430088244,1824,1824,0,0,0,0,0,0,0,0,0,,,,,0,0,0
BH032,88,0.8800000548362732,0.1159064111952736,1824,1824,0,0,0,0,0,0,0,0,0,,,,,0,0,0
BH032,89,0.8900002241134644,0.1195138819097265,1824,1824,0,0,0,0,0,0,0,0,0,,,,,0,0,0
BH032,90,0.9000003933906555,0.1231724760752705,1824,1824,0,0,0,0,0,0,0,0,0,,,,,0,0,0
BH032,91,0.9100005626678468,0.1269082495014405,1824,1824,0,0,0,0,0,0,0,0,0,,,,,0,0,0
BH032,92,0.9200007319450378,0.1306668600852393,1824,1824,0,0,0,0,0,0,0,0,0,,,,,0,0,0
BH032,93,0.930000901222229,0.1345337423993864,1824,1824,0,0,0,0,0,0,0,0,0,,,,,0,0,0
BH032,94,0.9400010704994202,0.1384326453927102,1824,1824,0,0,0,0,0,0,0,0,0,,,,,0,0,0
BH032,95,0.9500012397766112,0.142405338629365,1824,1824,0,0,0,0,0,0,0,0,0,,,,,0,0,0
BH032,96,0.9600014090538024,0.1464637265473829,1824,1824,0,0,0,0,0,0,0,0,0,,,,,0,0,0
BH032,97,0.9700000882148744,0.1505628774024313,1824,1824,0,0,0,0,0,0,0,0,0,,,,,0,0,0
BH032,98,0.9800002574920654,0.1547356178232285,1824,1824,0,0,0,0,0,0,0,0,0,,,,,0,0,0
BH032,99,0.9900004267692566,0.1589780763159982,1824,1824,0,0,0,0,0,0,0,0,0,,,,,0,0,0
BH032,100,1.0000005960464478,0.1632746164956347,1824,1824,0,0,0,0,0,0,0,0,0,,,,,0,0,0
BH032,101,1.0100009441375732,0.1674804395724671,1824,1824,0,0,0,0,0,0,0,0,0,,,,,0,0,0
BH032,102,1.0200012922286987,0.1717239737889124,1824,1824,0,0,0,0,0,0,0,0,0,,,,,0,0,0
BH032,103,1.03000009059906,0.1760547433118138,1824,1824,0,0,0,0,0,0,0,0,0,,,,,0,0,0
BH032,104,1.0400004386901855,0.1804386413915701,1824,1824,0,0,0,0,0,0,0,0,0,,,,,0,0,0
BH032,105,1.050000786781311,0.1848897938211736,1824,1824,0,0,0,0,0,0,0,0,0,,,,,0,0,0
BH032,106,1.0600011348724363,0.189415086915369,1824,1824,0,0,0,0,0,0,0,0,0,,,,,0,0,0
BH032,107,1.070001482963562,0.19397066647186,1824,1824,0,0,0,0,0,0,0,0,0,,,,,0,0,0
BH032,108,1.0800002813339231,0.1986165213625741,1824,1824,0,0,0,0,0,0,0,0,0,,,,,0,0,0
BH032,109,1.0900006294250488,0.2033019054912728,1824,1824,0,0,0,0,0,0,0,0,0,,,,,0,0,0
BH032,110,1.1000009775161743,0.2080737529684621,1824,1824,0,0,0,0,0,0,0,0,0,,,,,0,0,0
BH032,111,1.1100013256072998,0.2129081835393834,1824,1824,0,0,0,0,0,0,0,0,0,,,,,0,0,0
BH032,112,1.1200001239776611,0.2177663272760303,1824,1824,0,0,0,0,0,0,0,0,0,,,,,0,0,0
BH032,113,1.1300004720687866,0.2226996489068041,1824,1824,0,0,0,0,0,0,0,0,0,,,,,0,0,0
BH032,114,1.140000820159912,0.2277493344046171,1824,1824,0,0,0,0,0,0,0,0,0,,,,,0,0,0
BH032,115,1.1500011682510376,0.2327782259298955,1824,1824,0,0,0,0,0,0,0,0,0,,,,,0,0,0
BH032,116,1.159999966621399,0.2378992065869993,1824,1824,0,0,0,0,0,0,0,0,0,,,,,0,0,0
BH032,117,1.1700003147125244,0.2430485981576775,1824,1824,0,0,0,0,0,0,0,0,0,,,,,0,0,0
BH032,118,1.18000066280365,0.2482923030902549,1824,1824,0,0,0,0,0,0,0,0,0,,,,,0,0,0
BH032,119,1.1900010108947754,0.2535523729317561,1824,1824,0,0,0,0,0,0,0,0,0,,,,,0,0,0
BH032,120,1.2000013589859009,0.2589022640282859,1824,1824,0,0,0,0,0,0,0,0,0,,,,,0,0,0
BH032,121,1.2100001573562622,0.2642714720820283,1824,1824,0,0,0,0,0,0,0,0,0,,,,,0,0,0
BH032,122,1.2200005054473877,0.2696872877798637,1824,1824,0,0,0,0,0,0,0,0,0,,,,,0,0,0
BH032,123,1.2300008535385132,0.2751893478342386,1824,1824,0,0,0,0,0,0,0,0,0,,,,,0,0,0
BH032,124,1.240001201629639,0.2807203558290655,1824,1824,0,0,0,0,0,0,0,0,0,,,,,0,0,0
BH032,125,1.25,0.2862769454030996,1824,1824,0,0,0,0,0,0,0,0,0,,,,,0,0,0
BH032,126,1.2600003480911257,0.2918973338931909,1824,1824,0,0,0,0,0,0,0,0,0,,,,,0,0,0
BH032,127,1.270000696182251,0.2975642703537763,1824,1824,0,0,0,0,0,0,0,0,0,,,,,0,0,0
BH032,128,1.2800010442733765,0.3032415228681798,1824,1824,0,0,0,0,0,0,0,0,0,,,,,0,0,0
BH032,129,1.290001392364502,0.3090290609882108,1824,1824,0,0,0,0,0,0,0,0,0,,,,,0,0,0
BH032,130,1.3000001907348633,0.3148150816676634,1824,1824,0,0,0,0,0,0,0,0,0,,,,,0,0,0
BH032,131,1.3100005388259888,0.3206483339507881,1824,1824,0,0,0,0,0,0,0,0,0,,,,,0,0,0
BH032,132,1.3200008869171145,0.3265382829491072,1824,1824,0,0,0,0,0,0,0,0,0,,,,,0,0,0
BH032,133,1.3300012350082395,0.3325324886086938,1824,1824,0,0,0,0,0,0,0,0,0,,,,,0,0,0
BH032,134,1.340000033378601,0.3385298042818742,1824,1824,0,0,0,0,0,0,0,0,0,,,,,0,0,0
BH032,135,1.3500003814697266,0.3445964770937672,1824,1824,0,0,0,0,0,0,0,0,0,,,,,0,0,0
BH032,136,1.360000729560852,0.3507382621438071,1824,1824,0,0,0,0,0,0,0,0,0,,,,,0,0,0
BH032,137,1.3700010776519775,0.3569153160991524,1824,1824,0,0,0,0,0,0,0,0,0,,,,,0,0,0
BH032,138,1.380001425743103,0.3631640577517572,1824,1824,0,0,0,0,0,0,0,0,0,,,,,0,0,0
BH032,139,1.3900002241134644,0.3694513550965977,1824,1824,0,0,0,0,0,0,0,0,0,,,,,0,0,0
BH032,140,1.4000005722045898,0.3758250881846864,1824,1824,0,0,0,0,0,0,0,0,0,,,,,0,0,0
BH032,141,1.410000920295715,0.3823098830270104,1824,1824,0,0,0,0,0,0,0,0,0,,,,,0,0,0
BH032,142,1.4200012683868408,0.3888570806594569,1824,1824,0,0,0,0,0,0,0,0,0,,,,,0,0,0
BH032,143,1.430000066757202,0.3956173709141694,1824,1780,0,44,0,0,0,0,0,0,0,,,,,0,0,0
BH032,144,1.4400001764297483,0.4024329837638222,1824,1680,0,101,43,0,0,0,0,0,0,,,,,81,0,81
BH032,145,1.4500014781951904,0.4092132214823077,1824,1642,0,106,76,0,0,0,0,0,0,,,,,114,0,114
BH032,146,1.4600006341934204,0.4161858220828773,1824,1580,0,220,24,0,0,0,0,0,0,,,,,79,0,79
BH032,147,1.4700005054473877,0.4231990888593681,1824,1544,0,219,61,0,0,0,0,0,0,,,,,146,0,146
BH032,148,1.4800008535385132,0.4302345037273773,1824,1514,0,264,44,0,2,0,0,0,0,,,,,177,0,177
BH032,149,1.4900004863739014,0.4374565275295166,1824,1489,0,316,18,0,1,0,0,0,0,,,,,178,0,178
BH032,150,1.5000001192092896,0.4446977318611647,1824,1462,0,324,36,0,2,0,0,0,0,,,,,179,0,179
BH032,151,1.510001301765442,0.4519582273130414,1824,1448,0,362,10,0,4,0,0,0,0,,,,,168,0,168
BH032,152,1.520000457763672,0.45939692057253,1824,1444,0,376,2,0,2,0,0,0,0,,,,,198,0,198
BH032,153,1.530001163482666,0.4667232831391056,1824,1418,0,335,65,0,6,0,0,0,0,,,,,243,0,243
BH032,154,1.5400011539459229,0.4740037935913492,1824,1408,0,405,8,0,3,0,0,0,0,,,,,140,0,140
BH032,155,1.5500009059906006,0.4815508658166004,1824,1363,0,457,4,0,0,0,0,0,0,,,,,268,0,268
BH032,156,1.5600000619888306,0.4891437413747821,1824,1325,0,449,50,0,0,0,0,0,0,,,,,286,0,286
BH032,157,1.5700005292892456,0.4966022146071425,1824,1312,0,479,33,0,0,0,0,0,0,,,,,263,0,263
BH032,158,1.5800012350082395,0.5041024661806868,1824,1300,0,479,45,0,0,0,0,0,0,,,,,237,0,237
BH032,159,1.5900005102157593,0.5115769347088406,1824,1284,0,517,23,0,0,0,0,0,0,,,,,240,0,240
BH032,160,1.6000012159347534,0.5191981321315351,1824,1280,0,528,16,0,0,0,0,0,0,,,,,245,0,245
BH032,161,1.610000491142273,0.5269240275440087,1824,1277,0,530,14,0,3,0,0,0,0,,,,,244,0,244
BH032,162,1.620001196861267,0.5345274211077679,1824,1276,0,522,26,0,0,0,0,0,0,,,,,233,0,233
BH032,163,1.6300004720687866,0.5421555642911161,1824,1272,0,544,6,0,2,0,0,0,0,,,,,283,0,283
BH032,164,1.6400004625320437,0.5497929645476898,1824,1268,0,530,23,0,3,0,0,0,0,,,,,299,0,299
BH032,165,1.6500000953674316,0.5573962836072354,1824,1262,0,554,3,0,5,0,0,0,0,,,,,339,0,339
BH032,166,1.660001277923584,0.5652384613746348,1824,1262,0,540,20,0,2,0,0,0,0,,,,,204,0,194
BH032,167,1.6700005531311035,0.5730489440449287,1824,1260,0,561,1,0,2,0,0,0,0,,,,,285,0,269
BH032,168,1.6800012588500977,0.5810333524902742,1824,1259,0,562,1,0,2,0,0,0,0,,,,,324,0,308
BH032,169,1.6900005340576172,0.5890393198549596,1824,1258,0,564,0,0,2,0,0,0,0,,,,,313,0,309
BH032,170,1.700001239776611,0.5969297377910032,1824,1256,0,566,0,0,2,0,0,0,0,,,,,321,0,321
BH032,171,1.7100005149841309,0.6048225257093817,1824,1253,0,567,0,0,4,0,0,0,0,,,,,272,0,260
BH032,172,1.720001220703125,0.6128690521648117,1824,1249,0,555,14,0,6,0,0,0,0,,,,,215,0,215
BH032,173,1.7300004959106443,0.6209884329393015,1824,1248,0,572,0,0,4,0,0,0,0,,,,,168,0,160
BH032,174,1.740001201629639,0.6290992604345317,1824,1245,0,569,6,0,4,0,0,0,0,,,,,256,0,248
BH032,175,1.7500004768371582,0.6371856359537037,1824,1234,0,577,0,0,13,0,0,0,0,,,,,125,0,115
BH032,176,1.7600011825561523,0.6453606009699099,1824,1225,0,580,0,0,19,0,0,0,0,,,,,157,0,148
BH032,177,1.770000457763672,0.6534643315698612,1824,1213,0,582,0,0,29,0,0,0,0,,,,,319,0,318
BH032,178,1.780001163482666,0.6615779922995345,1824,1206,0,581,1,0,36,0,0,0,0,,,,,148,0,133
BH032,179,1.7900004386901855,0.6698274353540854,1824,1200,0,586,0,0,38,0,0,0,0,,,,,169,0,167
BH032,180,1.8000011444091797,0.6781166146895724,1824,1190,0,596,2,0,35,1,0,0,0,,,,,341,0,330
BH032,181,1.8100004196166992,0.6863532948025849,1824,1194,0,598,8,0,24,0,0,0,0,,,,,191,0,177
BH032,182,1.8200011253356931,0.6944553544628975,1824,1180,0,620,0,0,24,0,0,0,0,,,,,229,0,211
BH032,183,1.830000400543213,0.7026351434454221,1824,1181,0,623,0,0,20,0,0,0,0,,,,,313,0,301
BH032,184,1.840001106262207,0.7110894380898083,1824,1181,0,634,0,0,7,2,0,0,0,,,,,173,0,173
BH032,185,1.8500003814697263,0.7196348011973916,1824,1169,0,635,8,0,11,1,0,0,0,,,,,208,0,184
BH032,186,1.8600010871887207,0.7280325387239789,1824,1161,0,617,36,0,10,0,0,0,0,,,,,192,0,187
BH032,187,1.87000036239624,0.7362638436283223,1824,1154,0,658,0,0,12,0,0,0,0,,,,,162,0,145
BH032,188,1.8800010681152344,0.7443970560296269,1824,1150,0,657,4,0,10,3,0,0,0,,,,,159,0,154
BH032,189,1.890000343322754,0.7526488877481339,1824,1146,0,644,20,0,14,0,0,0,0,,,,,336,0,320
BH032,190,1.900001049041748,0.7612798355125185,1824,1141,0,668,0,0,15,0,0,0,0,,,,,146,0,144
BH032,191,1.910000324249268,0.7697918754010128,1824,1135,0,667,7,0,15,0,0,0,0,,,,,251,0,244
BH032,192,1.9200010299682615,0.7781825446856446,1824,1127,0,678,0,0,19,0,0,0,0,,,,,170,0,157
BH032,193,1.9300003051757808,0.7864520295210026,1824,1124,0,684,0,0,16,0,0,0,0,,,,,219,0,200
BH032,194,1.9400010108947756,0.7947089427775541,1824,1121,0,691,0,0,12,0,0,0,0,,,,,119,0,119
BH032,195,1.950000286102295,0.8033602013703433,1824,1110,0,694,2,0,18,0,0,0,0,,,,,166,0,164
BH032,196,1.960000991821289,0.8118409782438618,1824,1098,0,688,10,0,28,0,0,0,0,,,,,186,0,163
BH032,197,1.9700002670288088,0.819900008170235,1824,1090,0,698,4,0,31,1,0,0,0,,,,,158,0,145
BH032,198,1.9800009727478027,0.8280343196168332,1824,1076,0,712,5,0,27,4,0,0,0,,,,,237,0,225
BH032,199,1.9900002479553225,0.8359044359423154,1824,1060,0,715,10,0,39,0,0,0,0,,,,,230,0,217
BH032,200,2.0000009536743164,0.8436127000684883,1824,1032,0,732,4,0,52,0,4,0,0,,,,,245,0,214
BH032,201,2.010000228881836,0.8510478017763553,1824,1009,0,734,4,2,71,0,4,0,0,,,,,165,0,138
BH032,202,2.02000093460083,0.85671263587787,1824,949,0,732,19,2,120,2,0,0,0,,,,,294,0,275
BH032,203,2.0300002098083496,0.8624170881551202,1824,869,0,767,18,2,145,8,15,4,4,5.132352581044275e-05,-9.291228819713332e-05,8.528658854488611e-05,0.00017959997780782452,301,9,250
BH032,204,2.040000915527344,0.8699040784037846,1824,819,0,789,19,5,159,20,13,8,8,-6.827275485543627e-05,-0.001407167094738615,5.208606377306023e-05,0.0002474418236355181,168,7,118
BH032,205,2.0500001907348637,0.874477111768332,1824,786,0,853,21,5,102,53,4,4,4,-0.000237934986212,-0.000330641621200675,-7.955450924825529e-08,0.0002923709651415717,383,4,239
BH032,206,2.0600008964538574,0.8796618221153213,1824,760,0,890,18,3,111,19,23,13,13,-1.597047235168958e-05,-0.0014343731743952399,0.00011675548430119998,0.00016253292866502545,241,15,206
BH032,207,2.070000171661377,0.8871720676332661,1824,720,0,941,21,6,130,2,4,0,0,,,,,236,2,210
BH032,208,2.080000877380371,0.8930996750714061,1824,640,0,951,47,8,169,9,0,0,0,,,,,326,0,297
BH032,209,2.09000015258789,0.8993259142347114,1824,606,0,1026,5,0,158,24,5,2,2,-2.8169228736274476e-05,-5.004829719323922e-05,-6.290160279309733e-06,0.00010274953875677486,250,5,214
BH032,210,2.1000008583068848,0.9056874419522328,1824,555,0,1026,13,7,194,16,13,12,12,-2.4304973916589034e-05,-0.000168377356608395,7.970336171448933e-05,6.323152598328158e-05,406,12,351
BH032,211,2.1100001335144043,0.9118333169011316,1824,537,0,1053,32,7,161,20,14,8,8,2.399673857017559e-05,-6.70362434779137e-05,7.250046046796687e-05,6.010129180310731e-05,299,11,249
BH032,212,2.1200008392333984,0.9171650677777926,1824,460,0,1130,7,0,175,31,21,12,12,-5.595098990285319e-06,-4.390598058381379e-05,4.934849009595731e-05,3.027929542751455e-05,330,16,272
BH032,213,2.130000114440918,0.923224726446359,1824,433,0,1157,11,14,183,13,13,2,2,-6.361114214814556e-06,-2.554341457724485e-05,1.2821186147615735e-05,6.61776361284952e-05,444,9,395
BH032,214,2.140000820159912,0.9282381115892268,1824,424,0,1152,52,11,157,12,16,4,4,8.08004330041736e-05,-0.00043343471225663796,0.00018767716154279997,0.00017012038862402633,484,14,438
BH032,215,2.150000095367432,0.9326515320021344,1824,375,0,1167,68,29,146,20,19,4,4,-0.0002262192211880174,-0.00059391398562554,0.00035569177698541464,0.000647473026056422,519,16,463
BH032,216,2.160000801086426,0.93623683976486,1824,299,1,1201,86,32,125,48,32,25,20,-5.792786150649043e-06,-0.0008216691946400799,0.0005748463458185853,0.00019112626707615542,524,21,427
BH032,217,2.1700000762939453,0.9349501462047892,1824,248,0,1196,103,4,132,32,109,94,92,-7.394620995193613e-06,-0.00030356015338447,0.000206641867034975,8.242389419944709e-05,727,105,578
BH032,218,2.1800007820129395,0.9361911662756114,1824,236,0,1176,79,45,132,13,143,130,130,-2.048535831300491e-06,-0.00060662955785416,0.00018172193503478493,5.266332893122009e-05,732,129,537
BH032,219,2.190000057220459,0.9339128807579702,1824,184,1,1256,79,58,149,14,83,59,59,-9.58243216553356e-07,-3.831637117785788e-05,5.142297938143672e-05,6.609614732382447e-06,690,75,556
BH032,220,2.200000762939453,0.9315094353422024,1824,192,2,1186,80,61,102,31,170,153,151,9.291059321903107e-08,-0.0001225417809964,8.383979162107646e-05,2.8859073517304494e-05,742,112,526
BH032,221,2.2100000381469727,0.9291291063031646,1824,144,0,1191,103,58,86,24,218,195,195,-4.819275563061609e-07,-0.00011673313443730995,8.527023427840057e-05,2.7287629282649374e-05,815,154,602
BH032,222,2.220000743865967,0.930355435505378,1824,127,0,1276,53,184,89,2,93,75,75,4.834817829091342e-06,-9.128124414151225e-05,0.00021161388749359994,3.963729345836017e-05,541,84,391
BH032,223,2.2300000190734863,0.934560796600502,1824,106,0,1285,58,128,69,18,160,137,137,-5.193725327590215e-07,-4.359797561712675e-05,7.02808721625425e-05,1.5734747066819372e-05,653,92,510
BH032,224,2.2400007247924805,0.9371707789040437,1824,107,0,1270,61,151,56,14,165,139,139,-2.038285314309718e-06,-9.116193033527063e-05,7.864856854111737e-05,2.7278547572852873e-05,748,112,564
BH032,225,2.25,0.9393645981332588,1824,90,0,1299,41,182,54,3,155,136,135,5.716756805718148e-07,-9.312999120345556e-05,0.00011882114858119,2.8218032288313868e-05,612,96,463
BH032,226,2.260000705718994,0.9435644511128094,1824,79,0,1372,33,150,44,9,137,98,98,-5.238651885619561e-07,-0.000137986761138655,0.00010585561043022978,3.780533014894405e-05,658,87,503
BH032,227,2.2699999809265137,0.9483495130796114,1824,68,0,1405,18,183,35,10,105,92,92,1.5215877174901138e-06,-0.000184562573131445,0.00017708792295838513,4.0537286935487775e-05,487,79,355
BH032,228,2.280000686645508,0.9519157633784996,1824,56,0,1397,43,146,45,5,132,119,118,-4.89401057790495e-07,-7.45913626607697e-05,6.665964173953597e-05,2.388765636947362e-05,694,70,587
BH032,229,2.289999961853028,0.955796290004535,1824,61,0,1439,42,120,36,5,121,92,92,-1.7357284075592005e-06,-0.00013304814403008002,5.4515574610986006e-05,4.0721456424830404e-05,612,82,490
BH032,230,2.300000667572021,0.960049566488526,1824,62,0,1397,96,148,15,15,91,71,71,-1.616006868765396e-06,-0.00013387502102585,0.00010907654862617509,4.676526599237932e-05,585,53,481
BH032,231,2.309999942779541,0.963538405350277,1824,56,0,1460,39,135,30,2,102,77,77,-1.650134930919478e-07,-9.214441934321986e-05,0.0001756275444862801,4.70324025635067e-05,501,60,411
BH032,232,2.320000648498535,0.9666355939478942,1824,51,0,1462,41,137,24,6,103,83,83,-5.676764825102154e-06,-0.00023867595202272,0.0002187749680998199,7.521935990627981e-05,599,80,468
BH032,233,2.3299999237060547,0.9705059306127338,1824,50,0,1509,13,120,17,9,106,86,86,-1.0768462589405559e-06,-0.0001074009486957,9.877144351079853e-05,4.506311911591219e-05,545,62,450
BH032,234,2.340000629425049,0.9735212270503282,1824,42,0,1524,28,109,20,7,94,69,69,-3.0319344204166043e-06,-0.00028753139190173995,0.00028256888436361925,5.9467255107368584e-05,525,40,452
BH032,235,2.3499999046325684,0.9764529131567332,1824,42,0,1491,75,109,24,3,80,60,60,-8.114787782176336e-06,-0.000126784149160175,0.00011588774435281995,4.3566414906062655e-05,669,51,574
BH032,236,2.3600006103515625,0.9793340277911362,1824,43,0,1512,61,106,17,8,77,62,62,-2.371232044051652e-06,-0.000407684183635345,0.00018868312465822491,9.478831760655076e-05,590,51,505
BH032,237,2.369999885559082,0.981943668210536,1824,40,0,1562,19,110,14,14,65,48,48,-3.994296734810554e-06,-0.00020244795442862,0.0007015971309715096,8.34346911064388e-05,505,26,440
BH032,238,2.380000591278076,0.983333402394738,1824,40,0,1541,43,59,18,10,113,94,94,1.9083076174264413e-06,-0.00018163635730974,0.000279317793998905,0.00010507097069407274,744,69,652
BH032,239,2.3900012969970703,0.9838473188472812,1824,42,1,1443,45,124,24,6,139,95,88,4.382160199212226e-06,-0.00041172489303514,0.0006211774813748899,0.00031909404940905873,756,93,629
BH032,240,2.40000057220459,0.985247136580665,1824,43,0,1550,29,112,15,11,64,46,46,-1.7730452214981263e-05,-0.002719832675345175,0.000148740141610225,0.00016121427545690774,588,49,510
BH032,241,2.410001277923584,0.9883302192951894,1824,48,0,1577,33,100,15,5,46,39,39,-1.0514926603866216e-05,-0.00027071701452944,0.00015377743762004043,7.971980326622261e-05,491,26,443
BH032,242,2.4200005531311035,0.9913459520481824,1824,37,0,1602,34,69,13,9,60,46,45,-8.617334823490808e-06,-0.00053064470972028,0.0003675649992823397,0.00011176300876297752,426,31,379
BH032,243,2.4300012588500977,0.9931118051086862,1824,30,0,1619,33,92,13,9,28,20,20,5.5392610914306584e-05,-0.00030079040858695496,0.00016369981221330007,0.00019130343976162288,542,25,480
BH032,244,2.440000534057617,0.9951806162971906,1824,29,0,1624,30,67,16,4,54,50,50,-2.006638764151525e-06,-0.00020313048779356998,0.00031586952204169983,0.00011892522677464331,603,27,552
BH032,245,2.4500012397766118,0.997197040023479,1824,31,0,1639,16,65,10,10,53,41,41,1.264441804982308e-05,-0.0001660068987372,0.0002965517320328,9.923025399055855e-05,415,37,362
BH032,246,2.460000514984131,0.9986980399222046,1824,31,0,1656,10,79,15,2,31,24,24,-1.1806387792412387e-05,-0.00029413979410589,0.00011293241352390805,0.00010147608531237018,471,29,414
BH032,247,2.470001220703125,1.0,1824,32,0,1634,15,74,12,3,54,40,40,-2.6329128798296964e-06,-0.000254098508962975,0.00019905671773868945,5.4007733911897014e-05,498,35,452
BH032,248,2.4800004959106445,0.9988059975777462,1824,32,0,1605,42,43,2,12,88,68,58,-2.052695681542538e-06,-0.0009333310162236198,0.00012743195860081497,5.816021569896193e-05,809,50,735
BH032,249,2.4900012016296387,0.9898018241059172,1824,28,0,1031,159,43,2,14,547,522,514,-8.9099451704433e-06,-0.000725314765439395,0.0007149302187986245,0.0003149790334684633,1238,516,681
BH032,250,2.500000476837158,0.9824841093301376,1824,28,0,1113,31,161,1,15,475,435,425,1.0548209164018552e-05,-0.0007695988873769001,0.0008334294312260998,0.00042397487798153494,973,431,486
BH032,251,2.5100011825561523,0.9836846797228376,1824,42,0,1127,34,347,9,7,258,233,221,-5.784345060932949e-06,-0.0009215128539674,0.0006307979509044,0.000340009740886676,640,143,478
BH032,252,2.520000457763672,0.98881120941291,1824,30,0,1193,14,536,16,0,35,20,19,-2.991472606894696e-05,-0.00043345841450702,0.00030517679890650995,0.00026522037452641724,442,19,408
BH032,253,2.530001163482666,0.990836194188802,1824,39,0,1365,52,329,13,2,24,16,16,3.276450151884491e-05,-0.0001103088372291176,0.00019187559393085,0.00010751545829130431,547,12,524
BH032,254,2.540000438690185,0.9914466978547998,1824,32,0,1364,99,126,3,12,188,144,127,2.2267676472731424e-05,-0.0009802911168208099,0.0009650874309312993,0.00033597251973605213,736,107,610
BH032,255,2.55000114440918,0.9914454301431328,1824,34,1,1323,22,162,12,4,266,241,184,-3.816423824209991e-05,-0.00161648055168605,0.000925837689910295,0.0005697384580572415,663,151,482
BH032,256,2.560000419616699,0.9861306100710664,1824,26,1,1137,114,134,5,11,396,365,341,7.616347894701114e-06,-0.0012620969578203,0.0010818876760267,0.0006024798355246712,989,333,597
BH032,257,2.5700011253356934,0.9850242170236516,1824,32,1,1117,42,207,0,16,409,372,318,5.110774197292223e-06,-0.00100421499174364,0.001326612186312765,0.0004999827142936073,785,295,435
BH032,258,2.580000400543213,0.986582049774118,1824,28,2,1186,32,417,12,4,143,108,100,6.2936557210790944e-06,-0.0008783044137995249,0.0006798780935554449,0.00038679427337913734,493,90,378
BH032,259,2.590001106262207,0.9861174892641064,1824,37,0,1203,69,371,13,3,128,94,70,-4.995690708775591e-06,-0.001098412197349725,0.0008353833969939699,0.0004678981789211685,572,72,457
BH032,260,2.6000003814697266,0.9863804243959196,1824,34,3,1183,94,212,4,13,281,233,152,-2.7897813083321843e-05,-0.0014418097923856348,0.0008914221370402984,0.0006014930527368223,793,146,592
BH032,261,2.6100010871887207,0.9875402348226302,1824,34,0,1265,80,363,12,4,66,37,26,3.3944227175175534e-05,-0.000777682008050475,0.000626115517662175,0.0004582068561353344,623,29,557
BH032,262,2.62000036239624,0.9872701850571686,1824,32,0,1354,38,234,12,4,150,107,73,5.674304123037821e-05,-0.00092030864142466,0.0015145121794140387,0.0006194053056885991,630,95,510
BH032,263,2.6300010681152344,0.983661567798749,1824,23,1,1288,16,65,1,16,414,383,346,6.795034397266697e-06,-0.0015773786507885749,0.001425535728399275,0.0006378552755912296,885,350,508
BH032,264,2.640000343322754,0.979847100436144,1824,15,1,1130,65,133,10,8,462,424,315,6.921716051233595e-05,-0.0014388100003683898,0.0014297677354539503,0.0007093808745814145,1056,371,648
BH032,265,2.650001049041748,0.9767196875841672,1824,21,0,1184,13,65,1,15,525,499,393,-1.8822248467387223e-05,-0.0012951481231709997,0.0012817046098708594,0.0005750151170505886,872,419,423
BH032,266,2.660000324249268,0.9725125909544112,1824,18,0,1171,31,46,2,14,542,506,431,8.21688532253173e-05,-0.00104004076247535,0.0012917733621728498,0.0005592229140267627,963,452,472
BH032,267,2.6700010299682617,0.9655317945915922,1824,15,0,1053,142,39,4,12,559,526,516,-1.6566477649804234e-05,-0.0010141305363831,0.000960801056098,0.0004481796520527893,1249,518,708
BH032,268,2.680000305175781,0.9539340718719336,1824,14,0,1090,86,30,0,16,588,548,548,-1.6278219489018753e-06,-0.00054787706714883,0.0005295616411165943,0.00025027653976722756,1207,560,622
BH032,269,2.6900010108947754,0.9373731426456428,1824,15,0,1043,117,18,1,14,616,568,567,1.2935487270215871e-05,-0.00036682261126018,0.00041381392288853937,0.00017501954201479066,1228,577,627
BH032,270,2.700000286102295,0.9132548479038288,1824,18,0,1025,112,23,0,16,630,590,590,-6.0437794436873915e-06,-0.00028875271674946997,0.00026337190382448475,0.00011810977289661482,1198,597,572
BH032,271,2.710000991821289,0.8783294522036981,1824,16,0,966,150,13,0,16,663,615,615,8.042740068714416e-06,-0.00016375194473713998,0.0001854070316187898,8.285400826564727e-05,1303,630,651
BH032,272,2.7200002670288086,0.8316460024864885,1824,16,0,928,139,16,0,16,709,667,667,3.878307501814504e-07,-0.00015328162094427,0.00014445613764069997,6.377599059190521e-05,1358,672,653
BH032,273,2.7300009727478027,0.7844870277035333,1824,28,0,869,145,23,0,16,743,703,703,-2.354946816884862e-06,-0.00014486627541139,0.00010844346278752001,5.806775629048924e-05,1249,708,498
BH032,274,2.7400002479553223,0.7493312637015522,1824,21,0,856,169,34,0,16,728,696,696,4.419087989704362e-06,-0.00017290410047405,0.00016002624587432498,7.386985610365003e-05,1389,685,655
BH032,275,2.7500009536743164,0.7284407064764656,1824,24,0,982,61,65,0,16,676,652,652,1.048199016950857e-05,-0.000253508160859095,0.0003025426311315948,0.00011780475031017727,1267,633,567
BH032,276,2.760000228881836,0.7189574828980707,1824,24,0,985,64,104,8,8,631,555,554,-2.3629498912547398e-05,-0.0005237152822708599,0.0005444533528266101,0.00024024727628885298,1213,598,542
BH032,277,2.77000093460083,0.7113640404363882,1824,20,0,1030,30,92,5,11,636,575,575,-9.67358521730688e-07,-0.0006573396790099799,0.0005966561758422494,0.0002702637220411319,1123,586,471
BH032,278,2.7800002098083496,0.6974575524193256,1824,16,0,1030,37,50,1,15,675,627,627,5.168796294308109e-06,-0.0003256751330604,0.0003231934567347599,0.00014484650802762872,1177,622,504
BH032,279,2.790000915527344,0.678853519979695,1824,17,0,971,102,63,0,16,655,598,598,-5.878741164866419e-06,-0.00021823279145159998,0.00023705999673169495,0.00010659848246299754,1331,609,661
BH032,280,2.8000001907348637,0.6650323672493479,1824,21,0,1009,73,60,0,16,645,584,584,4.509535046492985e-07,-0.000312332330722065,0.00027382746502538005,0.00013641616715000701,1287,597,625
BH032,281,2.8100008964538574,0.659869284686528,1824,21,0,1069,17,98,4,12,603,548,511,1.603463734656252e-05,-0.0008260670941383,0.00091867697840205,0.0003934535962057597,953,543,347
BH032,282,2.820000171661377,0.6593660683596286,1824,46,0,1051,4,319,5,11,388,304,149,-1.6779691178081535e-05,-0.00073882760290744,0.0007043862510623599,0.0004721776609021,460,125,312
BH032,283,2.830000877380371,0.6558015926691856,1824,18,0,1049,12,152,2,14,577,531,429,-4.538506810236598e-05,-0.00104894272537442,0.0008813359407515999,0.00046229587823843206,841,482,299
BH032,284,2.84000015258789,0.6494830083526435,1824,23,0,978,13,204,3,13,590,555,548,-2.1866296785688633e-05,-0.000583721250940045,0.0005270856841834349,0.0002959371752399021,901,541,286
BH032,285,2.8500008583068848,0.644822909125936,1824,24,0,1027,22,107,0,16,628,596,595,-4.259554384766773e-06,-0.0006644903391293899,0.0007543018164929792,0.00030717528584279087,954,558,328
BH032,286,2.8600001335144043,0.6423980033813838,1824,30,0,1052,28,187,5,11,511,453,308,1.7518286604567557e-05,-0.000894128281517535,0.0008446635683452789,0.00044433026154230625,827,368,399
BH032,287,2.8700008392333984,0.6400876771375387,1824,22,0,1041,30,175,4,12,540,488,361,-2.19954310869408e-05,-0.0008761395570209,0.0008914247382583,0.00044906135141920456,837,424,345
BH032,288,2.880000114440918,0.636540345315926,1824,23,0,1076,19,93,3,11,599,541,531,-1.8116552620295323e-05,-0.00089196783842855,0.0008561011415735499,0.0004033486905948482,974,550,372
BH032,289,2.890000820159912,0.6305787357283867,1824,16,0,1048,55,65,1,15,624,575,573,-2.8261325417222597e-05,-0.0006276058495771,0.0005776715546404601,0.0002784128778097397,1109,568,494
BH032,290,2.900000095367432,0.6244290168453922,1824,16,0,1092,15,69,1,15,616,563,560,5.371656652208845e-06,-0.0005725966222381601,0.0005478085718067338,0.000282993980677996,1067,569,448
BH032,291,2.910000801086426,0.6226852923479295,1824,29,0,1082,16,177,7,9,504,438,234,-7.458299708829053e-06,-0.000939432067454475,0.0007247490065463998,0.0005026088330004617,753,335,376
BH032,292,2.9200000762939453,0.620976465083541,1824,23,0,1105,1,116,1,15,563,524,293,-5.320673861053393e-06,-0.0008943436081385999,0.0008851319327570795,0.00043099232218811836,706,321,354
BH032,293,2.9300007820129395,0.6164702036994939,1824,23,0,1084,14,77,4,11,611,561,558,-4.139648760781434e-06,-0.00072740954319263,0.0008103465486741847,0.0003550898387230521,1001,562,389
BH032,294,2.940000057220459,0.610941118212374,1824,18,0,1093,13,83,2,14,601,543,538,2.762847158832571e-06,-0.000607095599049235,0.0006868623793541249,0.00029887818452989693,1019,532,423
BH032,295,2.950000762939453,0.6088377058432008,1824,17,1,1085,29,89,4,12,587,532,387,1.219602321800295e-05,-0.0008516374245863199,0.0008001061003483496,0.0004107412113200079,860,451,361
BH032,296,2.9600000381469727,0.6068897762879376,1824,33,0,1060,33,155,1,15,527,467,222,-1.193893418016678e-07,-0.00086803303202275,0.00076436249180426,0.0004927451085760526,659,311,303
BH032,297,2.970000743865967,0.6040729270248014,1824,23,0,1089,9,140,7,9,547,500,335,6.3073759377640926e-06,-0.00086945513773755,0.000940691549150501,0.0005098140377873606,827,412,343
BH032,298,2.9800000190734863,0.6009694763913732,1824,18,0,1059,33,92,1,15,606,564,533,7.128909956910512e-06,-0.00077003572092594,0.00084865418811754,0.0003903307536589587,960,519,394
BH032,299,2.9900007247924805,0.5972363332671251,1824,17,0,1097,8,111,1,15,575,527,517,-1.846285877760145e-05,-0.00076407043977482,0.0007442320709805799,0.000347710604652711,964,517,392
BH032,300,3.0,0.5940631510738695,1824,15,0,1080,28,112,3,13,573,530,451,-1.871243497753028e-05,-0.00089689248327735,0.0008563645984870001,0.0004248144740505175,923,488,394
BH032,301,3.010000705718994,0.5925639865718376,1824,30,0,1093,10,137,6,10,538,480,154,1.799501730304076e-05,-0.000790864306008385,0.0008676423786271699,0.0004947607042107367,512,212,265
BH032,302,3.0199999809265137,0.5907026279244346,1824,26,0,1060,49,87,4,12,586,536,325,5.791025659118709e-06,-0.0007797161197414,0.0009934474489836005,0.0004287162033390457,819,379,411
BH032,303,3.030000686645508,0.5866143562930148,1824,15,0,1089,26,87,0,16,591,564,541,1.7002469077653792e-05,-0.0009472512220778,0.0010062370579094,0.00044945673118139656,1033,532,443
BH032,304,3.039999961853028,0.5832742746344284,1824,14,0,1121,3,89,6,10,581,534,460,2.7024979664724835e-05,-0.0009314919746710799,0.0010923713915660241,0.00045743518155265015,860,516,313
BH032,305,3.050000667572021,0.5822641847278791,1824,25,0,1111,2,101,1,15,569,523,204,-6.1624357834411114e-06,-0.0008363725145791549,0.0007737897950878999,0.0003951372306871564,502,252,229
BH032,306,3.059999942779541,0.5806488378416752,1824,34,1,1112,2,138,7,8,522,468,152,-6.135473951263126e-05,-0.0010561338530880148,0.0008143604250858781,0.0005145046267781322,613,269,321
BH032,307,3.070000648498535,0.5768199166056395,1824,18,0,1040,33,94,2,14,623,574,536,9.453478289456196e-06,-0.000831058887306525,0.000766965710160025,0.00041822293358497636,997,551,401
BH032,308,3.0799999237060547,0.5720312770035968,1824,17,0,1012,43,55,3,13,681,658,653,1.902515435636687e-06,-0.00063292739953546,0.00069383450923454,0.00030270413497031747,1058,614,399
BH032,309,3.090000629425049,0.5691089710176571,1824,21,0,1037,11,131,0,16,608,562,511,-1.6012337516579933e-05,-0.0008570566536769001,0.0008186594417470001,0.0003972759779069214,856,504,307
BH032,310,3.0999999046325684,0.5682262654524548,1824,46,0,1019,46,383,14,2,314,264,133,3.867542849422812e-06,-0.0009745778104478199,0.0010204676390515796,0.0003856270581899221,563,151,368
BH032,311,3.1100006103515625,0.5661753453446837,1824,23,0,1064,8,95,2,14,618,576,397,4.979509643399105e-06,-0.00077143104813772,0.0007613505612828798,0.00038141337115207293,783,406,348
BH032,312,3.119999885559082,0.5645874775252527,1824,25,0,1082,11,152,4,12,538,500,304,-6.492081767173197e-07,-0.0009289267314981601,0.0010090808209426796,0.0005518865808766841,814,398,386
BH032,313,3.130000591278076,0.5614588738767351,1824,17,0,1049,29,131,2,14,582,551,409,1.98020690771461e-05,-0.0009790691013460999,0.0010701987189984997,0.0004266402441742746,930,471,418
BH032,314,3.1400012969970703,0.5593067390849272,1824,21,0,1099,1,106,4,12,581,529,432,3.1398446667108004e-06,-0.000795032425836395,0.0007114933982603898,0.0003733084700669422,874,474,350
BH032,315,3.15000057220459,0.5584080859159624,1824,42,0,1108,0,326,5,11,332,274,93,-1.549473332751461e-05,-0.00131623398405622,0.0007233716104255192,0.00041790362256164526,415,90,306
BH032,316,3.160001277923584,0.5567139097442966,1824,24,0,1111,0,153,8,8,520,466,160,2.3948850470079108e-05,-0.00084150653091625,0.001127472351330045,0.00047871623032770484,653,304,314
BH032,317,3.1700005531311035,0.5542480715762405,1824,15,1,1085,11,52,0,16,644,597,477,3.839955316164989e-06,-0.00099468004228036,0.0009983247861300197,0.0004542826583912328,973,545,393
BH032,318,3.1800012588500977,0.5520871157277626,1824,20,0,1118,5,95,8,8,570,535,359,3.2575013864111213e-07,-0.00112589288625816,0.0014440752967281897,0.0005247793874970887,910,490,388
BH032,319,3.190000534057617,0.5494912577011009,1824,18,0,1126,0,103,0,16,561,517,368,5.8805064229727755e-06,-0.000846097685239495,0.0008921162590710647,0.0004322726690280142,905,463,408
BH032,320,3.2000012397766118,0.5487599049684484,1824,40,1,1103,3,311,7,8,351,301,117,-6.379247027288315e-06,-0.0007341535984057599,0.0005733399385212195,0.0003843896893756764,470,142,311
BH032,321,3.210000514984131,0.548136289118102,1824,31,0,1126,0,190,4,10,463,423,92,-2.214527154664747e-05,-0.000720502170602175,0.0006125621174516001,0.0004640633470313827,441,155,267
BH032,322,3.220001220703125,0.5456005969414434,1824,18,2,1121,13,75,2,13,580,535,441,-8.041122331325923e-06,-0.0010416802754789,0.0009198038873474,0.00043902768356177504,895,496,356
BH032,323,3.2300004959106445,0.5433678446089869,1824,24,1,1100,26,118,3,13,539,488,281,-1.6672546399920662e-05,-0.000739534599107,0.0008498910142286,0.00047353628926514037,811,399,366
BH032,324,3.2400012016296387,0.5423021657137692,1824,24,0,1132,0,94,6,9,559,527,169,1.1706488619922515e-05,-0.0011586116904769,0.00181230869813554,0.0004782471390132058,649,313,309
BH032,325,3.2500009536743164,0.5411914047942838,1824,45,0,1122,4,180,1,9,463,416,126,-1.3372629251273693e-05,-0.0005959598381802,0.00121055522583185,0.00039311536107625915,393,103,279
BH032,326,3.260000705718994,0.5391949818363739,1824,21,0,1113,9,113,4,11,553,511,213,-1.3351537830885718e-05,-0.00115693402720278,0.0012886503719674986,0.0005210106159675716,703,329,333
BH032,327,3.2699999809265137,0.5371913507110737,1824,18,0,1096,44,63,2,13,588,547,464,2.1530437277483827e-06,-0.001026593101632255,0.0008577282563795249,0.0004698973290817876,845,496,303
BH032,328,3.2800004482269287,0.5358396641200878,1824,20,0,1128,10,145,3,13,505,469,154,4.068227658637902e-06,-0.00117618714441049,0.0012450916149138798,0.0005824170574658954,587,260,300
BH032,329,3.290000915527344,0.5341820230740876,1824,37,0,1098,38,168,8,7,468,418,138,4.472263713861668e-06,-0.00095797100977355,0.0007964546349005156,0.0005047276121355515,552,152,373
BH032,330,3.3000001907348637,0.5327547033490784,1824,19,1,1139,0,99,1,15,550,516,215,-2.1780688985728602e-07,-0.0013732374588299998,0.0012644114557617697,0.0004746460595955656,553,351,179
BH032,331,3.3100006580352783,0.5304899004297952,1824,20,0,1119,7,98,4,12,564,530,332,9.526890459299331e-06,-0.0012509022614823999,0.0012354698367116343,0.000525344523539925,810,459,309
BH032,332,3.319999933242798,0.5289929983859263,1824,16,1,1137,5,96,2,14,553,512,267,-1.304685278458173e-05,-0.0011264561939127,0.00102066758336313,0.0004889578813187881,829,439,347
BH032,333,3.330000400543213,0.5281173002873201,1824,35,0,1099,34,178,6,10,462,382,116,-1.6223012623384214e-05,-0.00095152779132555,0.0005517674010896249,0.0003852140179232351,388,124,245
BH032,334,3.340000867843628,0.5259194891269945,1824,22,0,1131,2,99,5,11,554,511,263,-4.334110457637763e-06,-0.0008706420691654699,0.0011844230883072797,0.0005412141185757377,933,400,498
BH032,335,3.3500001430511475,0.5237737555563342,1824,20,0,1139,0,76,1,15,573,540,288,2.012831745912269e-05,-0.001152034745995135,0.0012305050043634883,0.0005589213353927637,741,442,265
BH032,336,3.3600006103515625,0.5224569340099232,1824,19,0,1147,0,88,4,12,554,518,143,1.0447461435747483e-05,-0.00126530948276598,0.0012184711242627408,0.0006129290440260114,652,404,211
BH032,337,3.369999885559082,0.5212210361446049,1824,28,0,1136,0,122,6,10,522,501,157,-3.12997374987134e-05,-0.00144064807058132,0.0011418713711197994,0.0005042246487870888,654,309,312
BH032,338,3.380000352859497,0.5195809698716363,1824,24,0,1141,0,92,2,13,552,500,251,-7.575331673059793e-07,-0.00100352495962795,0.00083556942209405,0.0004056383386874829,765,358,371
BH032,339,3.390000820159912,0.5178816221177401,1824,28,0,1118,3,135,5,10,525,512,189,-2.907111497751913e-06,-0.0014634013986506,0.0017087256394242793,0.0004875125018694107,559,234,298
BH032,340,3.400000095367432,0.5165611880755128,1824,27,0,1116,0,127,2,13,539,507,123,3.223963512932748e-06,-0.0019811366587317997,0.0017522462295524194,0.0005355823925179327,584,252,303
BH032,341,3.4100005626678467,0.5154521850755285,1824,31,0,1124,2,134,4,12,517,473,177,-7.933749586186423e-06,-0.00119551961847006,0.0007885669838092798,0.0004098168735433218,535,210,303
BH032,342,3.4200010299682617,0.5138913703693636,1824,26,0,1117,23,80,5,11,562,519,243,2.129764666525258e-05,-0.0009414447713910199,0.0011116930559844094,0.0004653620320770547,775,398,355
BH032,343,3.430000305175781,0.5120331257420011,1824,21,0,1098,37,120,4,12,532,513,248,-2.695895427529127e-05,-0.00126263302921269,0.0010058355666869286,0.00046306766160077726,738,371,340
BH032,344,3.4400007724761963,0.5103248869210442,1824,31,0,1132,12,126,6,10,507,476,155,6.287499548784936e-07,-0.00075786525251445,0.0008098681772989296,0.00047503317393647794,638,225,386
BH032,345,3.450000047683716,0.5092781173540362,1824,32,0,1093,30,112,5,11,541,502,139,-1.1852462198369553e-05,-0.00177691530268491,0.0015490200789718498,0.0008749004237612938,514,220,265
BH032,346,3.460000514984131,0.5080753643394897,1824,22,0,1138,4,100,2,14,544,514,199,4.012967208977258e-06,-0.00099632229242486,0.0007229845514769197,0.00044298743186343,731,406,292
BH032,347,3.470000982284546,0.5067367347827231,1824,26,0,1135,0,116,5,11,531,501,176,1.8317372178222602e-05,-0.0010652382737322999,0.0017787668883116749,0.0004871827120069322,590,250,311
BH032,348,3.480000257492065,0.505394815716308,1824,27,0,1137,0,120,1,15,524,494,148,1.9143816435363004e-05,-0.0015641325341606248,0.0010619682630773303,0.0004642891532663399,451,184,242
BH032,349,3.4900007247924805,0.5041911261507915,1824,41,0,1077,49,135,8,8,506,454,162,3.9754775963296574e-05,-0.000986750488520695,0.00098742414546249,0.0005763907829158208,473,196,261
BH032,350,3.5,0.5029018631173556,1824,26,0,1134,9,110,4,12,529,478,160,6.36168755363542e-06,-0.00149145054762293,0.0008982057127665439,0.00046125047334890626,638,294,313
BH032,351,3.510000467300415,0.5017362620122796,1824,19,0,1095,2,134,3,13,558,531,166,-1.4697537596308763e-05,-0.0020451882670609,0.000719208602755975,0.0005058012726042714,584,285,261
BH032,352,3.52000093460083,0.5006157864809654,1824,26,1,1088,31,160,5,11,502,459,101,2.362158426971739e-06,-0.0007520723323111,0.0011880177735867,0.0005124255832200305,408,159,237
BH032,353,3.5300002098083496,0.4994588243954704,1824,27,0,1101,14,118,3,13,548,514,188,-2.2928941917910173e-05,-0.0009598669094877751,0.0014375029764440352,0.0005675726540695647,550,252,260
BH032,354,3.5400006771087646,0.4982715574840405,1824,27,0,1129,1,134,5,11,517,477,98,4.164053879229801e-05,-0.0012084252260565198,0.0009824516880554638,0.0006015484089595996,411,179,216
BH032,355,3.549999952316284,0.4969180057737757,1824,37,0,1133,2,89,1,13,549,510,163,2.711963622115121e-06,-0.0014776144589115502,0.0012401100245286905,0.0005208387377370802,659,341,289
BH032,356,3.560000419616699,0.4962346772338422,1824,37,0,1128,2,205,7,9,436,394,52,-1.3068787463543785e-05,-0.000660328189263105,0.0007410461080434739,0.0003079473670994688,316,52,254
BH032,357,3.5700008869171143,0.4951535407727976,1824,35,0,1121,0,117,3,12,536,493,153,3.110120779581393e-06,-0.0009112725203779,0.0009816249800344804,0.0005416212328252373,400,169,212
BH032,358,3.580000162124634,0.4939117133404407,1824,34,0,1123,3,133,5,11,515,491,124,-5.0569472060835174e-05,-0.00094945488493309,0.0010850015150782948,0.0005280602557827308,479,169,284
BH032,359,3.590000629425049,0.4928218995083119,1824,24,0,1129,5,106,3,12,545,499,147,-4.3428142340040665e-06,-0.00152710656761689,0.0015484227847093269,0.0006125682286637846,539,289,224
BH032,360,3.5999999046325684,0.4919279780710893,1824,44,0,1140,0,134,6,10,490,463,89,-5.88881770302585e-06,-0.0013302860204577399,0.0012027612797791993,0.00045101902031533225,335,113,209
BH032,361,3.610000371932984,0.4909072459400522,1824,29,0,1132,8,146,3,13,493,447,83,3.556564189632905e-05,-0.00070873960447371,0.0007506461823510477,0.0004946133168998076,455,127,311
BH032,362,3.6200008392333984,0.489868447356376,1824,17,0,1157,0,82,3,13,552,515,192,3.341716503568737e-05,-0.0018251271626661748,0.0019937179770963,0.000584297638027863,587,301,267
BH032,363,3.630000114440918,0.4887427043172695,1824,42,0,1120,0,211,5,8,438,380,90,-1.778275626174164e-05,-0.001129462420587015,0.000935799014439594,0.0004369968001309868,306,107,181
BH032,364,3.640000581741333,0.4879357476884089,1824,32,0,1135,1,128,2,14,512,476,116,-3.703463240445348e-05,-0.001116758229113375,0.000609347755861725,0.0005140241034994773,425,147,269
BH032,365,3.650001049041748,0.4871502106656476,1824,44,0,1140,1,158,5,6,470,446,133,2.2511624185428403e-05,-0.00067395369515598,0.0011238024889939796,0.0004597536539067349,318,102,198
BH032,366,3.660000324249268,0.4860427513322125,1824,28,0,1129,15,90,0,14,548,515,195,1.3813597272704923e-05,-0.0019933001897783696,0.0014376035605250096,0.0004831477750392064,642,282,332
BH032,367,3.6700007915496826,0.4850355997840617,1824,51,0,1125,1,186,7,6,448,384,111,2.9271729290347714e-05,-0.0008856891196684,0.0008974004642944,0.000460629644857987,382,118,247
BH032,368,3.680000066757202,0.4842411714366268,1824,31,0,1140,9,153,8,7,476,430,91,-1.758050182676385e-05,-0.0008354747037884001,0.00092092304855955,0.00042582042635478686,414,143,256
BH032,369,3.690000534057617,0.4834326540968872,1824,62,0,1127,1,161,8,8,457,414,94,-7.244063733868877e-07,-0.004845834847228069,0.003498833085120149,0.000620290847142282,382,98,275
BH032,370,3.700001001358032,0.482643989404432,1824,37,1,1132,0,133,1,15,505,464,133,7.839582037871828e-06,-0.00163850455854602,0.0008650921135908794,0.000558514586432228,392,183,196
BH032,371,3.710000276565552,0.4817387732820332,1824,33,0,1114,13,127,8,8,521,491,134,-2.3773849563646365e-05,-0.00181941256999688,0.0016617631165661236,0.0005638913370569523,458,138,304
BH032,372,3.720000743865967,0.48089836759304,1824,21,0,1134,0,185,7,9,468,427,61,4.199768093737788e-05,-0.000800729472598,0.0012391071596826,0.0006186532726888466,322,115,191
BH032,373,3.7300000190734863,0.4802349277810243,1824,59,0,1136,0,155,1,15,458,402,101,2.906621164466827e-05,-0.0003683338120532,0.0009353502139827,0.0003885614562045259,332,102,215
BH032,374,3.740000486373901,0.4793430627954326,1824,37,0,1139,2,150,6,9,481,436,126,-2.9215614064104223e-05,-0.0015296708029420999,0.00190871598712035,0.0005397326110963183,434,161,259
BH032,375,3.750000953674317,0.4783498081024586,1824,28,0,1140,24,115,2,11,504,456,103,-1.5300440171950314e-05,-0.0012579735286208401,0.000752118939018799,0.0004861787781432908,559,253,281
BH032,376,3.760000228881836,0.47762209623252,1824,40,0,1097,14,166,9,4,494,446,111,1.2182595380938466e-05,-0.00080590810810885,0.0011874737001685998,0.0004287704348822976,389,162,216
BH032,377,3.770000696182251,0.4767758840828368,1824,57,0,1125,3,192,5,11,431,366,43,1.7688527712111934e-05,-0.00328498604321626,0.003082214271204016,0.0005400558430348168,343,69,263
BH032,378,3.7799999713897705,0.4760426193348729,1824,46,0,1129,0,183,3,10,453,395,87,5.815414210963432e-06,-0.00173521767336795,0.00049215009787384,0.0004250738460363663,355,85,250
BH032,379,3.7900004386901855,0.4754950468715179,1824,38,0,1136,1,125,10,5,509,465,98,-6.909539779764717e-05,-0.0007866809925646799,0.0005165900951224236,0.00039619943710219447,379,146,223
BH032,380,3.8000009059906006,0.4746054039910519,1824,36,1,1114,31,143,2,12,485,440,126,5.9945229238467235e-05,-0.0009480434574364751,0.0007726879639646501,0.0005585788951040361,521,199,302
BH032,381,3.81000018119812,0.4738222350887527,1824,36,1,1114,17,191,6,10,449,413,95,-2.6094140516130796e-05,-0.00077677793523698,0.0005361003484901199,0.0005139731241555854,364,122,215
BH032,382,3.820000648498535,0.4732479518008002,1824,49,0,1140,5,241,10,2,377,311,35,2.5251954049676503e-05,-0.0017650070397418694,0.0006189126855591396,0.00048569043919503195,300,43,245
BH032,383,3.829999923706055,0.4723257029636822,1824,31,1,1141,3,87,5,11,545,498,145,4.124294810947671e-05,-0.0011118170145139,0.002043353169969976,0.0006375930054725886,585,219,358
BH032,384,3.8400003910064697,0.4711130731331066,1824,41,0,1125,0,127,7,8,516,476,96,3.256874422224998e-05,-0.0010112773598341248,0.001107405000520575,0.0005009812362261905,510,240,246
BH032,385,3.8500008583068848,0.4707257553670231,1824,49,0,1142,0,172,3,13,445,414,93,2.4969916249451e-05,-0.00068279606355522,0.0006692659633312,0.0005260610483358994,311,75,228
BH032,386,3.860000133514404,0.4702798898478003,1824,53,1,1113,4,270,8,8,367,314,54,-7.854450995492535e-06,-0.0008047564419262099,0.0010974858422258735,0.0004584352687106284,265,50,206
BH032,387,3.8700006008148193,0.4691735448958631,1824,60,0,1138,0,187,7,7,425,373,89,-2.767005828996361e-05,-0.00129023972724724,0.0009786410549811387,0.0005590736532166293,449,95,340
BH032,388,3.8800010681152335,0.468384073475211,1824,43,0,1134,1,127,0,16,503,447,93,-5.997328624829379e-07,-0.00065451977749182,0.0005890482372328999,0.00038071345884047617,505,123,354
BH032,389,3.890000343322754,0.468250785784578,1824,38,1,1139,0,170,12,4,460,436,75,-2.060282112692491e-06,-0.00062630312028564,0.0007621223032404798,0.0004995602100772335,323,105,205
BH032,390,3.900000810623169,0.4675825893232442,1824,55,0,1130,0,189,3,11,436,375,62,2.0244400412094965e-05,-0.00064741489158808,0.0009023735808399127,0.0004074951587326371,402,106,281
BH032,391,3.910000085830689,0.4670350182791012,1824,57,0,1127,0,297,10,5,328,264,66,-3.079189640764479e-05,-0.0023582983104171997,0.0016034039306692,0.0006442869307163249,376,64,301
BH032,392,3.920000553131104,0.4662340597184427,1824,41,1,1124,0,143,0,16,499,467,141,6.2810504735111294e-06,-0.0010090546458785,0.0012275810740945,0.0004891350790094332,440,140,279
BH032,393,3.930001020431519,0.4657452610737226,1824,47,0,1118,3,204,13,3,436,389,75,4.169797703146294e-05,-0.0033470631560604197,0.003006564773690688,0.0006767495428536376,347,118,213
BH032,394,3.940000295639038,0.4652113931870988,1824,35,0,1122,0,152,2,13,500,437,89,6.41813076407427e-06,-0.0007359797257003199,0.0006840537642140796,0.0004287506337294285,304,60,228
BH032,395,3.950000762939453,0.4647936845233115,1824,51,0,1133,0,324,10,5,301,232,48,-2.1176486747487204e-07,-0.00094235383777547,0.0029065915710740843,0.0007634692761376387,293,34,243
BH032,396,3.9600000381469727,0.4639844016118259,1824,33,1,1148,0,97,2,11,532,498,126,-1.8640465982433518e-06,-0.0005628939003897,0.00095170358495435,0.0004911764986540796,597,209,366
BH032,397,3.970000505447388,0.4631027323252125,1824,43,1,1100,0,132,1,14,533,505,119,-2.905049573276308e-05,-0.00235479300190298,0.00132431149052258,0.0006929174973267534,434,153,265
BH032,398,3.9800009727478023,0.4627113975053484,1824,50,0,1116,2,270,10,6,370,349,108,-5.596708591759647e-05,-0.00105445082884885,0.001045657502317365,0.0006005104962932327,318,84,223
BH032,399,3.990000247955322,0.4623423389785372,1824,45,0,1108,0,168,1,15,487,434,137,-2.374223097256767e-05,-0.00266243918068226,0.0015215498588166596,0.0006959238853113804,371,108,254
BH032,400,4.000000476837158,0.4618754664297379,1824,66,0,1104,2,256,12,4,380,356,95,5.876140520388873e-05,-0.0018717961367295,0.001579314568221409,0.0008908074092291234,274,69,194
BH032,401,4.010000705718994,0.4606503483767547,1824,29,0,1089,36,89,2,14,565,527,196,6.415970816192607e-05,-0.0011806816501007248,0.0012117046601819751,0.0006965685743381641,683,283,380
BH032,402,4.019999980926514,0.4601142899837988,1824,51,1,1121,0,142,6,10,493,474,118,9.141571689763595e-05,-0.001409013116660965,0.0015314836003670197,0.0008670114061522989,355,132,208
BH032,403,4.03000020980835,0.4596947270896243,1824,47,0,1120,1,271,6,8,371,325,64,2.360886099617155e-06,-0.001489257507326905,0.0035226711081236795,0.0016575246174518137,310,60,237
BH032,404,4.0400004386901855,0.4590076153352073,1824,43,1,1097,30,148,3,13,489,463,127,8.682383528779702e-05,-0.0015941342677578299,0.0037627362716780985,0.0007960001412496937,382,135,225
BH032,405,4.0500006675720215,0.4578362286730307,1824,48,0,1107,17,96,4,10,542,476,151,3.344785171077724e-05,-0.00125147262126585,0.0011508081087101,0.0006744011899551331,628,214,400
BH032,406,4.059999942779541,0.4575339454685869,1824,58,1,1052,44,186,14,2,467,448,128,9.296580457396342e-06,-0.002642160683211095,0.00215280482606035,0.0006864954455575074,399,140,243
BH032,407,4.070000171661377,0.4569944693527715,1824,51,0,1096,8,249,3,12,405,368,82,8.349821125996915e-05,-0.0031398382587933347,0.002480426947370026,0.0011415452971295576,353,58,279
BH032,408,4.080000400543213,0.4563960138662833,1824,29,0,1088,39,182,3,13,470,432,94,-2.1843044409886048e-05,-0.0029836815432984997,0.0016956736746616744,0.0007259257234083821,404,138,244
BH032,409,4.090000629425049,0.4557558156746173,1824,48,0,1100,16,218,7,9,426,393,66,2.4665277133517627e-06,-0.0009255598593271,0.001525984837726325,0.000443785301670018,372,80,268
BH032,410,4.099999904632568,0.45510378751137,1824,30,1,1072,37,190,8,8,478,426,76,-6.19911736108314e-05,-0.0017176786108514,0.00059774392004335,0.0005425917405798334,478,156,284
BH032,411,4.110000133514404,0.454648911952664,1824,72,0,1088,0,251,6,9,398,337,101,-3.472070407406491e-05,-0.0024587525266261,0.0012345717824298,0.0005912115187872365,262,48,205
BH032,412,4.12000036239624,0.4537829770481095,1824,35,0,1111,1,111,0,16,550,511,94,2.2182464339715047e-05,-0.0007015709130653949,0.0009374183686004746,0.00047541869378850594,507,178,299
BH032,413,4.130000591278076,0.453399624774938,1824,61,0,1071,48,308,12,4,320,244,43,-6.542272372533908e-05,-0.00097551303695084,0.00040057247007284,0.0006124894728453659,293,44,233
BH032,414,4.139999866485596,0.4529146425013144,1824,43,0,1117,8,148,0,16,492,448,146,-2.7938044014685914e-05,-0.0020657573456511003,0.0017838816934818249,0.0007142809472235172,404,114,278
BH032,415,4.150000095367432,0.4521004502529185,1824,36,1,1122,6,192,8,8,451,389,44,-2.2004895168237226e-06,-0.000557818556713255,0.0013511412531704958,0.000456287552634754,419,58,344
BH032,416,4.160000324249268,0.4517796538703995,1824,62,0,1037,39,253,16,0,417,362,70,0.0001420642063642,-0.0013364363147292148,0.0014180356220689046,0.0008303199133789811,266,90,155
BH032,417,4.170000553131104,0.4511656008669111,1824,53,1,1079,14,208,0,16,453,386,111,-1.330460118187382e-05,-0.0015938229144375,0.00086877294094375,0.0005662072981200115,288,75,190
BH032,418,4.179999828338623,0.4508864908674838,1824,55,0,1076,8,332,9,6,338,291,64,-4.957770761038205e-06,-0.0025768640052238247,0.0014422561389926722,0.0007411420895665473,245,44,186
BH032,419,4.190000057220459,0.4504119732738048,1824,59,0,1085,10,133,8,8,521,472,101,-2.0261825453005144e-06,-0.0020966247102705,0.0022534560472087,0.0008178689016305993,446,102,328
BH032,420,4.200000286102295,0.4497682571066939,1824,68,0,1056,36,232,7,7,418,358,49,-2.390668151353026e-05,-0.00077329999055264,0.0011129814492395593,0.000684556361863486,275,63,186
BH032,421,4.210000514984131,0.4492141740150347,1824,63,0,1097,4,161,6,8,485,440,81,-1.478552722566917e-05,-0.0017059457310313,0.0041883605123507,0.0010484447009450628,304,61,235
BH032,422,4.21999979019165,0.4488913814721228,1824,82,0,1064,2,337,5,10,324,268,55,-7.259620044619552e-05,-0.00176178298415554,0.0014735883044538483,0.0007469471922376017,262,35,212
BH032,423,4.230000019073486,0.4482907832994177,1824,60,0,1069,8,145,1,14,527,466,115,8.730304974435832e-05,-0.00199331865682446,0.0026872091054502296,0.000749394144310226,422,130,269
BH032,424,4.240000247955322,0.4480172759890667,1824,62,0,1056,0,398,14,2,292,210,58,6.0595981812849864e-05,-0.001457511079514395,0.0017459310366840788,0.0007666561863164515,199,40,141
BH032,425,4.250000476837158,0.4476398255085347,1824,45,0,1060,13,234,1,15,456,396,68,0.00011587735774725,-0.00102517937892258,0.0012774842403192497,0.000817538758212431,280,68,206
BH032,426,4.260000705718994,0.4472340277999057,1824,74,0,1041,28,226,9,6,440,383,82,7.673180305312055e-06,-0.0017733028027203251,0.0013984210160482102,0.0007659868342654541,282,69,196
BH032,427,4.269999980926514,0.4464220660442977,1824,45,0,1093,7,168,1,15,495,450,76,-8.330763461572577e-06,-0.001511478083217725,0.0015977591689602501,0.0006779514302641781,430,111,306
BH032,428,4.28000020980835,0.4460738663992855,1824,82,0,1075,1,315,15,1,335,286,40,-2.2196941028562733e-05,-0.0023411171023990447,0.0022252694322883065,0.000827669691635242,241,37,201
BH032,429,4.2900004386901855,0.4457321548305346,1824,71,0,1063,2,175,4,12,497,429,55,1.936076817943277e-05,-0.0012709615790903,0.0009923555001948299,0.0006003192640911537,360,75,270
BH032,430,4.3000006675720215,0.4452718602932137,1824,74,1,1074,4,304,4,12,351,304,49,2.2013503379825217e-05,-0.00449933575612704,0.0030750215356830585,0.000727869627448333,321,42,263
BH032,431,4.309999942779541,0.4447156314808386,1824,44,0,1089,2,171,6,4,508,448,57,-6.547649164079239e-05,-0.0030983843464854398,0.0032094310329706,0.0013641942656727173,337,67,265
BH032,432,4.320000171661377,0.4425089835520111,1824,43,0,1059,43,88,4,12,575,553,284,-2.867948863338743e-06,-0.001294869828553,0.0019682739794338795,0.0006140935179773195,838,358,439
BH032,433,4.330000400543213,0.4408782653837624,1824,36,1,1028,6,139,1,14,599,552,242,-1.0211829634343418e-05,-0.00207953023722538,0.001163392285983495,0.0005906241845364296,926,441,436
BH032,434,4.340000629425049,0.4409155318345669,1824,73,2,972,0,324,12,4,437,370,108,-3.0101244649305414e-05,-0.00424323386145717,0.0018171568983667938,0.0009360600329883251,383,94,251
BH032,435,4.349999904632568,0.4408510981853487,1824,57,2,971,3,541,9,7,234,191,90,-2.7548935819909914e-05,-0.00467340971923122,0.0034204006368462286,0.001433572861822005,291,33,233
BH032,436,4.360000133514404,0.4405654035880545,1824,55,2,1016,18,220,6,9,498,468,147,-2.84816234537022e-05,-0.0019883712794254494,0.0010740411210548397,0.0005929815090815286,409,117,262
BH032,437,4.37000036239624,0.4400920205705095,1824,60,0,1045,10,301,11,5,392,342,79,-7.306490591707515e-05,-0.00198941875853116,0.0009704504909887697,0.0007057837495002984,350,89,239
BH032,438,4.380000591278076,0.4395850630068596,1824,67,0,1059,3,226,1,15,453,418,113,-7.036334663568233e-05,-0.00193890740872312,0.0008872243308067771,0.0006623959734654833,432,93,316
BH032,439,4.389999866485596,0.4396389423678411,1824,56,1,1020,6,477,14,2,248,199,81,1.610890470038484e-05,-0.0028732311832562,0.0024526880967671,0.0008239800968215399,322,46,262
BH032,440,4.400000095367432,0.4385433861683665,1824,41,0,1064,13,138,4,12,552,502,125,-4.5876750215168016e-05,-0.00155584790749062,0.0011817577468156196,0.0006452683163366975,771,260,484
BH032,441,4.410000324249268,0.4381652011154812,1824,52,0,1004,29,275,6,8,450,407,147,6.895538881390717e-05,-0.00169143052151479,0.0012548867027930386,0.0005246188100337024,428,139,262
BH032,442,4.420000553131104,0.4379798034570907,1824,76,1,1004,27,369,12,4,331,251,75,4.386199923156475e-06,-0.00205834653928434,0.004523734662186896,0.0007216533469521998,384,47,316
BH032,443,4.429999828338623,0.4376911219038021,1824,56,0,1059,14,385,0,14,296,212,53,-7.586679752713543e-05,-0.00165647023640136,0.0016171736922300397,0.00048412528087083746,406,73,308
BH032,444,4.440000057220459,0.4373698591590481,1824,44,2,946,23,298,16,0,495,432,155,-1.5835157434418434e-05,-0.0014357563250593699,0.0013998468763357092,0.0005601360254256207,357,133,188
BH032,445,4.450000286102295,0.437148562108046,1824,59,2,971,35,425,7,9,316,244,88,4.528348345672617e-05,-0.0014908180090307498,0.003199838617573383,0.0008689922207615812,339,52,245
BH032,446,4.460000514984131,0.4369147031287713,1824,61,1,989,17,387,4,12,353,296,106,-1.3201450875466314e-05,-0.003153474341185275,0.0030253719648042,0.000788017168902077,443,74,328
BH032,447,4.46999979019165,0.4365609414134342,1824,75,1,978,50,269,5,8,438,371,92,-2.2985193454672093e-05,-0.002835662693679175,0.0011041786202448454,0.0007312733602612288,420,70,334
BH032,448,4.480000019073486,0.4358473447047279,1824,68,1,1077,10,179,6,10,473,417,74,-5.7128224754121604e-05,-0.0024373681561624346,0.0020676951198430058,0.0008053391663891199,427,92,312
BH032,449,4.490000247955322,0.4358215315533713,1824,67,1,1010,1,428,8,8,301,225,83,7.535405760372704e-06,-0.004855138044015799,0.0017478733428801098,0.0010649781286351636,271,39,206
BH032,450,4.500000476837158,0.4356388879393655,1824,73,1,1020,22,372,11,5,320,243,75,-1.4434120662931704e-05,-0.00252763440763596,0.0011456392413777396,0.0009037535269790302,386,53,306
BH032,451,4.510000705718994,0.4351907426493577,1824,62,0,1053,30,245,4,10,420,354,94,-2.1996395974221983e-05,-0.001681737829476685,0.00103665533785061,0.0006799074750977838,446,93,336
BH032,452,4.519999980926514,0.4349086548107337,1824,49,1,1039,38,233,7,9,448,396,101,-6.343714710332904e-05,-0.0024304372681198,0.001819928077315,0.00077084999961864,433,121,286
BH032,453,4.53000020980835,0.43469323904528,1824,59,0,1023,34,407,11,3,287,208,73,-5.4786346911139816e-05,-0.00126586945355952,0.007982830022315751,0.0007140838864695913,374,59,297
BH032,454,4.5400004386901855,0.4343876337455403,1824,91,0,1003,37,253,4,12,424,361,87,-4.94141505964496e-05,-0.0019150324146510402,0.0007336463039608705,0.0004775892708835324,378,111,224
BH032,455,4.5500006675720215,0.4340256884314497,1824,70,0,1023,32,294,8,8,389,334,83,-1.7713268152252937e-06,-0.0017102475363926898,0.002791908143057217,0.0005831265303673155,421,61,333
BH032,456,4.559999942779541,0.433479695787143,1824,71,1,1014,45,234,5,10,444,360,94,-2.7703219494079612e-05,-0.00289120389809999,0.0008251550221019847,0.000609372985649316,395,95,268
BH032,457,4.570000171661377,0.4335176500530248,1824,65,1,974,22,474,5,11,272,188,50,-3.108051942068979e-05,-0.0034913483057221347,0.002853778795468428,0.0019758835332680724,306,31,259
BH032,458,4.580000400543213,0.4333159814502223,1824,86,1,850,43,378,11,5,450,389,120,4.910107586075796e-07,-0.003494077234515265,0.0033642514095620496,0.0015248421958683998,286,78,182
BH032,459,4.590000629425049,0.4331116435490959,1824,65,0,917,32,383,1,15,411,337,103,2.396026165252252e-07,-0.00767450907426062,0.0030309807864695587,0.0010427994860298672,309,54,237
BH032,460,4.599999904632568,0.432977067466745,1824,98,0,872,42,482,10,1,319,248,62,0.00015820032973520002,-0.0032242871138584896,0.002648166698932892,0.0007214563912991056,265,50,200
BH032,461,4.610000133514404,0.4330235730002393,1824,93,1,895,16,418,1,14,386,312,86,-1.3212654756622477e-05,-0.00865021561186965,0.0028102076270149997,0.0010131168438537608,252,60,167
BH032,462,4.62000036239624,0.4326611196656676,1824,111,1,926,40,357,15,0,374,262,66,0.0001168519625386,-0.002386223230645725,0.00539668111461565,0.0010858530986958088,316,67,215
BH032,463,4.630000591278076,0.4324036101639177,1824,77,2,919,30,373,1,14,408,305,77,8.583896456049178e-05,-0.0020770917623089595,0.004584815837187261,0.0009513086499928739,284,40,228
BH032,464,4.639999866485596,0.432296013769604,1824,79,1,952,37,384,6,9,356,245,86,-8.213966362069502e-05,-0.004332218139615224,0.003246614517361025,0.0010904037701371366,318,41,244
BH032,465,4.650000095367432,0.4322196945755351,1824,84,1,919,37,387,11,5,380,299,71,-9.496886883431088e-05,-0.008496303338848151,0.0024168344512984,0.0009841031507811344,306,49,229
BH032,466,4.660000324249268,0.431970333533436,1824,101,0,867,38,395,6,10,407,325,96,-4.960782160001731e-05,-0.002665852660809075,0.002493140056701825,0.0007713754996535528,310,88,204
BH032,467,4.670000553131104,0.4317695860913512,1824,105,1,898,29,398,8,8,377,305,66,-5.875767377061525e-05,-0.0040054383567545,0.004943276973383825,0.0011888628297044117,277,45,210
BH032,468,4.679999828338623,0.4313671743577626,1824,93,0,968,36,257,2,12,456,382,85,2.530150747281912e-05,-0.0013163182310427,0.002828594972176399,0.0008002029093391365,400,78,306
BH032,469,4.690000057220459,0.4312097837186979,1824,109,1,920,9,426,12,3,344,262,44,-8.09971012587507e-05,-0.017968157113720285,0.00959227074811247,0.0018304684176797643,269,49,207
BH032,470,4.700000286102295,0.4308033821112772,1824,109,1,872,39,309,3,12,479,379,77,-0.0001316429407873,-0.00262980469842278,0.0020100690316436813,0.0008819386286763584,280,61,197
BH032,471,4.710000514984131,0.4306876423646475,1824,111,1,937,17,410,8,6,334,253,62,6.595098959183421e-05,-0.000905891336610925,0.000752269968269809,0.0004949973580562106,273,31,230
BH032,472,4.71999979019165,0.4304766462340554,1824,115,0,903,31,285,6,9,475,380,76,2.1862510253600753e-05,-0.0035230131850936004,0.0030667433694663,0.0010529581907515512,281,47,218
BH032,473,4.730000019073486,0.4299745822852734,1824,126,5,929,0,378,6,10,370,302,49,0.0001335753626301,-0.0006061279335124199,0.00245060767371323,0.0007756908875968557,227,36,171
BH032,474,4.740000247955322,0.4298113577355815,1824,123,1,959,5,266,6,9,455,348,59,-6.316414277884874e-05,-0.0021542508159349896,0.0028005223580268405,0.0011841436323977315,348,46,282
BH032,475,4.750000476837158,0.42959138245544,1824,112,7,848,40,470,4,10,333,238,57,-6.654054945465226e-05,-0.00299224076528346,0.0027374246292902198,0.0011994424715846184,229,46,162
BH032,476,4.760000705718994,0.4293372121905009,1824,101,1,901,25,265,6,9,516,438,74,5.924823552605485e-06,-0.0021133211814420997,0.0025955466830007413,0.0008378280698548972,370,63,275
BH032,477,4.769999980926514,0.4289607538675749,1824,101,0,888,8,361,5,5,456,399,69,2.3635349740369627e-05,-0.00442615815743272,0.002985525174078553,0.0011078036057233826,269,32,211
BH032,478,4.78000020980835,0.4287270194853944,1824,90,2,866,36,336,5,10,479,381,88,-1.6098223747706975e-05,-0.002778221097372915,0.0014872514523394341,0.0007567361599148249,330,57,254
BH032,479,4.7900004386901855,0.4283273843241445,1824,107,1,905,34,409,7,4,357,288,70,-0.0001154937237507,-0.00274638087657578,0.002741264433763249,0.0008826164911461609,337,48,274
BH032,480,4.8000006675720215,0.428152413417701,1824,111,2,908,0,345,3,11,444,380,61,-4.6794317544396336e-05,-0.0016790957535612,0.0024886751684312,0.0008182858231748014,215,32,150
BH032,481,4.809999942779541,0.4278583928959894,1824,121,3,831,38,360,8,6,457,357,56,0.0001826215039308,-0.003911343003531775,0.009202690630244651,0.0015235533462145314,223,43,161
BH032,482,4.820000171661377,0.4274707558698505,1824,107,2,932,4,319,12,2,446,365,61,-0.0002936257676295,-0.0221771004361051,0.0149608698944465,0.0017741294989810335,401,41,334
BH032,483,4.830000400543213,0.4273955086796898,1824,124,2,814,27,447,0,15,395,311,60,-5.9035462849466036e-05,-0.006036179706511996,0.00823836072832735,0.001279410820095763,280,56,208
BH032,484,4.840000629425049,0.4272535561507747,1824,119,2,859,2,361,9,6,466,381,54,7.884536410596166e-06,-0.0055251634584727715,0.014842309483244857,0.0008546014618652702,341,43,262
BH032,485,4.849999904632568,0.4268824303601968,1824,122,2,903,2,396,5,11,383,255,68,2.1301055645239764e-05,-0.003901578671487045,0.003964768598507319,0.001107497697465926,226,20,196
BH032,486,4.860000133514404,0.4267129975075864,1824,112,3,869,5,414,11,5,405,339,64,5.1367204789321e-05,-0.00068831130928616,0.004085849372045038,0.0006575904265273278,282,38,215
BH032,487,4.87000036239624,0.426548318755572,1824,131,3,813,5,442,3,12,415,307,80,1.5530757530246575e-05,-0.010942680473248935,0.011005812749487325,0.0020785821953056447,240,43,188
BH032,488,4.880000591278076,0.4264102160780635,1824,125,6,796,1,379,14,1,502,452,97,0.0002873054032171,-0.007771517139810739,0.021364215015045714,0.0018334223990463573,281,49,207
BH032,489,4.889999866485596,0.4262494151659579,1824,144,5,846,2,432,5,10,380,269,90,0.00016363394247795,-0.004934146366137055,0.03581920959420782,0.0018744021723683273,280,40,221
BH032,490,4.900000095367432,0.425984724870273,1824,165,6,783,1,398,3,11,457,362,81,-2.153080481237524e-05,-0.0196260829225509,0.0059440580115579,0.002549515578961661,260,27,216
BH032,491,4.910000324249268,0.4258124780183305,1824,163,1,780,4,421,11,4,440,334,51,2.191424331310365e-05,-0.01848966223090645,0.0288279984331311,0.003992092382901165,231,27,172
BH032,492,4.920000553131104,0.4256918660622806,1824,115,3,767,0,462,4,10,463,364,77,6.581611667211273e-05,-0.01247050812516288,0.021587557623982165,0.0028256635243109215,277,45,195
BH032,493,4.929999828338623,0.4254259845548715,1824,164,4,735,1,491,12,4,413,334,82,0.00019826351994065,-0.030647299276160733,0.009395743308980912,0.0027543349478663707,239,40,181
BH032,494,4.940000057220459,0.42519944607335,1824,151,3,760,0,371,4,11,524,448,76,-3.1916949478683065e-05,-0.028524798385658873,0.010967566981246275,0.0022434195424112157,265,33,196
BH032,495,4.950000286102295,0.424936173090322,1824,188,2,798,1,415,11,4,405,318,70,9.659473336168109e-05,-0.00279135838961056,0.00966917996523804,0.001139986567171001,240,31,194
BH032,496,4.960000514984131,0.4248717897300562,1824,164,3,712,0,438,2,12,493,413,89,5.957921751453821e-05,-0.020336392615915275,0.031366359868000855,0.001131316942389811,295,51,212
BH032,497,4.96999979019165,0.4246856601168503,1824,147,6,750,2,431,5,11,472,346,72,-0.00010909784347408759,-0.032842165938516445,0.014908877202948357,0.0031465804279551314,287,53,204
BH032,498,4.980000019073486,0.4246701612684778,1824,133,2,767,4,472,9,6,431,328,97,1.5554407073681276e-05,-0.0061907421782348,0.0028518450682184383,0.0011864799191831973,326,47,237
BH032,499,4.990000247955322,0.4243269878489827,1824,141,4,695,0,469,7,8,500,388,83,1.5930010637932313e-05,-0.00715888530895664,0.02355302080128975,0.0035496703844783237,198,39,138
BH032,500,5.0,0.4242707957344159,1824,146,4,707,2,480,3,11,471,375,77,-4.569553027500284e-05,-0.00828300520430936,0.006886995095112881,0.003227588643346258,222,43,152
