ID,Author,Year,Title,Journal,DOI,Structure,Main theory,Airy,Postbuckling,Ultimate-capacity closure,Likely Class,PDF status,Access source,License status,GitHub path,SHA256,Notes
"P0-01","Y. Fujita; T. Nomoto; O. Niho","1977","Ultimate strength of stiffened plates subjected to compression","Journal of the Society of Naval Architects of Japan","10.2534/jjasnaoe1968.1977.190","02_STEEL_PLATE_ANALYTICAL_ULS","Elastic large-deflection analysis plus plastic collapse mechanism","not established from metadata; formula audit pending","yes","plastic collapse/ultimate-strength intersection","B PRELIMINARY_ONLY","FULL_TEXT_ACQUIRED","https://www.jstage.jst.go.jp/article/jjasnaoe1968/1977/141/1977_141_190/_pdf/-char/en","COMMIT_ALLOWED","literature/02_STEEL_PLATE_ANALYTICAL_ULS/1977_Fujita_UltimateStrengthStiffenedPlatesCompression_JSAOE.pdf","996cefde5feec20b28cb7f307f9107d8d44292a158749240e1a6c1570acf1541","J-STAGE PDF opens and has 8 pages; first-page English title/authors verified. Japanese text extraction is imperfect because of legacy encoding."
"P0-02","Hidenori Isami","1994","A Prediction Method of Ultimate Strength for Stiffened Plates under Biaxial In-plane Forces","Structural Engineering / Earthquake Engineering, JSCE","","02_STEEL_PLATE_ANALYTICAL_ULS","Modified Airy/postbuckling relation with failure-mechanism intersection","yes","yes","Cubic-polynomial/failure-mechanism intersection","B PRELIMINARY_ONLY","FULL_TEXT_ACQUIRED","https://www.jstage.jst.go.jp/article/jscej1984/1994/489/1994_489_49/_pdf","COMMIT_ALLOWED","literature/02_STEEL_PLATE_ANALYTICAL_ULS/1994_Isami_UltimateStrengthStiffenedPlatesBiaxial_JSCE.pdf","e9431e7ba714139679eaa68b0153175edc303b14855c644e3090477aa62d6ba8","J-STAGE PDF opens and has 9 pages; first page title, author and abstract verified. DOI was not displayed in the retrieved bibliographic record and is left blank pending Crossref/JSCE audit."
"P0-03","J.K. Paik; A.K. Thayamballi; B.J. Kim","2000","Ultimate Strength and Effective Width Formulations for Ship Plating Subject to Combined Axial Load, Edge Shear, and Lateral Pressure","Journal of Ship Research","10.5957/jsr.2000.44.4.247","02_STEEL_PLATE_ANALYTICAL_ULS","Large-deflection equilibrium/compatibility; effective-width and yielding closure","to audit","yes","Closed-form ultimate strength with empirical shear extension to audit","B PRELIMINARY_ONLY","FULL_TEXT_NOT_ACQUIRED","https://doi.org/10.5957/jsr.2000.44.4.247","LICENSE_RESTRICTED/NOT_ACQUIRED","","","Official DOI metadata and abstract located; no legally redistributable public PDF found."
"P0-04","J.K. Paik; A.K. Thayamballi; B.J. Kim","2001","Large deflection orthotropic plate approach to develop ultimate strength formulations for stiffened panels under combined biaxial compression/tension and lateral pressure","Thin-Walled Structures","10.1016/S0263-8231(00)00059-8","02_STEEL_PLATE_ANALYTICAL_ULS","Equivalent orthotropic plate, nonlinear large-deflection mechanics and yielding","to audit","yes","Closed-form ultimate-strength formulation","B PRELIMINARY_ONLY","FULL_TEXT_NOT_ACQUIRED","https://www.sciencedirect.com/science/article/pii/S0263823100000598","LICENSE_RESTRICTED/NOT_ACQUIRED","","","ScienceDirect official record and DOI verified; publisher page indicates access through organization/purchase and no public manuscript was located."
"P0-05","B.J. Kim; O.F. Hughes","2005","Analytical Solution for the Ultimate Strength of Metal-faced Elastomer-cored Sandwich Panels under In-plane Edge Compression and Lateral Pressure","Journal of Sandwich Structures & Materials","10.1177/1099636205051318","04_SANDWICH_COMPOSITE_PANEL","Geometrically nonlinear sandwich solution with face-stress/yield propagation","to audit","yes","Collapse-location criterion; FE provenance to audit","C PRELIMINARY_ONLY","FULL_TEXT_NOT_ACQUIRED","https://journals.sagepub.com/doi/10.1177/1099636205051318","LICENSE_RESTRICTED/NOT_ACQUIRED","","","Official SAGE record and DOI verified; no legally redistributable public PDF located."
"P0-06","P.S. Ferreira; F.B.E. Virtuoso","2014","Semi-analytical models for the post-buckling analysis and ultimate strength prediction of isotropic and orthotropic plates under uniaxial compression with the unloaded edges free from stresses","Thin-Walled Structures","10.1016/j.tws.2014.04.003","01_FOUNDATIONAL_POSTBUCKLING","Marguerre equations, analytical Airy stress function, imperfections and yield criterion","yes","yes","Semi-analytical ultimate-strength prediction","A PRELIMINARY_ONLY","FULL_TEXT_NOT_ACQUIRED","https://doi.org/10.1016/j.tws.2014.04.003","LICENSE_RESTRICTED/NOT_ACQUIRED","","","DOI and bibliographic record verified; public abstract/metadata only. Institution access may be required."
"P0-07","C. Mittelstedt; K.-U. Schröder","2010","Postbuckling of Compressively Loaded Imperfect Composite Plates: Closed-Form Approximate Solutions","International Journal of Structural Stability and Dynamics","10.1142/S0219455410003725","01_FOUNDATIONAL_POSTBUCKLING","Marguerre/Airy exact-compatibility closed-form postbuckling approximation","yes","yes","Closed-form postbuckling; ultimate-capacity comparator pending","A PRELIMINARY_ONLY","FULL_TEXT_NOT_ACQUIRED","https://publications.rwth-aachen.de/record/42134","LICENSE_RESTRICTED/NOT_ACQUIRED","","","RWTH Publications record and DOI verified; record did not expose an openly downloadable manuscript."
"P0-08","R. Vescovini; C. Bisagni","2012","Single-mode solution for post-buckling analysis of composite panels with elastic restraints loaded in compression","Composites Part B: Engineering","10.1016/j.compositesb.2011.08.029","01_FOUNDATIONAL_POSTBUCKLING","Marguerre/Airy single-mode Galerkin postbuckling with elastic restraints","yes","yes","Postbuckling solution; ultimate closure to audit","A PRELIMINARY_ONLY","FULL_TEXT_NOT_ACQUIRED","https://www.sciencedirect.com/science/article/pii/S1359835X11002780","LICENSE_RESTRICTED/NOT_ACQUIRED","","","DOI and official publisher record verified; no legally redistributable public PDF located."
"P0-09","L. Brubak; J. Hellesland","2007","Semi-analytical postbuckling and strength analysis of arbitrarily stiffened plates in local and global bending","Thin-Walled Structures","10.1016/j.tws.2007.04.011","07_SEMI_ANALYTICAL_INCREMENTAL_COMPARATORS","Semi-analytical mechanics with Rayleigh-Ritz/incremental equilibrium and strength criterion","to audit","yes","Incremental strength analysis","D PRELIMINARY_ONLY","FULL_TEXT_NOT_ACQUIRED","https://doi.org/10.1016/j.tws.2007.04.011","LICENSE_RESTRICTED/NOT_ACQUIRED","","","DOI and bibliographic metadata verified; no legally redistributable public PDF located."
"P0-10","M.M. Attard","1994","BUCKLING OF REINFORCED CONCRETE WALLS","UNICIV Report R-339, UNSW","","03_RC_WALL_PLATE","RC wall buckling, moment amplification and reinforcement/yield-moment capacity","no (not a plate Airy formulation)","buckling/amplification","N-M/reinforcement capacity","C PRELIMINARY_ONLY","FULL_TEXT_ACQUIRED","https://vm.civeng.unsw.edu.au/uniciv/R-339.pdf","COMMIT_ALLOWED","literature/03_RC_WALL_PLATE/1994_Attard_BucklingOfReinforcedConcreteWalls_UNICIV-R339.pdf","d59001991ddc450a0e112b01f2b3cdc1d0caddaa6bbb3da850b94d48f0ff6488","Official UNSW PDF opens and has 23 pages including cover; scan text extraction is sparse, so verification relied on official report title/date and page structure."
"P0-11","M.M. Attard; N.G. Minh; S.J. Foster","1996","Finite element analysis of out-of-plane buckling of reinforced concrete walls","Computers & Structures","10.1016/0045-7949(96)00179-4","03_RC_WALL_PLATE","Nonlinear FE buckling comparator for RC walls","no","yes","Tangent-stiffness determinant buckling load","D PRELIMINARY_ONLY","FULL_TEXT_NOT_ACQUIRED","https://www.sciencedirect.com/science/article/pii/0045794996001794","LICENSE_RESTRICTED/NOT_ACQUIRED","","","Official ScienceDirect issue listing and UNSW author publication list verify authors, volume, pages and DOI; no legally redistributable public PDF located. User-provided 'Nguyen' is corrected to official author N.G. Minh."
"P0-12","Jia-Bao Yan; Anzhen Chen; Huining Guan; Tao Wang","2020","Compressive behaviours of steel-UHPC-steel sandwich composite walls using novel EC connectors","Journal of Constructional Steel Research","10.1016/j.jcsr.2020.106244","06_STEEL_UHPC_COMPOSITE","Steel-UHPC-steel composite wall component/design-capacity study","no","to audit","Experimental/numerical ultimate compressive behaviour","E PRELIMINARY_ONLY","FULL_TEXT_NOT_ACQUIRED","https://www.sciencedirect.com/science/article/pii/S0143974X20307963","LICENSE_RESTRICTED/NOT_ACQUIRED","","","Official ScienceDirect record verifies title and DOI; author list includes Huining Guan in addition to the three names in the initial target list. No legally redistributable public PDF located."
